run_id,timestamp_utc,workload,item_id,repeat,provider,model,model_label,model_family,model_size,hardware_profile,hardware_label,input_tokens,output_tokens,total_tokens,request_wall_s,network_s,tokenization_s,inference_s,postprocess_s,decode_s,backend_overhead_s,total_latency_s,elapsed_s,cpu_energy_j,gpu_energy_j,total_energy_j,cpu_util_avg_pct,gpu_power_avg_w,gpu_power_peak_w,gpu_count,energy_source,api_cost_usd,energy_cost_usd,hardware_cost_usd,total_cost_usd,cost_per_1k_tokens_usd,energy_j_per_1k_tokens,parsed_label,is_correct,query,expected_doc_id,retrieved_ids,retrieved_expected,batch_size,vector_dim,active_device_energy_j,active_device_energy_j_per_1k_tokens
lightning_a100_qwen35,2026-05-11T09:45:47.512478+00:00,chat,chat_001,0,ollama_local,qwen3.5:0.8b,Qwen 3.5 0.8B,qwen3.5,0.8B,cpu,CPU / num_gpu=0,59,96,155,7.003047753000146,0.0026526900001462,0.177372244,6.823022819,1.9499998415994924e-06,4.146080782,2.676942037,7.003049702999988,7.0144683139999415,283.38852815320564,323.5246626123855,606.9131907655911,33.667142857142856,46.625571428571426,46.653,1,cpu:tdp_estimate_120w;gpu:nvml,0.0,3.0345659538279556e-05,0.0,3.0345659538279556e-05,0.000195778448634,3915.5689726812334,,,,,,,,,283.38852815320564,1828.3130848593912
lightning_a100_qwen35,2026-05-11T09:45:52.242120+00:00,chat,chat_002,0,ollama_local,qwen3.5:0.8b,Qwen 3.5 0.8B,qwen3.5,0.8B,cpu,CPU / num_gpu=0,52,96,148,4.715960859999996,0.0025216599999957,0.160201958,4.553237242,2.2900001113157487e-06,4.122110758,0.431126484,4.715963150000107,4.727008805999958,274.0739820649865,215.80039015394732,489.87437221893384,48.317021276595746,46.651978723404255,46.653,1,cpu:tdp_estimate_120w;gpu:nvml,0.0,2.449371861094669e-05,0.0,2.449371861094669e-05,0.0001654980987226,3309.9619744522556,,,,,,,,,274.0739820649865,1851.851230168828
lightning_a100_qwen35,2026-05-11T09:45:56.946941+00:00,chat,chat_003,0,ollama_local,qwen3.5:0.8b,Qwen 3.5 0.8B,qwen3.5,0.8B,cpu,CPU / num_gpu=0,54,96,150,4.692120965000186,0.0055684580001855,0.168295138,4.518257369,1.7509998997411458e-06,4.133988053,0.3842693159999992,4.692122716000085,4.7023158639999565,276.7122792343941,215.9586034554273,492.6708826898214,49.03829787234043,46.64891489361702,46.653,1,cpu:tdp_estimate_120w;gpu:nvml,0.0,2.4633544134491066e-05,0.0,2.4633544134491066e-05,0.0001642236275632,3284.472551265476,,,,,,,,,276.7122792343941,1844.748528229294
lightning_a100_qwen35,2026-05-11T09:46:01.649769+00:00,chat,chat_004,0,ollama_local,qwen3.5:0.8b,Qwen 3.5 0.8B,qwen3.5,0.8B,cpu,CPU / num_gpu=0,50,96,146,4.687774340000033,0.0023976170000326,0.153513409,4.531863314,2.029999905062141e-06,4.157324031,0.3745392829999998,4.687776369999938,4.700153010999884,276.66900681345277,215.72168723186928,492.3906940453221,49.0531914893617,46.61317021276596,46.653,1,cpu:tdp_estimate_120w;gpu:nvml,0.0,2.46195347022661e-05,0.0,2.46195347022661e-05,0.0001686269500155,3372.5390003104253,,,,,,,,,276.66900681345277,1894.993197352416
lightning_a100_qwen35,2026-05-11T09:46:06.445052+00:00,chat,chat_005,0,ollama_local,qwen3.5:0.8b,Qwen 3.5 0.8B,qwen3.5,0.8B,cpu,CPU / num_gpu=0,66,96,162,4.778275856999926,0.0025267999999263,0.244977443,4.530771614,1.8089999684889335e-06,4.137266074,0.3935055399999996,4.7782776659998945,4.7897709119999945,281.5187853527996,220.56763814957264,502.0864235023722,48.979166666666664,46.599999999999994,46.605,1,cpu:tdp_estimate_120w;gpu:nvml,0.0,2.510432117511861e-05,0.0,2.510432117511861e-05,0.0001549649455254,3099.2989105084707,,,,,,,,,281.5187853527996,1737.7702799555532
lightning_a100_qwen35,2026-05-11T09:46:11.187934+00:00,chat,chat_001,1,ollama_local,qwen3.5:0.8b,Qwen 3.5 0.8B,qwen3.5,0.8B,cpu,CPU / num_gpu=0,59,96,155,4.729537005000111,0.0024326380001111,0.170829617,4.55627475,2.009000127145555e-06,4.168675255,0.3875994949999999,4.729539014000238,4.740438019000067,279.40343404753156,215.76479327616704,495.1682273236986,49.11702127659574,46.605,46.605,1,cpu:tdp_estimate_120w;gpu:nvml,0.0,2.475841136618493e-05,0.0,2.475841136618493e-05,0.0001597316862334,3194.633724669023,,,,,,,,,279.40343404753156,1802.6028003066551
lightning_a100_qwen35,2026-05-11T09:46:16.016636+00:00,chat,chat_002,1,ollama_local,qwen3.5:0.8b,Qwen 3.5 0.8B,qwen3.5,0.8B,cpu,CPU / num_gpu=0,52,96,148,4.8148700009999175,0.0024811879999173,0.163850201,4.648538612,1.8000000636675395e-06,4.258024789,0.390513823,4.814871800999981,4.826229282999975,285.20601947888355,220.18264571780824,505.3886651966918,49.24583333333334,46.576,46.605,1,cpu:tdp_estimate_120w;gpu:nvml,0.0,2.526943325983459e-05,0.0,2.526943325983459e-05,0.0001707394139178,3414.788278356026,,,,,,,,,285.20601947888355,1927.0676991816456
lightning_a100_qwen35,2026-05-11T09:46:20.982975+00:00,chat,chat_003,1,ollama_local,qwen3.5:0.8b,Qwen 3.5 0.8B,qwen3.5,0.8B,cpu,CPU / num_gpu=0,54,96,150,4.952115612999933,0.0028973859999323,0.174263924,4.774954303,1.7410000054951524e-06,4.376416161,0.3985381420000005,4.952117353999938,4.963524155999949,291.50975909153937,229.5311425532581,521.0409016447975,48.942,46.58483999999999,46.605,1,cpu:tdp_estimate_120w;gpu:nvml,0.0,2.6052045082239873e-05,0.0,2.6052045082239873e-05,0.0001736803005482,3473.6060109653163,,,,,,,,,291.50975909153937,1943.3983939435957
lightning_a100_qwen35,2026-05-11T09:46:25.678599+00:00,chat,chat_004,1,ollama_local,qwen3.5:0.8b,Qwen 3.5 0.8B,qwen3.5,0.8B,cpu,CPU / num_gpu=0,50,96,146,4.682416633999992,0.0026179389999922,0.154723682,4.5250750129999995,2.008999899771879e-06,4.137663253,0.3874117599999991,4.682418642999892,4.693173104999914,275.97056114362476,215.6943792082884,491.6649403519132,49.00212765957447,46.59172340425531,46.605,1,cpu:tdp_estimate_120w;gpu:nvml,0.0,2.4583247017595657e-05,0.0,2.4583247017595657e-05,0.0001683784042301,3367.568084602145,,,,,,,,,275.97056114362476,1890.2093229015395
lightning_a100_qwen35,2026-05-11T09:46:30.473951+00:00,chat,chat_005,1,ollama_local,qwen3.5:0.8b,Qwen 3.5 0.8B,qwen3.5,0.8B,cpu,CPU / num_gpu=0,66,96,162,4.781974239999954,0.0026412029999542,0.236939427,4.5423936099999995,1.978999989660224e-06,4.145073103,0.3973205069999999,4.781976218999944,4.792851142000018,282.119200345976,220.2354100072467,502.3546103532227,49.052083333333336,46.613,46.701,1,cpu:tdp_estimate_120w;gpu:nvml,0.0,2.5117730517661137e-05,0.0,2.5117730517661137e-05,0.0001550477192448,3100.9543848964363,,,,,,,,,282.119200345976,1741.476545345531
lightning_a100_qwen35,2026-05-11T09:46:45.812135+00:00,chat,chat_001,0,ollama_local,qwen3.5:4b,Qwen 3.5 4B,qwen3.5,4B,cpu,CPU / num_gpu=0,59,96,155,15.324683314999902,0.0025810199999014,0.779948734,14.542153561,2.1500000002561137e-06,10.821270511,3.720883050000001,15.324685464999902,15.335647338999934,771.4011030897425,712.338614687195,1483.7397177769376,41.917647058823526,46.69137908496732,46.749,1,cpu:tdp_estimate_120w;gpu:nvml,0.0,7.418698588884688e-05,0.0,7.418698588884688e-05,0.0004786257154119,9572.514308238307,,,,,,,,,771.4011030897425,4976.781310256403
lightning_a100_qwen35,2026-05-11T09:46:57.758127+00:00,chat,chat_002,0,ollama_local,qwen3.5:4b,Qwen 3.5 4B,qwen3.5,4B,cpu,CPU / num_gpu=0,52,96,148,11.932657244000213,0.0026609910002104,0.690875294,11.239120959,1.9290000636829063e-06,10.854758239,0.3843627200000004,11.932659173000276,11.943444475999968,743.4523200594979,553.1954200299252,1296.6477400894232,51.87310924369748,46.69333613445378,46.701,1,cpu:tdp_estimate_120w;gpu:nvml,0.0,6.483238700447116e-05,0.0,6.483238700447116e-05,0.0004380566689491,8761.133378982588,,,,,,,,,743.4523200594979,5023.326486888499
lightning_a100_qwen35,2026-05-11T09:47:09.805075+00:00,chat,chat_003,0,ollama_local,qwen3.5:4b,Qwen 3.5 4B,qwen3.5,4B,cpu,CPU / num_gpu=0,54,96,150,12.030238202999954,0.0056491599999528,0.706835605,11.317753438,1.7099998785852222e-06,10.923342682,0.394410756000001,12.030239912999832,12.041319538000153,749.3433561692875,557.5917628405459,1306.9351190098334,51.85916666666667,46.6702,46.749,1,cpu:tdp_estimate_120w;gpu:nvml,0.0,6.534675595049167e-05,0.0,6.534675595049167e-05,0.0004356450396699,8712.900793398889,,,,,,,,,749.3433561692875,4995.6223744619165
lightning_a100_qwen35,2026-05-11T09:47:21.787195+00:00,chat,chat_004,0,ollama_local,qwen3.5:4b,Qwen 3.5 4B,qwen3.5,4B,cpu,CPU / num_gpu=0,50,96,146,11.969339189000038,0.0025234290000391,0.674510907,11.292304853,1.8190000901086023e-06,10.926316952,0.3659879009999986,11.969341008000129,11.97963611,746.58290201131,557.9172447011213,1304.5001467124312,51.93416666666667,46.6926,46.749,1,cpu:tdp_estimate_120w;gpu:nvml,0.0,6.522500733562156e-05,0.0,6.522500733562156e-05,0.0004467466255864,8934.93251172898,,,,,,,,,746.58290201131,5113.581520625411
lightning_a100_qwen35,2026-05-11T09:47:34.107748+00:00,chat,chat_005,0,ollama_local,qwen3.5:4b,Qwen 3.5 4B,qwen3.5,4B,cpu,CPU / num_gpu=0,66,96,162,12.305082984000135,0.002316685000137,0.9783056,11.324460699,2.2199999420990935e-06,10.950302972,0.374157727,12.30508520400008,12.31763429800003,768.8126554622927,572.1734106116916,1340.986066073984,52.0130081300813,46.691504065040654,46.749,1,cpu:tdp_estimate_120w;gpu:nvml,0.0,6.70493033036992e-05,0.0,6.70493033036992e-05,0.0004138845882944,8277.69176588879,,,,,,,,,768.8126554622927,4745.757132483289
lightning_a100_qwen35,2026-05-11T09:47:46.071092+00:00,chat,chat_001,1,ollama_local,qwen3.5:4b,Qwen 3.5 4B,qwen3.5,4B,cpu,CPU / num_gpu=0,59,96,155,11.948040256000011,0.0025046890000126,0.759694373,11.185841194,1.6799999684735667e-06,10.813323343,0.3725178509999995,11.94804193599998,11.96088276599994,744.9479014552481,553.1775491049453,1298.1254505601937,51.90168067226891,46.68217647058824,46.749,1,cpu:tdp_estimate_120w;gpu:nvml,0.0,6.490627252800967e-05,0.0,6.490627252800967e-05,0.0004187501453419,8375.002906839958,,,,,,,,,744.9479014552481,4806.1154932596655
lightning_a100_qwen35,2026-05-11T09:47:58.065605+00:00,chat,chat_002,1,ollama_local,qwen3.5:4b,Qwen 3.5 4B,qwen3.5,4B,cpu,CPU / num_gpu=0,52,96,148,11.98188562600012,0.0024232680001219,0.694656119,11.284806239,2.100000074278796e-06,10.894384508,0.390421731,11.981887726000195,11.992042163000178,747.212155134378,557.7416064550032,1304.9537615893812,51.924166666666665,46.68326666666667,46.749,1,cpu:tdp_estimate_120w;gpu:nvml,0.0,6.524768807946906e-05,0.0,6.524768807946906e-05,0.0004408627572937,8817.255145874198,,,,,,,,,747.212155134378,5048.730777934987
lightning_a100_qwen35,2026-05-11T09:48:09.999426+00:00,chat,chat_003,1,ollama_local,qwen3.5:4b,Qwen 3.5 4B,qwen3.5,4B,cpu,CPU / num_gpu=0,54,96,150,11.920393015999936,0.002669371999934,0.712860882,11.204862762,2.0099998891964788e-06,10.83139335,0.3734694120000004,11.920395025999824,11.93131353800004,743.4431544469518,553.1332154068132,1296.5763698537648,51.925210084033615,46.683789915966386,46.701,1,cpu:tdp_estimate_120w;gpu:nvml,0.0,6.482881849268824e-05,0.0,6.482881849268824e-05,0.0004321921232845,8643.842465691765,,,,,,,,,743.4431544469518,4956.287696313012
lightning_a100_qwen35,2026-05-11T09:48:21.910035+00:00,chat,chat_004,1,ollama_local,qwen3.5:4b,Qwen 3.5 4B,qwen3.5,4B,cpu,CPU / num_gpu=0,50,96,146,11.896751646999974,0.0026556919999745,0.669103803,11.224992152,1.8199998521595264e-06,10.853486432,0.3715057199999982,11.896753466999826,11.908063197000049,741.9944198378117,552.6424318075154,1294.6368516453272,51.925210084033615,46.65219327731092,46.701,1,cpu:tdp_estimate_120w;gpu:nvml,0.0,6.473184258226636e-05,0.0,6.473184258226636e-05,0.00044336878481,8867.37569620087,,,,,,,,,741.9944198378117,5082.153560532957
lightning_a100_qwen35,2026-05-11T09:48:34.111656+00:00,chat,chat_005,1,ollama_local,qwen3.5:4b,Qwen 3.5 4B,qwen3.5,4B,cpu,CPU / num_gpu=0,66,96,162,12.187895406999814,0.0033116249998137,0.972364449,11.212219333,2.1400001060101204e-06,10.843245502,0.3689738309999999,12.18789754699992,12.199084844000026,760.4549518754219,566.4587729612542,1326.913724836676,51.94754098360656,46.61168852459016,46.701,1,cpu:tdp_estimate_120w;gpu:nvml,0.0,6.63456862418338e-05,0.0,6.63456862418338e-05,0.0004095412730977,8190.82546195479,,,,,,,,,760.4549518754219,4694.16636960137
lightning_a100_qwen35,2026-05-11T09:48:51.586563+00:00,chat,chat_001,0,ollama_local,qwen3.5:9b,Qwen 3.5 9B,qwen3.5,9B,cpu,CPU / num_gpu=0,59,96,155,17.46115176000012,0.0026874220001218,1.200508435,16.257955903,1.720000000204891e-06,12.641004666,3.6169512369999985,17.46115348000012,17.472336696999946,931.769591332564,809.3342927323937,1741.1038840649578,44.44022988505748,46.585689655172416,46.701,1,cpu:tdp_estimate_120w;gpu:nvml,0.0,8.705519420324788e-05,0.0,8.705519420324788e-05,0.0005616464142145,11232.92828429005,,,,,,,,,931.769591332564,6011.416718274607
lightning_a100_qwen35,2026-05-11T09:49:05.906619+00:00,chat,chat_002,0,ollama_local,qwen3.5:9b,Qwen 3.5 9B,qwen3.5,9B,cpu,CPU / num_gpu=0,52,96,148,14.302681907000078,0.0037745130000779,1.07246775,13.226439644,1.86900001608592e-06,12.832396862,0.3940427820000014,14.302683776000094,14.314808472000095,896.9318636465716,665.9374847224535,1562.8693483690251,52.21468531468531,46.6963006993007,46.749,1,cpu:tdp_estimate_120w;gpu:nvml,0.0,7.814346741845125e-05,0.0,7.814346741845125e-05,0.000527996401476,10559.92802952044,,,,,,,,,896.9318636465716,6060.350430044404
lightning_a100_qwen35,2026-05-11T09:49:19.992239+00:00,chat,chat_003,0,ollama_local,qwen3.5:9b,Qwen 3.5 9B,qwen3.5,9B,cpu,CPU / num_gpu=0,54,96,150,14.069665170999995,0.0024221869999969,1.100562848,12.966680136,2.5099998310906813e-06,12.550706809,0.4159733270000014,14.069667680999828,14.08021378400008,878.9408686202875,656.2628405174157,1535.2037091377033,52.01985815602837,46.68397872340425,46.749,1,cpu:tdp_estimate_120w;gpu:nvml,0.0,7.676018545688516e-05,0.0,7.676018545688516e-05,0.0005117345697125,10234.691394251357,,,,,,,,,878.9408686202875,5859.605790801917
lightning_a100_qwen35,2026-05-11T09:49:33.965301+00:00,chat,chat_004,0,ollama_local,qwen3.5:9b,Qwen 3.5 9B,qwen3.5,9B,cpu,CPU / num_gpu=0,50,96,146,13.95934000300008,0.0033250950000791,1.03570796,12.920306948,2.240000185338431e-06,12.557400406,0.362906542000001,13.959342243000265,13.970294316000036,875.7219119294697,651.7036488507156,1527.4255607801852,52.23714285714286,46.68831428571429,46.749,1,cpu:tdp_estimate_120w;gpu:nvml,0.0,7.637127803900926e-05,0.0,7.637127803900926e-05,0.0005230909454726,10461.818909453325,,,,,,,,,875.7219119294697,5998.095287188148
lightning_a100_qwen35,2026-05-11T09:49:48.610417+00:00,chat,chat_005,0,ollama_local,qwen3.5:9b,Qwen 3.5 9B,qwen3.5,9B,cpu,CPU / num_gpu=0,66,96,162,14.631375130999912,0.0025934709999138,1.512500107,13.116281553,1.559999873279594e-06,12.738762442,0.3775191109999998,14.631376690999788,14.641955905000032,918.2070835394732,679.5470345720125,1597.7541181114857,52.25890410958904,46.66976712328767,46.701,1,cpu:tdp_estimate_120w;gpu:nvml,0.0,7.988770590557429e-05,0.0,7.988770590557429e-05,0.0004931339870714,9862.679741428925,,,,,,,,,918.2070835394732,5667.944960120205
lightning_a100_qwen35,2026-05-11T09:50:02.935678+00:00,chat,chat_001,1,ollama_local,qwen3.5:9b,Qwen 3.5 9B,qwen3.5,9B,cpu,CPU / num_gpu=0,59,96,155,14.311534914000047,0.0027175130000482,1.189346876,13.119470525,1.939999947353499e-06,12.74965222,0.3698183050000008,14.311536853999996,14.32272573199998,897.5601501098976,665.830304466137,1563.3904545760347,52.22237762237762,46.68186713286713,46.701,1,cpu:tdp_estimate_120w;gpu:nvml,0.0,7.816952272880173e-05,0.0,7.816952272880173e-05,0.0005043195014761,10086.390029522803,,,,,,,,,897.5601501098976,5790.710645870307
lightning_a100_qwen35,2026-05-11T09:50:17.201324+00:00,chat,chat_002,1,ollama_local,qwen3.5:9b,Qwen 3.5 9B,qwen3.5,9B,cpu,CPU / num_gpu=0,52,96,148,14.252044674000215,0.0030015590002179,1.075046623,13.173996492,2.6779999870996107e-05,12.810295916,0.3637005759999994,14.252071454000088,14.263157367000076,894.1312196969855,661.0199675371865,1555.151187234172,52.24014084507043,46.68511267605634,46.749,1,cpu:tdp_estimate_120w;gpu:nvml,0.0,7.77575593617086e-05,0.0,7.77575593617086e-05,0.0005253889146061,10507.778292122784,,,,,,,,,894.1312196969855,6041.427160114767
lightning_a100_qwen35,2026-05-11T09:50:31.336051+00:00,chat,chat_003,1,ollama_local,qwen3.5:9b,Qwen 3.5 9B,qwen3.5,9B,cpu,CPU / num_gpu=0,54,96,150,14.1180783169998,0.0062034989997989,1.103868291,13.008006527,2.060000042547472e-06,12.628608881,0.379397646000001,14.118080376999842,14.12918700299997,884.9079757878875,655.8762759393794,1540.784251727267,52.191489361702125,46.65265957446808,46.701,1,cpu:tdp_estimate_120w;gpu:nvml,0.0,7.703921258636335e-05,0.0,7.703921258636335e-05,0.0005135947505757,10271.895011515113,,,,,,,,,884.9079757878875,5899.386505252583
lightning_a100_qwen35,2026-05-11T09:50:45.684708+00:00,chat,chat_004,1,ollama_local,qwen3.5:9b,Qwen 3.5 9B,qwen3.5,9B,cpu,CPU / num_gpu=0,50,96,146,14.335446518000026,0.002813704000026,1.035967936,13.296664878,2.269999868076411e-06,12.905634513,0.3910303649999989,14.335448787999894,14.34629924800015,898.9651950601403,665.3535925580187,1564.3187876181591,52.21818181818182,46.653,46.701,1,cpu:tdp_estimate_120w;gpu:nvml,0.0,7.821593938090796e-05,0.0,7.821593938090796e-05,0.0005357256121979,10714.512243959996,,,,,,,,,898.9651950601403,6157.295856576304
lightning_a100_qwen35,2026-05-11T09:51:00.325605+00:00,chat,chat_005,1,ollama_local,qwen3.5:9b,Qwen 3.5 9B,qwen3.5,9B,cpu,CPU / num_gpu=0,66,96,162,14.626026756999863,0.0029535359998629,1.506302127,13.116771094,1.8799998997565128e-06,12.717005923,0.3997651710000003,14.626028636999765,14.638346786000056,917.0783893720128,679.2907200323626,1596.3691094043754,52.20753424657534,46.655410958904106,46.749,1,cpu:tdp_estimate_120w;gpu:nvml,0.0,7.981845547021877e-05,0.0,7.981845547021877e-05,0.0004927065152482,9854.130304965282,,,,,,,,,917.0783893720128,5660.9777121729185
lightning_a100_qwen35,2026-05-11T09:51:05.337003+00:00,summarization,classroom_notebooks,0,ollama_local,qwen3.5:0.8b,Qwen 3.5 0.8B,qwen3.5,0.8B,cpu,CPU / num_gpu=0,144,96,240,4.992268776999936,0.0029262059999357,0.430044798,4.559297773,1.7499999103165464e-06,4.160147636,0.3991501370000003,4.992270526999846,5.005658298000071,299.83492752356585,230.523806225753,530.3587337493188,49.916,46.67412,46.701,1,cpu:tdp_estimate_120w;gpu:nvml,0.0,2.651793668746594e-05,0.0,2.651793668746594e-05,0.0001104914028644,2209.828057288829,,,,,,,,,299.83492752356585,1249.3121980148578
lightning_a100_qwen35,2026-05-11T09:51:10.351172+00:00,summarization,python_llm_costs,0,ollama_local,qwen3.5:0.8b,Qwen 3.5 0.8B,qwen3.5,0.8B,cpu,CPU / num_gpu=0,175,96,271,5.001063072000079,0.0027662150000793,0.475557391,4.522739466,1.68999986271956e-06,4.136152671,0.3865867950000003,5.001064761999942,5.011785938999992,295.4989083921907,230.10782826295133,525.606736655142,49.13399999999999,46.68084,46.701,1,cpu:tdp_estimate_120w;gpu:nvml,0.0,2.6280336832757096e-05,0.0,2.6280336832757096e-05,9.697541266700036e-05,1939.5082533400073,,,,,,,,,295.4989083921907,1090.4018759859434
lightning_a100_qwen35,2026-05-11T09:51:15.365718+00:00,summarization,rag_pipeline,0,ollama_local,qwen3.5:0.8b,Qwen 3.5 0.8B,qwen3.5,0.8B,cpu,CPU / num_gpu=0,159,96,255,5.00196212700007,0.0026629320000699,0.445553717,4.553745478,1.5999999050109182e-06,4.177433636,0.3763118419999998,5.001963726999975,5.012149825000051,297.312708179283,230.15767511872252,527.4703832980056,49.431999999999995,46.67892,46.701,1,cpu:tdp_estimate_120w;gpu:nvml,0.0,2.6373519164900275e-05,0.0,2.6373519164900275e-05,0.0001034255653525,2068.5113070510024,,,,,,,,,297.312708179283,1165.9321889383648
lightning_a100_qwen35,2026-05-11T09:51:20.321152+00:00,summarization,classroom_notebooks,1,ollama_local,qwen3.5:0.8b,Qwen 3.5 0.8B,qwen3.5,0.8B,cpu,CPU / num_gpu=0,144,96,240,4.939782451999918,0.0027463519999173,0.418298654,4.518737446,1.669999846853898e-06,4.133642557,0.3850948890000003,4.9397841219997645,4.9529802020001625,291.85336780681916,230.28595476571783,522.139322572537,49.104,46.70004,46.749,1,cpu:tdp_estimate_120w;gpu:nvml,0.0,2.610696612862685e-05,0.0,2.610696612862685e-05,0.0001087790255359,2175.580510718904,,,,,,,,,291.85336780681916,1216.05569919508
lightning_a100_qwen35,2026-05-11T09:51:25.494197+00:00,summarization,python_llm_costs,1,ollama_local,qwen3.5:0.8b,Qwen 3.5 0.8B,qwen3.5,0.8B,cpu,CPU / num_gpu=0,175,96,271,5.159124924000025,0.0027296430000252,0.478066851,4.67832843,2.218999952674494e-06,4.301527058,0.3768013720000001,5.159127142999978,5.170608727000172,306.2989062048332,239.18665743216155,545.4855636369948,49.36538461538461,46.68069230769231,46.701,1,cpu:tdp_estimate_120w;gpu:nvml,0.0,2.727427818184974e-05,0.0,2.727427818184974e-05,0.0001006430929219,2012.8618584390952,,,,,,,,,306.2989062048332,1130.254266438499
lightning_a100_qwen35,2026-05-11T09:51:30.835803+00:00,summarization,rag_pipeline,1,ollama_local,qwen3.5:0.8b,Qwen 3.5 0.8B,qwen3.5,0.8B,cpu,CPU / num_gpu=0,159,96,255,5.328322035000156,0.0025853600001557,0.461879383,4.863857292,2.1109999579493888e-06,4.472032909,0.3918243829999994,5.328324146000114,5.339110516000119,318.0211517130382,248.58929850936013,566.6104502223983,49.63703703703704,46.68233333333333,46.749,1,cpu:tdp_estimate_120w;gpu:nvml,0.0,2.8330522511119914e-05,0.0,2.8330522511119914e-05,0.0001111000882789,2222.0017655780325,,,,,,,,,318.0211517130382,1247.1417714236793
lightning_a100_qwen35,2026-05-11T09:51:44.274332+00:00,summarization,classroom_notebooks,0,ollama_local,qwen3.5:4b,Qwen 3.5 4B,qwen3.5,4B,cpu,CPU / num_gpu=0,144,96,240,13.424943141999847,0.0027405129998481,2.036185251,11.386017377999998,2.010000116570154e-06,11.015169516,0.370847861999998,13.424945151999964,13.435982306999904,834.7715646224234,623.3474459364497,1458.119010558873,51.77462686567164,46.66697014925373,46.749,1,cpu:tdp_estimate_120w;gpu:nvml,0.0,7.290595052794365e-05,0.0,7.290595052794365e-05,0.0003037747938664,6075.495877328637,,,,,,,,,834.7715646224234,3478.214852593431
lightning_a100_qwen35,2026-05-11T09:51:58.516711+00:00,summarization,python_llm_costs,0,ollama_local,qwen3.5:4b,Qwen 3.5 4B,qwen3.5,4B,cpu,CPU / num_gpu=0,175,96,271,14.229115558000103,0.0028906170001032,2.575879704,11.650345237,1.9600001905928366e-06,11.24387332,0.4064719169999993,14.229117518000294,14.23987133799983,889.1576225015234,660.435319764339,1549.5929422658623,52.03450704225352,46.64556338028169,46.701,1,cpu:tdp_estimate_120w;gpu:nvml,0.0,7.747964711329311e-05,0.0,7.747964711329311e-05,0.0002859027568756,5718.055137512408,,,,,,,,,889.1576225015234,3281.024437274994
lightning_a100_qwen35,2026-05-11T09:52:11.983049+00:00,summarization,rag_pipeline,0,ollama_local,qwen3.5:4b,Qwen 3.5 4B,qwen3.5,4B,cpu,CPU / num_gpu=0,159,96,255,13.453022369999871,0.0027921149998721,2.151702046,11.298528209,1.770999915606808e-06,10.943614198,0.3549140109999982,13.453024140999789,13.463804179999896,842.2237825451668,627.831923833746,1470.0557063789129,52.12888888888889,46.67114074074074,46.749,1,cpu:tdp_estimate_120w;gpu:nvml,0.0,7.350278531894564e-05,0.0,7.350278531894564e-05,0.000288246216937,5764.924338740835,,,,,,,,,842.2237825451668,3302.838362922223
lightning_a100_qwen35,2026-05-11T09:52:25.240197+00:00,summarization,classroom_notebooks,1,ollama_local,qwen3.5:4b,Qwen 3.5 4B,qwen3.5,4B,cpu,CPU / num_gpu=0,144,96,240,13.243913088,0.0027071019999986,2.00891609,11.232289896,2.3699999474047218e-06,10.866259151,0.3660307450000015,13.243915457999949,13.254549306999934,829.7347866181958,613.9181258041947,1443.6529124223905,52.166666666666664,46.681128787878784,46.701,1,cpu:tdp_estimate_120w;gpu:nvml,0.0,7.218264562111952e-05,0.0,7.218264562111952e-05,0.0003007610234213,6015.220468426627,,,,,,,,,829.7347866181958,3457.228277575816
lightning_a100_qwen35,2026-05-11T09:52:38.891937+00:00,summarization,python_llm_costs,1,ollama_local,qwen3.5:4b,Qwen 3.5 4B,qwen3.5,4B,cpu,CPU / num_gpu=0,175,96,271,13.63555746299994,0.0058693549999411,2.26106735,11.368620758,2.2199999420990935e-06,10.987275517,0.381345241,13.635559682999885,13.648290001000078,853.820965650799,632.9278981545649,1486.748863805364,52.13235294117647,46.69652941176471,46.749,1,cpu:tdp_estimate_120w;gpu:nvml,0.0,7.433744319026819e-05,0.0,7.433744319026819e-05,0.0002743079084511,5486.1581690234825,,,,,,,,,853.820965650799,3150.6308695601438
lightning_a100_qwen35,2026-05-11T09:52:52.347938+00:00,summarization,rag_pipeline,1,ollama_local,qwen3.5:4b,Qwen 3.5 4B,qwen3.5,4B,cpu,CPU / num_gpu=0,159,96,255,13.442728178000152,0.0026208410001515,2.14525238,11.294854957,1.8099999579135329e-06,10.932697163,0.3621577939999998,13.44272998800011,13.45340907800005,841.5408574014657,623.5788861584433,1465.119743559909,52.12686567164179,46.70064179104478,46.749,1,cpu:tdp_estimate_120w;gpu:nvml,0.0,7.325598717799544e-05,0.0,7.325598717799544e-05,0.0002872783810901,5745.567621803564,,,,,,,,,841.5408574014657,3300.160225103787
lightning_a100_qwen35,2026-05-11T09:53:08.663525+00:00,summarization,classroom_notebooks,0,ollama_local,qwen3.5:9b,Qwen 3.5 9B,qwen3.5,9B,cpu,CPU / num_gpu=0,144,96,240,16.299933964000047,0.0028180640000456,2.951787972,13.345327928,2.739999899858958e-06,12.969806768,0.3755211600000017,16.299936703999947,16.31122781399995,1023.8727815947668,759.3439991582088,1783.216780752976,52.30920245398773,46.683920245398774,46.749,1,cpu:tdp_estimate_120w;gpu:nvml,0.0,8.916083903764879e-05,0.0,8.916083903764879e-05,0.0003715034959902,7430.069919804067,,,,,,,,,1023.8727815947668,4266.136589978195
lightning_a100_qwen35,2026-05-11T09:53:25.593955+00:00,summarization,python_llm_costs,0,ollama_local,qwen3.5:9b,Qwen 3.5 9B,qwen3.5,9B,cpu,CPU / num_gpu=0,175,96,271,16.91571190800005,0.0068030130000487,3.623762147,13.285146748,1.900999905046774e-06,12.806846416,0.4783003319999981,16.915713808999953,16.927653000999953,1059.639025501885,787.6727363246351,1847.31176182652,52.16508875739645,46.693615384615384,46.749,1,cpu:tdp_estimate_120w;gpu:nvml,0.0,9.2365588091326e-05,0.0,9.2365588091326e-05,0.0003408324283812,6816.648567625536,,,,,,,,,1059.639025501885,3910.1071051730078
lightning_a100_qwen35,2026-05-11T09:53:42.220979+00:00,summarization,rag_pipeline,0,ollama_local,qwen3.5:9b,Qwen 3.5 9B,qwen3.5,9B,cpu,CPU / num_gpu=0,159,96,255,16.613772141000027,0.0059960580000257,3.541550822,13.066225261,1.840000095398864e-06,12.708676749,0.357548512000001,16.613773981000122,16.624530620000087,1046.408045887697,773.5328894030379,1819.9409352907348,52.453012048192775,46.68278313253012,46.749,1,cpu:tdp_estimate_120w;gpu:nvml,0.0,9.099704676453677e-05,0.0,9.099704676453677e-05,0.0003568511637824,7137.02327564994,,,,,,,,,1046.408045887697,4103.560964265478
lightning_a100_qwen35,2026-05-11T09:53:58.206087+00:00,summarization,classroom_notebooks,1,ollama_local,qwen3.5:9b,Qwen 3.5 9B,qwen3.5,9B,cpu,CPU / num_gpu=0,144,96,240,15.97180133400002,0.0028502950000195,2.949308208,13.019642831,2.069999936793465e-06,12.633615836,0.3860269949999999,15.971803403999957,15.982619906000082,1004.124078214361,745.486850590523,1749.610928804884,52.355,46.6947,46.749,1,cpu:tdp_estimate_120w;gpu:nvml,0.0,8.748054644024419e-05,0.0,8.748054644024419e-05,0.0003645022768343,7290.045536687016,,,,,,,,,1004.124078214361,4183.8503258931705
lightning_a100_qwen35,2026-05-11T09:54:14.769770+00:00,summarization,python_llm_costs,1,ollama_local,qwen3.5:9b,Qwen 3.5 9B,qwen3.5,9B,cpu,CPU / num_gpu=0,175,96,271,16.550270340000225,0.0026721640002236,3.491545325,13.056052851,2.1200000901444582e-06,12.682735249,0.3733176020000002,16.550272460000315,16.561112181999988,1041.0375339831303,769.2885642918784,1810.326098275009,52.38363636363635,46.71205454545455,46.749,1,cpu:tdp_estimate_120w;gpu:nvml,0.0,9.051630491375044e-05,0.0,9.051630491375044e-05,0.0003340085052167,6680.170104335826,,,,,,,,,1041.0375339831303,3841.4669150669015
lightning_a100_qwen35,2026-05-11T09:54:31.005970+00:00,summarization,rag_pipeline,1,ollama_local,qwen3.5:9b,Qwen 3.5 9B,qwen3.5,9B,cpu,CPU / num_gpu=0,159,96,255,16.222639785999945,0.0056565409999436,3.217952368,12.999030877,2.179999910367769e-06,12.640532176,0.3584987010000002,16.222641965999856,16.233652671000073,1020.3151326921158,755.4908587504004,1775.8059914425162,52.376543209876544,46.7172962962963,46.749,1,cpu:tdp_estimate_120w;gpu:nvml,0.0,8.87902995721258e-05,0.0,8.87902995721258e-05,0.000348197253224,6963.945064480456,,,,,,,,,1020.3151326921158,4001.2358144788855
lightning_a100_qwen35,2026-05-11T09:54:35.780676+00:00,classification,cls_001,0,ollama_local,qwen3.5:0.8b,Qwen 3.5 0.8B,qwen3.5,0.8B,cpu,CPU / num_gpu=0,65,96,161,4.761439501000041,0.0023474750000405,0.230173859,4.5289181670000005,5.7100000958598685e-06,4.140155085,0.3887630820000005,4.761445211000137,4.772124661000134,285.83833688225553,220.7688409606356,506.60717784289113,49.91458333333333,46.712,46.749,1,cpu:tdp_estimate_120w;gpu:nvml,0.0,2.5330358892144552e-05,0.0,2.5330358892144552e-05,0.0001573314216903,3146.6284338067776,,False,,,,,,,285.83833688225553,1775.3933967841958
lightning_a100_qwen35,2026-05-11T09:54:40.559480+00:00,classification,cls_002,0,ollama_local,qwen3.5:0.8b,Qwen 3.5 0.8B,qwen3.5,0.8B,cpu,CPU / num_gpu=0,66,96,162,4.76625405499999,0.0027512929999904,0.234954272,4.5285484899999995,5.770000143456855e-06,4.146803418,0.3817450719999993,4.766259825000134,4.776297452000108,281.07316430657636,220.7166301603651,501.78979446694143,49.03958333333333,46.699000000000005,46.749,1,cpu:tdp_estimate_120w;gpu:nvml,0.0,2.5089489723347073e-05,0.0,2.5089489723347073e-05,0.0001548733933539,3097.4678670798853,,False,,,,,,,281.07316430657636,1735.0195327566441
lightning_a100_qwen35,2026-05-11T09:54:45.515804+00:00,classification,cls_003,0,ollama_local,qwen3.5:0.8b,Qwen 3.5 0.8B,qwen3.5,0.8B,cpu,CPU / num_gpu=0,61,96,157,4.943137052999873,0.0055895499998728,0.179810815,4.7577366880000005,4.819999958272092e-06,4.390742739,0.3669939490000002,4.943141872999831,4.9538744819999465,292.55997450857444,230.1972251281909,522.7571996367653,49.214,46.68724,46.701,1,cpu:tdp_estimate_120w;gpu:nvml,0.0,2.6137859981838265e-05,0.0,2.6137859981838265e-05,0.0001664831845976,3329.6636919539196,,False,,,,,,,292.55997450857444,1863.439328080092
lightning_a100_qwen35,2026-05-11T09:54:50.277280+00:00,classification,cls_004,0,ollama_local,qwen3.5:0.8b,Qwen 3.5 0.8B,qwen3.5,0.8B,cpu,CPU / num_gpu=0,68,96,164,4.74837669600015,0.0024578770001504,0.24152417,4.504394649,5.408999868450337e-06,4.128685564,0.3757090849999995,4.748382105000019,4.75903561500013,280.6284326275201,220.7485530088399,501.37698563636,49.13958333333333,46.68166666666667,46.749,1,cpu:tdp_estimate_120w;gpu:nvml,0.0,2.5068849281818003e-05,0.0,2.5068849281818003e-05,0.0001528588370842,3057.1767416851217,,False,,,,,,,280.6284326275201,1711.1489794360984
lightning_a100_qwen35,2026-05-11T09:54:55.028342+00:00,classification,cls_005,0,ollama_local,qwen3.5:0.8b,Qwen 3.5 0.8B,qwen3.5,0.8B,cpu,CPU / num_gpu=0,66,96,162,4.737860260999923,0.0023873769999234,0.234584004,4.50088888,4.580999984682421e-06,4.137711585,0.3631772949999998,4.737864841999908,4.748637131999885,280.7750420223232,220.97975477835465,501.7547968006778,49.27291666666667,46.69433333333333,46.749,1,cpu:tdp_estimate_120w;gpu:nvml,0.0,2.508773984003389e-05,0.0,2.508773984003389e-05,0.0001548625916051,3097.2518321029497,,False,,,,,,,280.7750420223232,1733.1792717427356
lightning_a100_qwen35,2026-05-11T09:55:00.083948+00:00,classification,cls_006,0,ollama_local,qwen3.5:0.8b,Qwen 3.5 0.8B,qwen3.5,0.8B,cpu,CPU / num_gpu=0,66,96,162,5.042485994000117,0.0023510350001165,0.238371359,4.8017636,4.600000011123484e-06,4.40870119,0.3930624099999997,5.042490594000128,5.053178813999921,297.6619567258541,234.87234021168507,532.5342969375392,49.088235294117645,46.6693137254902,46.749,1,cpu:tdp_estimate_120w;gpu:nvml,0.0,2.662671484687696e-05,0.0,2.662671484687696e-05,0.0001643624373264,3287.2487465280196,,False,,,,,,,297.6619567258541,1837.4194859620625
lightning_a100_qwen35,2026-05-11T09:55:04.776119+00:00,classification,cls_007,0,ollama_local,qwen3.5:0.8b,Qwen 3.5 0.8B,qwen3.5,0.8B,cpu,CPU / num_gpu=0,61,96,157,4.6793373670000165,0.0026744010000161,0.173204965,4.503458001,4.929999931846396e-06,4.126920134,0.3765378670000006,4.679342296999948,4.689663440000004,276.49457401654485,215.8070934503964,492.3016674669413,49.131914893617015,46.69010638297872,46.749,1,cpu:tdp_estimate_120w;gpu:nvml,0.0,2.4615083373347066e-05,0.0,2.4615083373347066e-05,0.0001567839705308,3135.67941061746,,False,,,,,,,276.49457401654485,1761.1119364111137
lightning_a100_qwen35,2026-05-11T09:55:09.540757+00:00,classification,cls_008,0,ollama_local,qwen3.5:0.8b,Qwen 3.5 0.8B,qwen3.5,0.8B,cpu,CPU / num_gpu=0,65,96,161,4.75115442099991,0.0027183739999099,0.237145264,4.511290783000001,4.55999997939216e-06,4.117385509,0.3939052740000006,4.7511589809998895,4.762172755999927,278.96808004647573,221.0820371413847,500.0501171878605,48.81666666666666,46.687999999999995,46.701,1,cpu:tdp_estimate_120w;gpu:nvml,0.0,2.500250585939302e-05,0.0,2.500250585939302e-05,0.0001552950674496,3105.901348992922,,False,,,,,,,278.96808004647573,1732.720994077489
lightning_a100_qwen35,2026-05-11T09:55:14.297749+00:00,classification,cls_001,1,ollama_local,qwen3.5:0.8b,Qwen 3.5 0.8B,qwen3.5,0.8B,cpu,CPU / num_gpu=0,65,96,161,4.742964330999939,0.0024017269999392,0.232599906,4.507962698,4.501000148593448e-06,4.125479786,0.3824829120000004,4.742968832000088,4.754366634000007,279.94899332650544,220.57285415729456,500.5218474838,49.06875,46.661,46.701,1,cpu:tdp_estimate_120w;gpu:nvml,0.0,2.5026092374189997e-05,0.0,2.5026092374189997e-05,0.0001554415675415,3108.831350831056,,False,,,,,,,279.94899332650544,1738.8136231459964
lightning_a100_qwen35,2026-05-11T09:55:19.093174+00:00,classification,cls_002,1,ollama_local,qwen3.5:0.8b,Qwen 3.5 0.8B,qwen3.5,0.8B,cpu,CPU / num_gpu=0,66,96,162,4.77714350999986,0.0024884299998602,0.237601124,4.537053955999999,4.86999988424941e-06,4.161405745,0.3756482109999997,4.777148379999744,4.792912286999808,281.97901212491627,220.77549540462687,502.7545075295432,49.02708333333334,46.671,46.701,1,cpu:tdp_estimate_120w;gpu:nvml,0.0,2.5137725376477156e-05,0.0,2.5137725376477156e-05,0.0001551711442992,3103.4228859848345,,False,,,,,,,281.97901212491627,1740.6111859562732
lightning_a100_qwen35,2026-05-11T09:55:23.887722+00:00,classification,cls_003,1,ollama_local,qwen3.5:0.8b,Qwen 3.5 0.8B,qwen3.5,0.8B,cpu,CPU / num_gpu=0,61,96,157,4.781796249999843,0.0028916759998427,0.17654628,4.602358294,5.289999990054639e-06,4.211154069,0.391204225,4.781801539999833,4.792132312999911,282.44827852821476,220.50983174408748,502.95811027230224,49.11666666666667,46.62566666666667,46.749,1,cpu:tdp_estimate_120w;gpu:nvml,0.0,2.514790551361511e-05,0.0,2.514790551361511e-05,0.0001601777421249,3203.5548424987405,,False,,,,,,,282.44827852821476,1799.0336211988201
lightning_a100_qwen35,2026-05-11T09:55:28.770526+00:00,classification,cls_004,1,ollama_local,qwen3.5:0.8b,Qwen 3.5 0.8B,qwen3.5,0.8B,cpu,CPU / num_gpu=0,68,96,164,4.866730180000104,0.002500448000104,0.241179784,4.623049948,4.669999952966464e-06,4.265709107,0.3573408410000001,4.866734850000057,4.879974297999979,288.6395246823563,225.14628540365325,513.7858100860095,49.289795918367346,46.66083673469387,46.701,1,cpu:tdp_estimate_120w;gpu:nvml,0.0,2.5689290504300473e-05,0.0,2.5689290504300473e-05,0.0001566420152701,3132.840305402497,,False,,,,,,,288.6395246823563,1759.9971017216847
lightning_a100_qwen35,2026-05-11T09:55:33.786518+00:00,classification,cls_005,1,ollama_local,qwen3.5:0.8b,Qwen 3.5 0.8B,qwen3.5,0.8B,cpu,CPU / num_gpu=0,66,96,162,5.002867164000008,0.0023350260000087,0.246167562,4.7543645759999995,4.689999968832126e-06,4.37824211,0.3761224659999991,5.002871853999977,5.013443142000142,296.198231583882,230.10680723657384,526.3050388204558,49.233999999999995,46.66804,46.701,1,cpu:tdp_estimate_120w;gpu:nvml,0.0,2.631525194102279e-05,0.0,2.631525194102279e-05,0.0001624398267964,3248.7965359287396,,False,,,,,,,296.198231583882,1828.3841455795184
lightning_a100_qwen35,2026-05-11T09:55:38.540829+00:00,classification,cls_006,1,ollama_local,qwen3.5:0.8b,Qwen 3.5 0.8B,qwen3.5,0.8B,cpu,CPU / num_gpu=0,66,96,162,4.740651860000071,0.0026690950000709,0.234818999,4.503163766,5.030000011174707e-06,4.147097131,0.3560666350000003,4.740656890000082,4.751914559000397,281.2658227472335,220.4015772338005,501.667399981034,49.325,46.677,46.701,1,cpu:tdp_estimate_120w;gpu:nvml,0.0,2.5083369999051695e-05,0.0,2.5083369999051695e-05,0.000154835617278,3096.7123455619385,,False,,,,,,,281.2658227472335,1736.2087823903305
lightning_a100_qwen35,2026-05-11T09:55:43.221984+00:00,classification,cls_007,1,ollama_local,qwen3.5:0.8b,Qwen 3.5 0.8B,qwen3.5,0.8B,cpu,CPU / num_gpu=0,61,96,157,4.6655756010000005,0.0023615770000002,0.177819686,4.485394338,5.069000053481432e-06,4.133289459,0.3521048789999996,4.665580670000054,4.678755110000111,276.2098101789512,215.87178573116927,492.0815959101205,49.19574468085106,46.65708510638297,46.701,1,cpu:tdp_estimate_120w;gpu:nvml,0.0,2.4604079795506025e-05,0.0,2.4604079795506025e-05,0.0001567138840478,3134.2776809561815,,False,,,,,,,276.2098101789512,1759.2981540060587
lightning_a100_qwen35,2026-05-11T09:55:47.986183+00:00,classification,cls_008,1,ollama_local,qwen3.5:0.8b,Qwen 3.5 0.8B,qwen3.5,0.8B,cpu,CPU / num_gpu=0,65,96,161,4.7481846149999,0.0024357169998996,0.232981894,4.5127670040000005,5.379999947763281e-06,4.142601004,0.3701660000000002,4.748189994999848,4.7616635499998665,281.0809993564921,220.68826511757885,501.76926447407095,49.19166666666666,46.644,46.701,1,cpu:tdp_estimate_120w;gpu:nvml,0.0,2.508846322370355e-05,0.0,2.508846322370355e-05,0.0001558289641223,3116.5792824476457,,False,,,,,,,281.0809993564921,1745.844716499951
lightning_a100_qwen35,2026-05-11T09:56:00.257716+00:00,classification,cls_001,0,ollama_local,qwen3.5:4b,Qwen 3.5 4B,qwen3.5,4B,cpu,CPU / num_gpu=0,65,96,161,12.25882951299991,0.0028505969999095,0.951617143,11.304361773,4.4299999899521936e-06,10.916483927,0.3878778460000003,12.2588339429999,12.269035681999869,759.1480790476055,571.9107547253533,1331.058833772959,51.56260162601626,46.676804878048785,46.749,1,cpu:tdp_estimate_120w;gpu:nvml,0.0,6.655294168864793e-05,0.0,6.655294168864793e-05,0.0004133723086251,8267.446172502849,,False,,,,,,,759.1480790476055,4715.205459923015
lightning_a100_qwen35,2026-05-11T09:56:12.454264+00:00,classification,cls_002,0,ollama_local,qwen3.5:4b,Qwen 3.5 4B,qwen3.5,4B,cpu,CPU / num_gpu=0,66,96,162,12.18298004999997,0.0025374999999687,0.964215848,11.216226702,5.0199996621813625e-06,10.860471786,0.3557549160000004,12.182985069999631,12.194060276000071,760.693466384731,567.2351549448559,1327.9286213295868,51.985245901639345,46.68132786885246,46.701,1,cpu:tdp_estimate_120w;gpu:nvml,0.0,6.639643106647934e-05,0.0,6.639643106647934e-05,0.000409854512756,8197.090255120907,,False,,,,,,,760.693466384731,4695.638681387228
lightning_a100_qwen35,2026-05-11T09:56:24.510155+00:00,classification,cls_003,0,ollama_local,qwen3.5:4b,Qwen 3.5 4B,qwen3.5,4B,cpu,CPU / num_gpu=0,61,96,157,12.042399840999678,0.0024917979996779,0.771520932,11.268387111,4.640000042854808e-06,10.889384312,0.3790027990000002,12.04240448099972,12.053327784999963,751.8865872282978,557.8241442240476,1309.7107314523455,51.983333333333334,46.697,46.749,1,cpu:tdp_estimate_120w;gpu:nvml,0.0,6.548553657261727e-05,0.0,6.548553657261727e-05,0.000417105328488,8342.106569760163,,False,,,,,,,751.8865872282978,4789.0865428554
lightning_a100_qwen35,2026-05-11T09:56:36.754952+00:00,classification,cls_004,0,ollama_local,qwen3.5:4b,Qwen 3.5 4B,qwen3.5,4B,cpu,CPU / num_gpu=0,68,96,164,12.231539137999787,0.0057594129997884,1.004538086,11.221241639,4.779999926540768e-06,10.850018721,0.3712229180000008,12.231543917999716,12.242294037999727,763.7385239607864,567.3438445858026,1331.082368546589,51.98770491803279,46.696278688524586,46.749,1,cpu:tdp_estimate_120w;gpu:nvml,0.0,6.655411842732944e-05,0.0,6.655411842732944e-05,0.0004058177952885,8116.355905771883,,False,,,,,,,763.7385239607864,4656.942219273087
lightning_a100_qwen35,2026-05-11T09:56:48.990073+00:00,classification,cls_005,0,ollama_local,qwen3.5:4b,Qwen 3.5 4B,qwen3.5,4B,cpu,CPU / num_gpu=0,66,96,162,12.22172707699974,0.0025208699997421,0.959182561,11.260023646,5.031000000599306e-06,10.897276175,0.3627474709999987,12.221732107999742,12.232586297000124,762.9283592657547,567.1110693649085,1330.0394286306632,51.97377049180328,46.695098360655734,46.749,1,cpu:tdp_estimate_120w;gpu:nvml,0.0,6.650197143153316e-05,0.0,6.650197143153316e-05,0.0004105059964909,8210.11992981891,,False,,,,,,,762.9283592657547,4709.4343164552765
lightning_a100_qwen35,2026-05-11T09:57:01.190942+00:00,classification,cls_006,0,ollama_local,qwen3.5:4b,Qwen 3.5 4B,qwen3.5,4B,cpu,CPU / num_gpu=0,66,96,162,12.187999227000091,0.0074128750000905,0.96529581,11.215290542,4.580000222631497e-06,10.836243851,0.3790466909999992,12.188003807000314,12.19837275100008,760.3625685013545,567.4592523167023,1327.821820818057,51.94426229508196,46.7002131147541,46.749,1,cpu:tdp_estimate_120w;gpu:nvml,0.0,6.639109104090284e-05,0.0,6.639109104090284e-05,0.0004098215496352,8196.430992704056,,False,,,,,,,760.3625685013545,4693.596101860213
lightning_a100_qwen35,2026-05-11T09:57:13.249754+00:00,classification,cls_007,0,ollama_local,qwen3.5:4b,Qwen 3.5 4B,qwen3.5,4B,cpu,CPU / num_gpu=0,61,96,157,12.045620246,0.002470719999998,0.769574894,11.273574632,4.551000074570766e-06,10.896537239,0.3770373930000001,12.045624797000071,12.056360012999903,751.484975970297,557.8936085948128,1309.3785845651098,51.9425,46.69179999999999,46.749,1,cpu:tdp_estimate_120w;gpu:nvml,0.0,6.546892922825549e-05,0.0,6.546892922825549e-05,0.0004169995492245,8339.990984491145,,False,,,,,,,751.484975970297,4786.528509364949
lightning_a100_qwen35,2026-05-11T09:57:25.733792+00:00,classification,cls_008,0,ollama_local,qwen3.5:4b,Qwen 3.5 4B,qwen3.5,4B,cpu,CPU / num_gpu=0,65,96,161,12.471002417999898,0.0030484469998981,0.970176495,11.497777476,4.708999767899513e-06,11.139824668,0.3579528080000003,12.471007126999666,12.481474123000226,779.0716473632175,581.4436265900829,1360.5152739533005,52.0152,46.682184,46.749,1,cpu:tdp_estimate_120w;gpu:nvml,0.0,6.802576369766502e-05,0.0,6.802576369766502e-05,0.000422520271414,8450.405428281369,,False,,,,,,,779.0716473632175,4838.954331448556
lightning_a100_qwen35,2026-05-11T09:57:37.915032+00:00,classification,cls_001,1,ollama_local,qwen3.5:4b,Qwen 3.5 4B,qwen3.5,4B,cpu,CPU / num_gpu=0,65,96,161,12.167824038000164,0.002690432000163,0.961092898,11.204040708,5.200000032345997e-06,10.831836395,0.3722043129999992,12.167829238000197,12.178311772999676,759.3756359385653,567.1739753267967,1326.549611265362,51.96229508196721,46.68775409836066,46.749,1,cpu:tdp_estimate_120w;gpu:nvml,0.0,6.63274805632681e-05,0.0,6.63274805632681e-05,0.0004119719289643,8239.438579287964,,False,,,,,,,759.3756359385653,4716.618856761275
lightning_a100_qwen35,2026-05-11T09:57:50.404691+00:00,classification,cls_002,1,ollama_local,qwen3.5:4b,Qwen 3.5 4B,qwen3.5,4B,cpu,CPU / num_gpu=0,66,96,162,12.476702300999932,0.0024644959999324,0.969660356,11.504577449,4.259999968780903e-06,11.132632799,0.3719446499999996,12.4767065609999,12.487085203999868,779.325980349346,581.4283689693114,1360.7543493186572,52.0088,46.677576,46.749,1,cpu:tdp_estimate_120w;gpu:nvml,0.0,6.803771746593286e-05,0.0,6.803771746593286e-05,0.0004199859102835,8399.718205670722,,False,,,,,,,779.325980349346,4810.65419968732
lightning_a100_qwen35,2026-05-11T09:58:02.414589+00:00,classification,cls_003,1,ollama_local,qwen3.5:4b,Qwen 3.5 4B,qwen3.5,4B,cpu,CPU / num_gpu=0,61,96,157,11.996493224000004,0.0024134360000047,0.769536023,11.224543765,5.2400000640773214e-06,10.864879556,0.3596642089999999,11.99649846400007,12.007411177999984,748.8782203495031,557.8366085360956,1306.7148288855988,51.973333333333336,46.6834,46.749,1,cpu:tdp_estimate_120w;gpu:nvml,0.0,6.533574144427994e-05,0.0,6.533574144427994e-05,0.0004161512193903,8323.024387806361,,False,,,,,,,748.8782203495031,4769.924970379001
lightning_a100_qwen35,2026-05-11T09:58:14.685342+00:00,classification,cls_004,1,ollama_local,qwen3.5:4b,Qwen 3.5 4B,qwen3.5,4B,cpu,CPU / num_gpu=0,68,96,164,12.257421047000207,0.0024169950002068,0.999447184,11.255556868,5.0499997996666934e-06,10.885361189,0.3701956790000018,12.257426097000009,12.268247498000164,765.0957900630873,572.0057578827132,1337.1015479458006,51.96991869918699,46.68578048780488,46.749,1,cpu:tdp_estimate_120w;gpu:nvml,0.0,6.685507739729003e-05,0.0,6.685507739729003e-05,0.000407652910959,8153.058219181711,,False,,,,,,,765.0957900630873,4665.218232091996
lightning_a100_qwen35,2026-05-11T09:58:26.876294+00:00,classification,cls_005,1,ollama_local,qwen3.5:4b,Qwen 3.5 4B,qwen3.5,4B,cpu,CPU / num_gpu=0,66,96,162,12.177507233999677,0.0024639679996774,0.960910374,11.214132892,4.161000106250867e-06,10.834535718,0.3795971739999988,12.177511394999785,12.18845342700024,759.3366522878766,567.1110884228007,1326.4477407106774,51.916393442622955,46.682901639344266,46.701,1,cpu:tdp_estimate_120w;gpu:nvml,0.0,6.632238703553386e-05,0.0,6.632238703553386e-05,0.0004093974508366,8187.949016732576,,False,,,,,,,759.3366522878766,4687.263285727633
lightning_a100_qwen35,2026-05-11T09:58:39.078775+00:00,classification,cls_006,1,ollama_local,qwen3.5:4b,Qwen 3.5 4B,qwen3.5,4B,cpu,CPU / num_gpu=0,66,96,162,12.187999406999552,0.002461796999551,0.962878952,11.222658658,4.941000042890664e-06,10.865239614,0.3574190440000002,12.188004347999597,12.198927860999902,761.5850658349424,567.0169065973805,1328.6019724323228,52.02540983606558,46.68447540983607,46.749,1,cpu:tdp_estimate_120w;gpu:nvml,0.0,6.643009862161614e-05,0.0,6.643009862161614e-05,0.0004100623371704,8201.2467434094,,False,,,,,,,761.5850658349424,4701.142381697176
lightning_a100_qwen35,2026-05-11T09:58:51.092196+00:00,classification,cls_007,1,ollama_local,qwen3.5:4b,Qwen 3.5 4B,qwen3.5,4B,cpu,CPU / num_gpu=0,61,96,157,11.996949044999836,0.0024913799998369,0.765569087,11.228888578,4.520000402408186e-06,10.846677856,0.3822107220000017,11.99695356500024,12.010922246000064,748.0282265586379,557.806373784111,1305.834600342749,51.899166666666666,46.682199999999995,46.749,1,cpu:tdp_estimate_120w;gpu:nvml,0.0,6.529173001713745e-05,0.0,6.529173001713745e-05,0.0004158708918289,8317.417836578019,,False,,,,,,,748.0282265586379,4764.510997188777
lightning_a100_qwen35,2026-05-11T09:59:03.342109+00:00,classification,cls_008,1,ollama_local,qwen3.5:4b,Qwen 3.5 4B,qwen3.5,4B,cpu,CPU / num_gpu=0,65,96,161,12.23709701200005,0.005806961000049,0.951270108,11.280019943,4.470000021683518e-06,10.90130087,0.3787190730000009,12.237101482000073,12.247245140999894,764.3967473872202,567.1414496587334,1331.5381970459537,52.01147540983606,46.68211475409836,46.749,1,cpu:tdp_estimate_120w;gpu:nvml,0.0,6.657690985229768e-05,0.0,6.657690985229768e-05,0.0004135211792068,8270.423584136359,,False,,,,,,,764.3967473872202,4747.805884392673
lightning_a100_qwen35,2026-05-11T09:59:17.849192+00:00,classification,cls_001,0,ollama_local,qwen3.5:9b,Qwen 3.5 9B,qwen3.5,9B,cpu,CPU / num_gpu=0,65,96,161,14.492216733000078,0.0024922390000767,1.428521697,13.061202797,4.660000286094146e-06,12.674566219,0.3866365779999992,14.492221393000364,14.503178785999808,905.7785272431522,675.1033321887536,1580.881859431906,52.0448275862069,46.68775862068966,46.749,1,cpu:tdp_estimate_120w;gpu:nvml,0.0,7.904409297159529e-05,0.0,7.904409297159529e-05,0.0004909570992024,9819.141984049103,,False,,,,,,,905.7785272431522,5625.953585361194
lightning_a100_qwen35,2026-05-11T09:59:32.429223+00:00,classification,cls_002,0,ollama_local,qwen3.5:9b,Qwen 3.5 9B,qwen3.5,9B,cpu,CPU / num_gpu=0,66,96,162,14.563471817999924,0.0025204199999251,1.495011639,13.065939759,4.649999937100802e-06,12.694206318,0.3717334409999999,14.563476467999864,14.577526139999918,916.8744742498798,679.7294624064581,1596.6039366563375,52.413698630136984,46.682589041095895,46.749,1,cpu:tdp_estimate_120w;gpu:nvml,0.0,7.983019683281689e-05,0.0,7.983019683281689e-05,0.0004927789927951,9855.57985590332,,False,,,,,,,916.8744742498798,5659.71897685111
lightning_a100_qwen35,2026-05-11T09:59:46.685506+00:00,classification,cls_003,0,ollama_local,qwen3.5:9b,Qwen 3.5 9B,qwen3.5,9B,cpu,CPU / num_gpu=0,61,96,157,14.242615406999905,0.0027370739999028,1.216054105,13.023824228,4.800999704457354e-06,12.648432791,0.3753914370000011,14.242620207999607,14.253719862999787,892.9975569831147,661.1044774519088,1554.1020344350236,52.20845070422536,46.686802816901405,46.749,1,cpu:tdp_estimate_120w;gpu:nvml,0.0,7.770510172175118e-05,0.0,7.770510172175118e-05,0.0004949369536417,9898.739072834544,,False,,,,,,,892.9975569831147,5687.882528554871
lightning_a100_qwen35,2026-05-11T10:00:01.182510+00:00,classification,cls_004,0,ollama_local,qwen3.5:9b,Qwen 3.5 9B,qwen3.5,9B,cpu,CPU / num_gpu=0,68,96,164,14.483437146000142,0.0032464860001422,1.493387252,12.986803408,5.060000148660038e-06,12.619152637,0.367650771000001,14.48344220600029,14.494512400000076,909.4716754288596,675.3255343466129,1584.7972097754728,52.28827586206896,46.694710344827584,46.749,1,cpu:tdp_estimate_120w;gpu:nvml,0.0,7.923986048877364e-05,0.0,7.923986048877364e-05,0.0004831698810291,9663.397620582153,,False,,,,,,,909.4716754288596,5545.558996517437
lightning_a100_qwen35,2026-05-11T10:00:15.718046+00:00,classification,cls_005,0,ollama_local,qwen3.5:9b,Qwen 3.5 9B,qwen3.5,9B,cpu,CPU / num_gpu=0,66,96,162,14.518846535000192,0.0059806060001932,1.503265365,13.009600564,4.369999714981532e-06,12.607449309,0.4021512549999997,14.518850904999908,14.529944120999971,910.9733848706614,674.8566016843915,1585.829986555053,52.24689655172414,46.68444827586207,46.749,1,cpu:tdp_estimate_120w;gpu:nvml,0.0,7.929149932775264e-05,0.0,7.929149932775264e-05,0.000489453699554,9789.073991080577,,False,,,,,,,910.9733848706614,5623.292499201613
lightning_a100_qwen35,2026-05-11T10:00:30.236219+00:00,classification,cls_006,0,ollama_local,qwen3.5:9b,Qwen 3.5 9B,qwen3.5,9B,cpu,CPU / num_gpu=0,66,96,162,14.504895513000063,0.0023534270000649,1.493546845,13.008995241,4.58999966213014e-06,12.64381077,0.3651844710000009,14.504900102999729,14.51564399300014,910.3891567162946,675.2697106028005,1585.658867319095,52.26482758620689,46.69305517241379,46.749,1,cpu:tdp_estimate_120w;gpu:nvml,0.0,7.928294336595475e-05,0.0,7.928294336595475e-05,0.000489400884975,9788.017699500586,,False,,,,,,,910.3891567162946,5619.6861525697195
lightning_a100_qwen35,2026-05-11T10:00:44.418030+00:00,classification,cls_007,0,ollama_local,qwen3.5:9b,Qwen 3.5 9B,qwen3.5,9B,cpu,CPU / num_gpu=0,61,96,157,14.168482163000135,0.002688603000136,1.214097996,12.951695564,5.300000339047983e-06,12.592926252,0.3587693119999997,14.168487463000474,14.179244763000042,889.4580327528112,660.892742702718,1550.3507754555292,52.274647887323944,46.68139436619718,46.749,1,cpu:tdp_estimate_120w;gpu:nvml,0.0,7.751753877277646e-05,0.0,7.751753877277646e-05,0.0004937422851769,9874.845703538404,,False,,,,,,,889.4580327528112,5665.337788234467
lightning_a100_qwen35,2026-05-11T10:00:58.801809+00:00,classification,cls_008,0,ollama_local,qwen3.5:9b,Qwen 3.5 9B,qwen3.5,9B,cpu,CPU / num_gpu=0,65,96,161,14.37013451699977,0.0055145799997688,1.422853846,12.941766091,4.439999884198187e-06,12.563013258,0.378752833,14.370138956999654,14.381333452000035,902.4766118911756,670.3185990535137,1572.7952109446894,52.29444444444445,46.68233333333333,46.749,1,cpu:tdp_estimate_120w;gpu:nvml,0.0,7.863976054723447e-05,0.0,7.863976054723447e-05,0.0004884457176846,9768.914353693724,,False,,,,,,,902.4766118911756,5605.444794355128
lightning_a100_qwen35,2026-05-11T10:01:13.213146+00:00,classification,cls_001,1,ollama_local,qwen3.5:9b,Qwen 3.5 9B,qwen3.5,9B,cpu,CPU / num_gpu=0,65,96,161,14.398702062999746,0.0026935729997461,1.428386143,12.967622347,5.101000169815961e-06,12.591086044,0.3765363029999982,14.398707163999916,14.4088343909998,901.7769003607224,670.4164609700337,1572.193361330756,52.15416666666667,46.669666666666664,46.749,1,cpu:tdp_estimate_120w;gpu:nvml,0.0,7.86096680665378e-05,0.0,7.86096680665378e-05,0.0004882588078666,9765.176157333888,,False,,,,,,,901.7769003607224,5601.098760004487
lightning_a100_qwen35,2026-05-11T10:01:27.751120+00:00,classification,cls_002,1,ollama_local,qwen3.5:9b,Qwen 3.5 9B,qwen3.5,9B,cpu,CPU / num_gpu=0,66,96,162,14.524462394000238,0.0028048040002381,1.497196055,13.024461535,4.129999979340937e-06,12.652471351,0.3719901839999995,14.524466524000218,14.535463439000068,911.4998657903604,674.6231561900065,1586.123021980367,52.257241379310344,46.65675172413793,46.749,1,cpu:tdp_estimate_120w;gpu:nvml,0.0,7.930615109901834e-05,0.0,7.930615109901834e-05,0.0004895441425865,9790.88285173066,,False,,,,,,,911.4998657903604,5626.5423814219785
lightning_a100_qwen35,2026-05-11T10:01:42.008063+00:00,classification,cls_003,1,ollama_local,qwen3.5:9b,Qwen 3.5 9B,qwen3.5,9B,cpu,CPU / num_gpu=0,61,96,157,14.237669601000109,0.0029853480001076,1.213448153,13.0212361,4.720000106317457e-06,12.654143426,0.3670926740000002,14.237674321000211,14.251578173000324,893.2969489417859,660.7291473721917,1554.0260963139776,52.23380281690141,46.65333802816901,46.701,1,cpu:tdp_estimate_120w;gpu:nvml,0.0,7.770130481569888e-05,0.0,7.770130481569888e-05,0.0004949127695267,9898.255390534889,,False,,,,,,,893.2969489417859,5689.789483705643
lightning_a100_qwen35,2026-05-11T10:01:56.830922+00:00,classification,cls_004,1,ollama_local,qwen3.5:9b,Qwen 3.5 9B,qwen3.5,9B,cpu,CPU / num_gpu=0,68,96,164,14.809689335999792,0.0024803079997912,1.492643477,13.314565551,4.330999672674807e-06,12.94610503,0.3684605210000011,14.809693666999465,14.820364874000006,929.2969601601004,689.1252764419239,1618.4222366020244,52.25337837837838,46.67927027027027,46.749,1,cpu:tdp_estimate_120w;gpu:nvml,0.0,8.092111183010122e-05,0.0,8.092111183010122e-05,0.0004934214135981,9868.428271963565,,False,,,,,,,929.2969601601004,5666.444879025003
lightning_a100_qwen35,2026-05-11T10:02:11.383028+00:00,classification,cls_005,1,ollama_local,qwen3.5:9b,Qwen 3.5 9B,qwen3.5,9B,cpu,CPU / num_gpu=0,66,96,162,14.53265178499987,0.0026366819998706,1.49949424,13.030520863,4.050999905302888e-06,12.659114219,0.3714066440000003,14.532655835999776,14.546778760000052,911.2944925205992,674.8454988614695,1586.1399913820687,52.204827586206896,46.676944827586205,46.749,1,cpu:tdp_estimate_120w;gpu:nvml,0.0,7.930699956910343e-05,0.0,7.930699956910343e-05,0.0004895493800561,9790.98760112388,,False,,,,,,,911.2944925205992,5625.274645188883
lightning_a100_qwen35,2026-05-11T10:02:25.899066+00:00,classification,cls_006,1,ollama_local,qwen3.5:9b,Qwen 3.5 9B,qwen3.5,9B,cpu,CPU / num_gpu=0,66,96,162,14.50224940199996,0.0025554509999619,1.508548648,12.991145303,4.590999651554739e-06,12.612062849,0.3790824539999988,14.502253992999613,14.513527132000036,909.7519216816112,674.7842208378422,1584.5361425194533,52.23586206896552,46.66304827586207,46.749,1,cpu:tdp_estimate_120w;gpu:nvml,0.0,7.922680712597266e-05,0.0,7.922680712597266e-05,0.0004890543649751,9781.087299502798,,False,,,,,,,909.7519216816112,5615.752602972909
lightning_a100_qwen35,2026-05-11T10:02:40.088089+00:00,classification,cls_007,1,ollama_local,qwen3.5:9b,Qwen 3.5 9B,qwen3.5,9B,cpu,CPU / num_gpu=0,61,96,157,14.175693752999903,0.0024869379999046,1.215701567,12.957505248,4.629999693861464e-06,12.582316315,0.3751889330000004,14.1756983829996,14.18648393400008,889.6843599093635,660.6593946400822,1550.3437545494455,52.261267605633805,46.65987323943662,46.701,1,cpu:tdp_estimate_120w;gpu:nvml,0.0,7.751718772747228e-05,0.0,7.751718772747228e-05,0.0004937400492195,9874.800984391375,,False,,,,,,,889.6843599093635,5666.779362480022
lightning_a100_qwen35,2026-05-11T10:02:54.797961+00:00,classification,cls_008,1,ollama_local,qwen3.5:9b,Qwen 3.5 9B,qwen3.5,9B,cpu,CPU / num_gpu=0,65,96,161,14.696401717999834,0.0058344939998331,1.430872543,13.259694681,4.00099997932557e-06,12.878725045,0.3809696360000014,14.696405718999811,14.707344031000048,922.1564737412668,684.401974105579,1606.558447846846,52.250340136054426,46.67748979591837,46.749,1,cpu:tdp_estimate_120w;gpu:nvml,0.0,8.03279223923423e-05,0.0,8.03279223923423e-05,0.0004989311949834,9978.62389966985,,False,,,,,,,922.1564737412668,5727.679961125881
lightning_a100_qwen35,2026-05-11T10:02:56.436501+00:00,rag_rank,rag_001,0,ollama_local,qwen3-embedding:0.6b,Qwen3 Embed 0.6B,qwen3-embedding,0.6B,cpu,CPU / num_gpu=0,14,0,14,0.1238816350000888,0.0017396440000888,0.0,0.122141991,0.0005612609998024,0.0,0.0,0.1244428959998913,0.1354330799999843,2.9984883911996523,4.729718742305149,7.728207133504801,18.45,46.653,46.653,1,cpu:tdp_estimate_120w;gpu:nvml,0.0,3.864103566752401e-07,0.0,3.864103566752401e-07,2.7600739762517147e-05,552.0147952503429,,,How should I explain CPU and GPU energy measurement on the poster?,doc_energy,doc_cpu_gpu|doc_energy|doc_cost,True,,,2.9984883911996523,214.1777422285466
lightning_a100_qwen35,2026-05-11T10:02:56.578650+00:00,rag_rank,rag_002,0,ollama_local,qwen3-embedding:0.6b,Qwen3 Embed 0.6B,qwen3-embedding,0.6B,cpu,CPU / num_gpu=0,11,0,11,0.1292001589999927,0.0017973439999927,0.0,0.127402815,0.0004335799999353,0.0,0.0,0.129633738999928,0.1399290489998748,2.9720930007573405,4.73966753215963,7.711760532916971,17.7,46.677,46.701,1,cpu:tdp_estimate_120w;gpu:nvml,0.0,3.855880266458486e-07,0.0,3.855880266458486e-07,3.505345696780441e-05,701.0691393560883,,,Why can batching make embedding jobs cheaper or faster?,doc_batching,doc_batching|doc_latency|doc_rag,True,,,2.9720930007573405,270.19027279612186
lightning_a100_qwen35,2026-05-11T10:02:56.726444+00:00,rag_rank,rag_003,0,ollama_local,qwen3-embedding:0.6b,Qwen3 Embed 0.6B,qwen3-embedding,0.6B,cpu,CPU / num_gpu=0,15,0,15,0.1349917419997837,0.0016455609997836,0.0,0.133346181,0.0004761400000461,0.0,0.0,0.1354678819998298,0.1455860579999353,3.5115357189584393,4.733256424256819,8.244792143215259,20.1,46.701,46.701,1,cpu:tdp_estimate_120w;gpu:nvml,0.0,4.12239607160763e-07,0.0,4.12239607160763e-07,2.748264047738419e-05,549.6528095476839,,,Which latency buckets should a Python developer inspect for an LLM call?,doc_latency,doc_latency|doc_classification|doc_cost,True,,,3.5115357189584393,234.10238126389595
lightning_a100_qwen35,2026-05-11T10:02:56.865219+00:00,rag_rank,rag_004,0,ollama_local,qwen3-embedding:0.6b,Qwen3 Embed 0.6B,qwen3-embedding,0.6B,cpu,CPU / num_gpu=0,13,0,13,0.1245967800000471,0.0017315530000471,0.0,0.122865227,0.0004193969998596,0.0,0.0,0.1250161769999067,0.1351326160001917,3.3323703105647264,4.742789639485028,8.075159950049754,20.549999999999997,46.701,46.701,1,cpu:tdp_estimate_120w;gpu:nvml,0.0,4.037579975024877e-07,0.0,4.037579975024877e-07,3.105830750019136e-05,621.1661500038273,,,"For a short classification task, what usually dominates the request?",doc_classification,doc_classification|doc_latency|doc_rag,True,,,3.3323703105647264,256.3361777357482
lightning_a100_qwen35,2026-05-11T10:02:57.002320+00:00,rag_rank,rag_001,1,ollama_local,qwen3-embedding:0.6b,Qwen3 Embed 0.6B,qwen3-embedding,0.6B,cpu,CPU / num_gpu=0,14,0,14,0.1242342430000462,0.0017183430000462,0.0,0.1225159,0.0005020599996896,0.0,0.0,0.1247363029997359,0.1349197000004096,3.1490257980095597,4.733731373437247,7.882757171446807,19.45,46.701,46.701,1,cpu:tdp_estimate_120w;gpu:nvml,0.0,3.941378585723403e-07,0.0,3.941378585723403e-07,2.815270418373859e-05,563.054083674772,,,How should I explain CPU and GPU energy measurement on the poster?,doc_energy,doc_cpu_gpu|doc_energy|doc_cost,True,,,3.1490257980095597,224.93041414354
lightning_a100_qwen35,2026-05-11T10:02:57.135680+00:00,rag_rank,rag_002,1,ollama_local,qwen3-embedding:0.6b,Qwen3 Embed 0.6B,qwen3-embedding,0.6B,cpu,CPU / num_gpu=0,11,0,11,0.1202998160001698,0.0016323720001698,0.0,0.118667444,0.0004148879997956,0.0,0.0,0.1207147039999654,0.1311675679999098,3.1244114697578516,4.73279637270774,7.857207842465591,19.85,46.701,46.701,1,cpu:tdp_estimate_120w;gpu:nvml,0.0,3.928603921232796e-07,0.0,3.928603921232796e-07,3.571458110211633e-05,714.2916220423265,,,Why can batching make embedding jobs cheaper or faster?,doc_batching,doc_batching|doc_latency|doc_rag,True,,,3.1244114697578516,284.0374063416229
lightning_a100_qwen35,2026-05-11T10:02:57.279521+00:00,rag_rank,rag_003,1,ollama_local,qwen3-embedding:0.6b,Qwen3 Embed 0.6B,qwen3-embedding,0.6B,cpu,CPU / num_gpu=0,15,0,15,0.1305376859995703,0.0016306219995703,0.0,0.128907064,0.0004680600000028,0.0,0.0,0.1310057459995732,0.1416557229999853,3.1957531108796684,4.733001390095788,7.928754500975456,18.8,46.701,46.701,1,cpu:tdp_estimate_120w;gpu:nvml,0.0,3.964377250487728e-07,0.0,3.964377250487728e-07,2.6429181669918188e-05,528.5836333983638,,,Which latency buckets should a Python developer inspect for an LLM call?,doc_latency,doc_latency|doc_classification|doc_cost,True,,,3.1957531108796684,213.0502073919779
lightning_a100_qwen35,2026-05-11T10:02:57.416466+00:00,rag_rank,rag_004,1,ollama_local,qwen3-embedding:0.6b,Qwen3 Embed 0.6B,qwen3-embedding,0.6B,cpu,CPU / num_gpu=0,13,0,13,0.123576659000264,0.001600350000264,0.0,0.121976309,0.0003717679996952,0.0,0.0,0.1239484269999593,0.1348806709997916,3.3666215481547983,4.730693738856335,8.097315287011133,20.8,46.677,46.701,1,cpu:tdp_estimate_120w;gpu:nvml,0.0,4.048657643505567e-07,0.0,4.048657643505567e-07,3.11435203346582e-05,622.8704066931641,,,"For a short classification task, what usually dominates the request?",doc_classification,doc_classification|doc_latency|doc_rag,True,,,3.3666215481547983,258.97088831959985
lightning_a100_qwen35,2026-05-11T10:03:02.788681+00:00,rag_rank,rag_001,0,ollama_local,qwen3-embedding:4b,Qwen3 Embed 4B,qwen3-embedding,4B,cpu,CPU / num_gpu=0,14,0,14,0.2596998149997489,0.0018812679997489,0.0,0.257818547,0.0008813780000309,0.0,0.0,0.2605811929997799,0.2719017230001554,11.039209953806312,9.431365327373658,20.47057528117997,33.833333333333336,46.685,46.701,1,cpu:tdp_estimate_120w;gpu:nvml,0.0,1.0235287640589984e-06,0.0,1.0235287640589984e-06,7.31091974327856e-05,1462.183948655712,,,How should I explain CPU and GPU energy measurement on the poster?,doc_energy,doc_energy|doc_cpu_gpu|doc_cost,True,,,11.039209953806312,788.5149967004509
lightning_a100_qwen35,2026-05-11T10:03:03.028390+00:00,rag_rank,rag_002,0,ollama_local,qwen3-embedding:4b,Qwen3 Embed 4B,qwen3-embedding,4B,cpu,CPU / num_gpu=0,11,0,11,0.2262488520000261,0.001920967000026,0.0,0.224327885,0.0008276969997496,0.0,0.0,0.2270765489997757,0.2375184410002475,9.63374796697004,9.40903385273806,19.0427818197081,33.800000000000004,46.669,46.701,1,cpu:tdp_estimate_120w;gpu:nvml,0.0,9.52139090985405e-07,0.0,9.52139090985405e-07,8.655809918049137e-05,1731.1619836098273,,,Why can batching make embedding jobs cheaper or faster?,doc_batching,doc_batching|doc_cost|doc_rag,True,,,9.63374796697004,875.795269724549
lightning_a100_qwen35,2026-05-11T10:03:03.304763+00:00,rag_rank,rag_003,0,ollama_local,qwen3-embedding:4b,Qwen3 Embed 4B,qwen3-embedding,4B,cpu,CPU / num_gpu=0,15,0,15,0.2629824180003197,0.0019204860003197,0.0,0.261061932,0.0008620969997537,0.0,0.0,0.2638445150000734,0.2741626270003507,10.144017199012977,9.422162575079508,19.566179774092483,30.833333333333332,46.685,46.701,1,cpu:tdp_estimate_120w;gpu:nvml,0.0,9.78308988704624e-07,0.0,9.78308988704624e-07,6.522059924697495e-05,1304.4119849394988,,,Which latency buckets should a Python developer inspect for an LLM call?,doc_latency,doc_latency|doc_batching|doc_classification,True,,,10.144017199012977,676.2678132675318
lightning_a100_qwen35,2026-05-11T10:03:03.562338+00:00,rag_rank,rag_004,0,ollama_local,qwen3-embedding:4b,Qwen3 Embed 4B,qwen3-embedding,4B,cpu,CPU / num_gpu=0,13,0,13,0.2439638470000318,0.0021325210000318,0.0,0.241831326,0.0008218759999181,0.0,0.0,0.2447857229999499,0.2553622890000042,10.40856689964017,9.422502727827949,19.83106962746812,33.96666666666667,46.669,46.701,1,cpu:tdp_estimate_120w;gpu:nvml,0.0,9.91553481373406e-07,0.0,9.91553481373406e-07,7.627334472103123e-05,1525.4668944206244,,,"For a short classification task, what usually dominates the request?",doc_classification,doc_classification|doc_summarization|doc_batching,True,,,10.40856689964017,800.6589922800131
lightning_a100_qwen35,2026-05-11T10:03:03.837218+00:00,rag_rank,rag_001,1,ollama_local,qwen3-embedding:4b,Qwen3 Embed 4B,qwen3-embedding,4B,cpu,CPU / num_gpu=0,14,0,14,0.2609932999998818,0.0018681079998818,0.0,0.259125192,0.0008854759998939,0.0,0.0,0.2618787759997758,0.2726415160000215,10.687547427200842,9.420237081191186,20.10778450839203,32.666666666666664,46.685,46.701,1,cpu:tdp_estimate_120w;gpu:nvml,0.0,1.0053892254196014e-06,0.0,1.0053892254196014e-06,7.18135161014001e-05,1436.2703220280025,,,How should I explain CPU and GPU energy measurement on the poster?,doc_energy,doc_energy|doc_cpu_gpu|doc_cost,True,,,10.687547427200842,763.3962448000602
lightning_a100_qwen35,2026-05-11T10:03:04.082836+00:00,rag_rank,rag_002,1,ollama_local,qwen3-embedding:4b,Qwen3 Embed 4B,qwen3-embedding,4B,cpu,CPU / num_gpu=0,11,0,11,0.2321424779997869,0.0018906479997869,0.0,0.23025183,0.0008593060001658,0.0,0.0,0.2330017839999527,0.2434026569999332,9.60953689835736,9.429612101857574,19.039149000214938,32.9,46.685,46.701,1,cpu:tdp_estimate_120w;gpu:nvml,0.0,9.519574500107468e-07,0.0,9.519574500107468e-07,8.654158636461334e-05,1730.8317272922666,,,Why can batching make embedding jobs cheaper or faster?,doc_batching,doc_batching|doc_cost|doc_rag,True,,,9.60953689835736,873.5942634870328
lightning_a100_qwen35,2026-05-11T10:03:04.359353+00:00,rag_rank,rag_003,1,ollama_local,qwen3-embedding:4b,Qwen3 Embed 4B,qwen3-embedding,4B,cpu,CPU / num_gpu=0,15,0,15,0.26262866199977,0.0018627459997699,0.0,0.260765916,0.0009495780000179,0.0,0.0,0.2635782399997879,0.2742881190001753,10.39003394772664,9.422221246500362,19.812255194227,31.566666666666663,46.701,46.701,1,cpu:tdp_estimate_120w;gpu:nvml,0.0,9.9061275971135e-07,0.0,9.9061275971135e-07,6.604085064742333e-05,1320.8170129484668,,,Which latency buckets should a Python developer inspect for an LLM call?,doc_latency,doc_latency|doc_batching|doc_classification,True,,,10.39003394772664,692.6689298484426
lightning_a100_qwen35,2026-05-11T10:03:04.618279+00:00,rag_rank,rag_004,1,ollama_local,qwen3-embedding:4b,Qwen3 Embed 4B,qwen3-embedding,4B,cpu,CPU / num_gpu=0,13,0,13,0.2453903760001594,0.0019188680001594,0.0,0.243471508,0.0008796770002845,0.0,0.0,0.246270053000444,0.2567198460001236,10.515244892165065,9.416297213615689,19.93154210578075,34.13333333333333,46.685,46.701,1,cpu:tdp_estimate_120w;gpu:nvml,0.0,9.965771052890377e-07,0.0,9.965771052890377e-07,7.665977732992596e-05,1533.1955465985193,,,"For a short classification task, what usually dominates the request?",doc_classification,doc_classification|doc_summarization|doc_batching,True,,,10.515244892165065,808.864991705005
lightning_a100_qwen35,2026-05-11T10:03:06.159786+00:00,batch_embeddings,batch_0,0,ollama_local,qwen3-embedding:0.6b,Qwen3 Embed 0.6B,qwen3-embedding,0.6B,cpu,CPU / num_gpu=0,196,0,196,1.528090678999888,0.002035430999888,0.0,1.526055248,1.439999778085621e-06,0.0,0.0,1.528092118999666,1.538629063999906,30.130203645778163,70.33032990557794,100.46053355135612,16.31875,46.689,46.701,1,cpu:tdp_estimate_120w;gpu:nvml,0.0,5.023026677567805e-06,0.0,5.023026677567805e-06,2.5627687130447983e-05,512.5537426089597,,,,,,,4.0,1024.0,30.130203645778163,153.72552880499063
lightning_a100_qwen35,2026-05-11T10:03:06.547068+00:00,batch_embeddings,batch_1,0,ollama_local,qwen3-embedding:0.6b,Qwen3 Embed 0.6B,qwen3-embedding,0.6B,cpu,CPU / num_gpu=0,163,0,163,0.3734319929999401,0.00206619099994,0.0,0.371365802,1.1699999049596954e-06,0.0,0.0,0.3734331629998451,0.3850084789996799,16.21655713546652,14.103259114198991,30.31981624966551,35.1,46.665,46.701,1,cpu:tdp_estimate_120w;gpu:nvml,0.0,1.5159908124832756e-06,0.0,1.5159908124832756e-06,9.300557131799236e-06,186.01114263598473,,,,,,,4.0,1024.0,16.21655713546652,99.48808058568417
lightning_a100_qwen35,2026-05-11T10:03:07.146056+00:00,batch_embeddings,batch_2,0,ollama_local,qwen3-embedding:0.6b,Qwen3 Embed 0.6B,qwen3-embedding,0.6B,cpu,CPU / num_gpu=0,330,0,330,0.58624046299974,0.0018943879997399,0.0,0.584346075,7.199996616691351e-07,0.0,0.0,0.5862411829994016,0.5967323569998371,31.113625093971507,23.456451269711327,54.57007636368283,43.45,46.661,46.701,1,cpu:tdp_estimate_120w;gpu:nvml,0.0,2.7285038181841415e-06,0.0,2.7285038181841415e-06,8.268193388436793e-06,165.36386776873584,,,,,,,3.0,1024.0,31.113625093971507,94.28371240597426
lightning_a100_qwen35,2026-05-11T10:03:07.571419+00:00,batch_embeddings,batch_0,1,ollama_local,qwen3-embedding:0.6b,Qwen3 Embed 0.6B,qwen3-embedding,0.6B,cpu,CPU / num_gpu=0,196,0,196,0.4119693850002477,0.0020741910002476,0.0,0.409895194,7.600001481478103e-07,0.0,0.0,0.4119701450003958,0.4231243110002651,21.274690357093327,18.7726990838027,40.047389440896026,41.9,46.653,46.653,1,cpu:tdp_estimate_120w;gpu:nvml,0.0,2.002369472044801e-06,0.0,2.002369472044801e-06,1.021617077573878e-05,204.3234155147757,,,,,,,4.0,1024.0,21.274690357093327,108.5443385565986
lightning_a100_qwen35,2026-05-11T10:03:07.952535+00:00,batch_embeddings,batch_1,1,ollama_local,qwen3-embedding:0.6b,Qwen3 Embed 0.6B,qwen3-embedding,0.6B,cpu,CPU / num_gpu=0,163,0,163,0.3683861539998361,0.001999488999836,0.0,0.366386665,7.099997674231417e-07,0.0,0.0,0.3683868639996035,0.378891090000252,14.458483994409615,14.087841114660598,28.546325109070217,31.8,46.665,46.701,1,cpu:tdp_estimate_120w;gpu:nvml,0.0,1.427316255453511e-06,0.0,1.427316255453511e-06,8.756541444500069e-06,175.13082889000134,,,,,,,4.0,1024.0,14.458483994409615,88.70235579392401
lightning_a100_qwen35,2026-05-11T10:03:08.545426+00:00,batch_embeddings,batch_2,1,ollama_local,qwen3-embedding:0.6b,Qwen3 Embed 0.6B,qwen3-embedding,0.6B,cpu,CPU / num_gpu=0,330,0,330,0.5794129589999102,0.0019801779999102,0.0,0.577432781,6.800000846851617e-07,0.0,0.0,0.5794136389999949,0.5906317679996391,30.65378875918127,23.476874211611538,54.13066297079281,43.25,46.661,46.701,1,cpu:tdp_estimate_120w;gpu:nvml,0.0,2.7065331485396407e-06,0.0,2.7065331485396407e-06,8.201615601635274e-06,164.03231203270548,,,,,,,3.0,1024.0,30.65378875918127,92.89026896721597
lightning_a100_qwen35,2026-05-11T10:03:11.934269+00:00,batch_embeddings,batch_0,0,ollama_local,qwen3-embedding:4b,Qwen3 Embed 4B,qwen3-embedding,4B,cpu,CPU / num_gpu=0,196,0,196,3.3751734190000207,0.0027705350000206,0.0,3.372402884,7.310000000870787e-07,0.0,0.0,3.3751741500000207,3.3865544899999804,147.19559486241087,154.77013230290726,301.9657271653181,36.22058823529411,46.69817647058824,46.749,1,cpu:tdp_estimate_120w;gpu:nvml,0.0,1.5098286358265906e-05,0.0,1.5098286358265906e-05,7.703207325645871e-05,1540.6414651291743,,,,,,,4.0,2560.0,147.19559486241087,750.997932971484
lightning_a100_qwen35,2026-05-11T10:03:13.754100+00:00,batch_embeddings,batch_1,0,ollama_local,qwen3-embedding:4b,Qwen3 Embed 4B,qwen3-embedding,4B,cpu,CPU / num_gpu=0,163,0,163,1.80608372100005,0.00276871600005,0.0,1.803315005,9.499999578110874e-07,0.0,0.0,1.806084671000008,1.8175429829998393,108.7011873366104,79.70543143955719,188.4066187761676,49.83888888888889,46.662777777777784,46.749,1,cpu:tdp_estimate_120w;gpu:nvml,0.0,9.420330938808378e-06,0.0,9.420330938808378e-06,5.779344134238269e-05,1155.868826847654,,,,,,,4.0,2560.0,108.7011873366104,666.8784499178553
lightning_a100_qwen35,2026-05-11T10:03:17.162327+00:00,batch_embeddings,batch_2,0,ollama_local,qwen3-embedding:4b,Qwen3 Embed 4B,qwen3-embedding,4B,cpu,CPU / num_gpu=0,330,0,330,3.3942203000001427,0.0023836980001425,0.0,3.391836602,7.900002856331412e-07,0.0,0.0,3.3942210900004284,3.405963086999691,211.53434979505963,154.73208301111794,366.2664328061776,51.75588235294118,46.69535294117647,46.749,1,cpu:tdp_estimate_120w;gpu:nvml,0.0,1.831332164030888e-05,0.0,1.831332164030888e-05,5.5494914061542054e-05,1109.8982812308411,,,,,,,3.0,2560.0,211.53434979505963,641.0131811971503
lightning_a100_qwen35,2026-05-11T10:03:19.309837+00:00,batch_embeddings,batch_0,1,ollama_local,qwen3-embedding:4b,Qwen3 Embed 4B,qwen3-embedding,4B,cpu,CPU / num_gpu=0,196,0,196,2.133949743999892,0.0028437159998921,0.0,2.131106028,8.699998943484388e-07,0.0,0.0,2.1339506139997866,2.145270182999866,130.38952172273184,98.49088881740528,228.88041054013712,50.65,46.696636363636365,46.701,1,cpu:tdp_estimate_120w;gpu:nvml,0.0,1.1444020527006856e-05,0.0,1.1444020527006856e-05,5.838785983166763e-05,1167.7571966333526,,,,,,,4.0,2560.0,130.38952172273184,665.2526618506727
lightning_a100_qwen35,2026-05-11T10:03:21.140506+00:00,batch_embeddings,batch_1,1,ollama_local,qwen3-embedding:4b,Qwen3 Embed 4B,qwen3-embedding,4B,cpu,CPU / num_gpu=0,163,0,163,1.8168103289999635,0.0026614119999635,0.0,1.814148917,7.500002539018169e-07,0.0,0.0,1.8168110790002177,1.8283721530001456,108.6976867969918,84.36308939467574,193.06077619166751,49.54210526315789,46.67826315789473,46.701,1,cpu:tdp_estimate_120w;gpu:nvml,0.0,9.653038809583376e-06,0.0,9.653038809583376e-06,5.922109699130906e-05,1184.4219398261812,,,,,,,4.0,2560.0,108.6976867969918,666.8569742146736
lightning_a100_qwen35,2026-05-11T10:03:24.551249+00:00,batch_embeddings,batch_2,1,ollama_local,qwen3-embedding:4b,Qwen3 Embed 4B,qwen3-embedding,4B,cpu,CPU / num_gpu=0,330,0,330,3.3974572130000524,0.0024078870000523,0.0,3.395049326,8.590000106778461e-07,0.0,0.0,3.397458072000063,3.4085005679999085,207.6618946052274,154.6948814807993,362.3567760860267,50.77058823529412,46.69958823529412,46.749,1,cpu:tdp_estimate_120w;gpu:nvml,0.0,1.8117838804301333e-05,0.0,1.8117838804301333e-05,5.490254183121616e-05,1098.0508366243234,,,,,,,3.0,2560.0,207.6618946052274,629.278468500689
lightning_a100_qwen35,2026-05-11T10:03:29.636102+00:00,chat,chat_001,0,ollama_local,qwen3.5:0.8b,Qwen 3.5 0.8B,qwen3.5,0.8B,gpu,A100 40GB / Ollama GPU,59,96,155,3.761073142999976,0.0024935079999761,0.030399283,3.728180352,1.7300003491982352e-06,0.460488214,3.2676921379999997,3.761074873000325,3.7719671049999306,21.512123973568023,205.3191317299598,226.8312557035278,4.752631578947368,56.09257894736842,128.731,1,cpu:tdp_estimate_120w;gpu:nvml,0.0,1.1341562785176389e-05,0.0,1.1341562785176389e-05,7.31713728075896e-05,1463.4274561517925,,,,,,,,,205.3191317299598,1324.6395595481276
lightning_a100_qwen35,2026-05-11T10:03:30.456975+00:00,chat,chat_002,0,ollama_local,qwen3.5:0.8b,Qwen 3.5 0.8B,qwen3.5,0.8B,gpu,A100 40GB / Ollama GPU,52,96,148,0.8088144319999628,0.0028547259999628,0.023422127,0.782537579,2.1500000002561137e-06,0.418979385,0.363558194,0.8088165819999631,0.818561592000151,5.3261074252809815,83.17160982077588,88.49771724605687,5.422222222222222,105.80988888888888,130.352,1,cpu:tdp_estimate_120w;gpu:nvml,0.0,4.424885862302843e-06,0.0,4.424885862302843e-06,2.9897877447992176e-05,597.9575489598436,,,,,,,,,83.17160982077588,561.9703366268641
lightning_a100_qwen35,2026-05-11T10:03:31.273083+00:00,chat,chat_003,0,ollama_local,qwen3.5:0.8b,Qwen 3.5 0.8B,qwen3.5,0.8B,gpu,A100 40GB / Ollama GPU,54,96,150,0.8036348509999698,0.0027489929999697,0.024185962,0.776699896,2.27999998969608e-06,0.41851811,0.358181786,0.8036371309999595,0.813836430000265,5.4445657167017725,70.38334498389493,75.8279107005967,5.575,102.9445,126.106,1,cpu:tdp_estimate_120w;gpu:nvml,0.0,3.791395535029835e-06,0.0,3.791395535029835e-06,2.5275970233532233e-05,505.5194046706447,,,,,,,,,70.38334498389493,469.22229989263286
lightning_a100_qwen35,2026-05-11T10:03:32.081562+00:00,chat,chat_004,0,ollama_local,qwen3.5:0.8b,Qwen 3.5 0.8B,qwen3.5,0.8B,gpu,A100 40GB / Ollama GPU,50,96,146,0.7950330329999815,0.0026003109999814,0.022908577,0.769524145,2.0900001800328027e-06,0.419687952,0.349836193,0.7950351230001615,0.8048006929998337,5.22718050103392,71.49639043509951,76.72357093613343,5.4125,105.052,132.424,1,cpu:tdp_estimate_120w;gpu:nvml,0.0,3.8361785468066715e-06,0.0,3.8361785468066715e-06,2.6275195526073097e-05,525.5039105214619,,,,,,,,,71.49639043509951,489.70130434999663
lightning_a100_qwen35,2026-05-11T10:03:32.962393+00:00,chat,chat_005,0,ollama_local,qwen3.5:0.8b,Qwen 3.5 0.8B,qwen3.5,0.8B,gpu,A100 40GB / Ollama GPU,66,96,162,0.8688584239998818,0.0027597349998818,0.087489054,0.778609635,2.0690004021162167e-06,0.416558941,0.362050694,0.8688604930002839,0.8785885830002371,12.499386907483377,77.68273395206378,90.18212085954715,11.855555555555556,100.009,129.939,1,cpu:tdp_estimate_120w;gpu:nvml,0.0,4.509106042977358e-06,0.0,4.509106042977358e-06,2.783398791961332e-05,556.6797583922663,,,,,,,,,77.68273395206378,479.5230490868135
lightning_a100_qwen35,2026-05-11T10:03:33.825012+00:00,chat,chat_001,1,ollama_local,qwen3.5:0.8b,Qwen 3.5 0.8B,qwen3.5,0.8B,gpu,A100 40GB / Ollama GPU,59,96,155,0.8505343059996449,0.0028592759996448,0.07899913,0.7686759,2.159999894502107e-06,0.415749868,0.3529260319999999,0.8505364659995394,0.860366177999822,11.88452480543754,78.00149229241666,89.8860170978542,11.511111111111113,100.41955555555556,129.939,1,cpu:tdp_estimate_120w;gpu:nvml,0.0,4.4943008548927094e-06,0.0,4.4943008548927094e-06,2.899548938640458e-05,579.9097877280915,,,,,,,,,78.00149229241666,503.2354341446236
lightning_a100_qwen35,2026-05-11T10:03:34.639459+00:00,chat,chat_002,1,ollama_local,qwen3.5:0.8b,Qwen 3.5 0.8B,qwen3.5,0.8B,gpu,A100 40GB / Ollama GPU,52,96,148,0.8025266800000281,0.0025802510000281,0.025553718,0.7743927110000001,2.2500003069581e-06,0.416755698,0.357637013,0.8025289300003351,0.8121924369997942,5.384835857308635,68.96141979039763,74.34625564770626,5.5249999999999995,101.210625,124.373,1,cpu:tdp_estimate_120w;gpu:nvml,0.0,3.7173127823853127e-06,0.0,3.7173127823853127e-06,2.511697825936022e-05,502.33956518720447,,,,,,,,,68.96141979039763,465.9555391243083
lightning_a100_qwen35,2026-05-11T10:03:35.446468+00:00,chat,chat_003,1,ollama_local,qwen3.5:0.8b,Qwen 3.5 0.8B,qwen3.5,0.8B,gpu,A100 40GB / Ollama GPU,54,96,150,0.7946110550001322,0.0025328600001321,0.022551449,0.7695267459999999,2.0409997887327336e-06,0.415275427,0.3542513189999999,0.7946130959999209,0.8046818110001368,5.202267908115885,71.78214937467533,76.98441728279121,5.3875,104.825,130.073,1,cpu:tdp_estimate_120w;gpu:nvml,0.0,3.84922086413956e-06,0.0,3.84922086413956e-06,2.566147242759707e-05,513.2294485519415,,,,,,,,,71.78214937467533,478.5476624978355
lightning_a100_qwen35,2026-05-11T10:03:36.273116+00:00,chat,chat_004,1,ollama_local,qwen3.5:0.8b,Qwen 3.5 0.8B,qwen3.5,0.8B,gpu,A100 40GB / Ollama GPU,50,96,146,0.8145356939999147,0.0024634779999146,0.034158706,0.77791351,2.010000116570154e-06,0.41656034,0.36135317,0.8145377040000312,0.8243109939999158,6.990157229119286,83.44409267125239,90.43424990037168,7.066666666666666,105.759,133.301,1,cpu:tdp_estimate_120w;gpu:nvml,0.0,4.521712495018584e-06,0.0,4.521712495018584e-06,3.0970633527524545e-05,619.4126705504909,,,,,,,,,83.44409267125239,571.5348813099479
lightning_a100_qwen35,2026-05-11T10:03:37.084543+00:00,chat,chat_005,1,ollama_local,qwen3.5:0.8b,Qwen 3.5 0.8B,qwen3.5,0.8B,gpu,A100 40GB / Ollama GPU,66,96,162,0.7994938410001851,0.002584160000185,0.025543557,0.771366124,1.7789998310036026e-06,0.417692381,0.353673743,0.7994956200000161,0.8090726169998561,5.097157487099094,70.25800145066606,75.35515893776515,5.25,103.399125,130.218,1,cpu:tdp_estimate_120w;gpu:nvml,0.0,3.767757946888258e-06,0.0,3.767757946888258e-06,2.3257765104248502e-05,465.15530208497006,,,,,,,,,70.25800145066606,433.69136697942014
lightning_a100_qwen35,2026-05-11T10:03:41.594963+00:00,chat,chat_001,0,ollama_local,qwen3.5:4b,Qwen 3.5 4B,qwen3.5,4B,gpu,A100 40GB / Ollama GPU,59,96,155,4.498030412999924,0.0025250679999242,0.053770929,4.441734416,1.8199998521595264e-06,0.790099214,3.651635202,4.498032232999776,4.507794095000008,26.325517514800048,376.83173170860584,403.1572492234058,4.866666666666666,86.96526666666666,189.08,1,cpu:tdp_estimate_120w;gpu:nvml,0.0,2.0157862461170295e-05,0.0,2.0157862461170295e-05,0.0001300507255559,2601.0145111187476,,,,,,,,,376.83173170860584,2431.172462636167
lightning_a100_qwen35,2026-05-11T10:03:42.824364+00:00,chat,chat_002,0,ollama_local,qwen3.5:4b,Qwen 3.5 4B,qwen3.5,4B,gpu,A100 40GB / Ollama GPU,52,96,148,1.2160295040002893,0.0029654490002892,0.050897622,1.162166433,2.781000148388557e-06,0.779578826,0.3825876070000001,1.2160322850004377,1.225980716000322,8.487558803079152,183.256796296059,191.74435509913815,5.769230769230769,154.6966153846154,187.932,1,cpu:tdp_estimate_120w;gpu:nvml,0.0,9.587217754956908e-06,0.0,9.587217754956908e-06,6.477849834430343e-05,1295.5699668860684,,,,,,,,,183.256796296059,1238.2215965949931
lightning_a100_qwen35,2026-05-11T10:03:44.029662+00:00,chat,chat_003,0,ollama_local,qwen3.5:4b,Qwen 3.5 4B,qwen3.5,4B,gpu,A100 40GB / Ollama GPU,54,96,150,1.192905482000242,0.003023738000242,0.059177564,1.13070418,2.019000021391548e-06,0.77812976,0.3525744199999999,1.1929075010002634,1.2027302940000482,8.972367993240358,165.0064506428149,173.97881863605528,6.216666666666666,152.44508333333332,192.301,1,cpu:tdp_estimate_120w;gpu:nvml,0.0,8.698940931802765e-06,0.0,8.698940931802765e-06,5.799293954535177e-05,1159.8587909070352,,,,,,,,,165.0064506428149,1100.0430042854327
lightning_a100_qwen35,2026-05-11T10:03:45.212699+00:00,chat,chat_004,0,ollama_local,qwen3.5:4b,Qwen 3.5 4B,qwen3.5,4B,gpu,A100 40GB / Ollama GPU,50,96,146,1.1706542070000978,0.0027528320000977,0.03787291,1.130028465,1.9899998733308166e-06,0.776235447,0.353793018,1.1706561969999711,1.1804218590000346,6.846446782200201,155.60790827484996,162.45435505705015,4.833333333333333,144.81825,193.177,1,cpu:tdp_estimate_120w;gpu:nvml,0.0,8.122717752852507e-06,0.0,8.122717752852507e-06,5.56350531017295e-05,1112.70106203459,,,,,,,,,155.60790827484996,1065.80759092363
lightning_a100_qwen35,2026-05-11T10:03:46.414520+00:00,chat,chat_005,0,ollama_local,qwen3.5:4b,Qwen 3.5 4B,qwen3.5,4B,gpu,A100 40GB / Ollama GPU,66,96,162,1.189285933000065,0.0028604570000647,0.046334085,1.140091391,2.5600002118153498e-06,0.778411916,0.3616794749999998,1.1892884930002765,1.1992181059999891,7.183316454939934,169.0752407230717,176.2585571780116,4.991666666666666,155.669,189.211,1,cpu:tdp_estimate_120w;gpu:nvml,0.0,8.81292785890058e-06,0.0,8.81292785890058e-06,5.440078925247273e-05,1088.0157850494545,,,,,,,,,169.0752407230717,1043.6743254510598
lightning_a100_qwen35,2026-05-11T10:03:47.594967+00:00,chat,chat_001,1,ollama_local,qwen3.5:4b,Qwen 3.5 4B,qwen3.5,4B,gpu,A100 40GB / Ollama GPU,59,96,155,1.1679813980003928,0.0044510580003926,0.036542882,1.126987458,1.9899998733308166e-06,0.778055086,0.3489323720000001,1.167983388000266,1.1778537489999508,6.595980994399724,172.1051821545177,178.70116314891743,4.666666666666667,158.34366666666668,196.25,1,cpu:tdp_estimate_120w;gpu:nvml,0.0,8.935058157445871e-06,0.0,8.935058157445871e-06,5.7645536499650784e-05,1152.9107299930156,,,,,,,,,172.1051821545177,1110.3560139001142
lightning_a100_qwen35,2026-05-11T10:03:48.778190+00:00,chat,chat_002,1,ollama_local,qwen3.5:4b,Qwen 3.5 4B,qwen3.5,4B,gpu,A100 40GB / Ollama GPU,52,96,148,1.170767036000143,0.002529510000143,0.034205268,1.134032258,2.051000137726078e-06,0.776976841,0.357055417,1.1707690870002807,1.180573498000285,7.496641712301811,169.52913127310828,177.0257729854101,5.291666666666667,156.30341666666666,189.406,1,cpu:tdp_estimate_120w;gpu:nvml,0.0,8.851288649270505e-06,0.0,8.851288649270505e-06,5.980600438696288e-05,1196.1200877392575,,,,,,,,,169.52913127310828,1145.4671031966775
lightning_a100_qwen35,2026-05-11T10:03:49.953095+00:00,chat,chat_003,1,ollama_local,qwen3.5:4b,Qwen 3.5 4B,qwen3.5,4B,gpu,A100 40GB / Ollama GPU,54,96,150,1.162558443999842,0.0035756679998419,0.035835737,1.123147039,2.2300000637187622e-06,0.776089659,0.3470573799999999,1.1625606739999057,1.1723351149998962,6.576799995149417,167.6466716428297,174.22347163797912,4.675,154.6074166666667,197.329,1,cpu:tdp_estimate_120w;gpu:nvml,0.0,8.711173581898955e-06,0.0,8.711173581898955e-06,5.807449054599303e-05,1161.4898109198607,,,,,,,,,167.6466716428297,1117.6444776188646
lightning_a100_qwen35,2026-05-11T10:03:51.131098+00:00,chat,chat_004,1,ollama_local,qwen3.5:4b,Qwen 3.5 4B,qwen3.5,4B,gpu,A100 40GB / Ollama GPU,50,96,146,1.1656716050001703,0.0025049880001706,0.03601972,1.1271468969999998,2.0109996512474027e-06,0.779961788,0.3471851089999997,1.1656736159998218,1.1754670649997934,7.252631791048725,169.68652830159004,176.93916009263876,5.141666666666667,156.28383333333332,189.211,1,cpu:tdp_estimate_120w;gpu:nvml,0.0,8.846958004631937e-06,0.0,8.846958004631937e-06,6.059560277145162e-05,1211.9120554290323,,,,,,,,,169.68652830159004,1162.2364952163703
lightning_a100_qwen35,2026-05-11T10:03:52.310960+00:00,chat,chat_005,1,ollama_local,qwen3.5:4b,Qwen 3.5 4B,qwen3.5,4B,gpu,A100 40GB / Ollama GPU,66,96,162,1.16750963100003,0.00399410700003,0.044004037,1.1195114869999998,2.34099979934399e-06,0.776783641,0.3427278459999998,1.1675119719998293,1.1773189929999717,6.66362550037984,173.25898674667917,179.92261224705902,4.716666666666667,159.311,195.653,1,cpu:tdp_estimate_120w;gpu:nvml,0.0,8.99613061235295e-06,0.0,8.99613061235295e-06,5.553167044662315e-05,1110.633408932463,,,,,,,,,173.25898674667917,1069.4999181893777
lightning_a100_qwen35,2026-05-11T10:03:56.864416+00:00,chat,chat_001,0,ollama_local,qwen3.5:9b,Qwen 3.5 9B,qwen3.5,9B,gpu,A100 40GB / Ollama GPU,59,96,155,4.540756387999863,0.0027746739998635,0.060796423,4.477185291,1.7400002434442283e-06,0.958524152,3.518661139,4.540758128000107,4.550702193000234,31.364230940625955,459.51661704840166,490.8808479890276,5.743478260869565,104.10871739130437,244.653,1,cpu:tdp_estimate_120w;gpu:nvml,0.0,2.4544042399451376e-05,0.0,2.4544042399451376e-05,0.0001583486606416,3166.9732128324363,,,,,,,,,459.51661704840166,2964.6233357961396
lightning_a100_qwen35,2026-05-11T10:03:58.246218+00:00,chat,chat_002,0,ollama_local,qwen3.5:9b,Qwen 3.5 9B,qwen3.5,9B,gpu,A100 40GB / Ollama GPU,52,96,148,1.3690008920002583,0.0029712570002582,0.053172355,1.31285728,2.9600000743812416e-06,0.951926752,0.360930528,1.3690038520003327,1.3790184660001614,8.652355860961013,252.05352369210155,260.7058795530626,5.228571428571429,195.90721428571428,236.385,1,cpu:tdp_estimate_120w;gpu:nvml,0.0,1.3035293977653128e-05,0.0,1.3035293977653128e-05,8.807631065981843e-05,1761.5262131963686,,,,,,,,,252.05352369210155,1703.0643492709564
lightning_a100_qwen35,2026-05-11T10:03:59.664985+00:00,chat,chat_003,0,ollama_local,qwen3.5:9b,Qwen 3.5 9B,qwen3.5,9B,gpu,A100 40GB / Ollama GPU,54,96,150,1.40604389300006,0.0026096400000601,0.052129735,1.3513045179999998,2.8399999791872688e-06,0.944570904,0.4067336139999998,1.4060467330000392,1.416020428000138,8.969477968218019,247.8232749752001,256.7927529434181,5.278571428571429,192.93521428571427,242.236,1,cpu:tdp_estimate_120w;gpu:nvml,0.0,1.2839637647170906e-05,0.0,1.2839637647170906e-05,8.55975843144727e-05,1711.951686289454,,,,,,,,,247.8232749752001,1652.155166501334
lightning_a100_qwen35,2026-05-11T10:04:01.009788+00:00,chat,chat_004,0,ollama_local,qwen3.5:9b,Qwen 3.5 9B,qwen3.5,9B,gpu,A100 40GB / Ollama GPU,50,96,146,1.3321005640000294,0.0025103590000294,0.042325495,1.28726471,2.4200003281293903e-06,0.94602485,0.3412398599999998,1.3321029840003575,1.3420923290000246,7.155269388325846,262.33892660856327,269.4941959968891,4.442857142857143,203.4182142857143,247.257,1,cpu:tdp_estimate_120w;gpu:nvml,0.0,1.3474709799844457e-05,0.0,1.3474709799844457e-05,9.229253287564696e-05,1845.8506575129393,,,,,,,,,262.33892660856327,1796.841963072351
lightning_a100_qwen35,2026-05-11T10:04:02.370918+00:00,chat,chat_005,0,ollama_local,qwen3.5:9b,Qwen 3.5 9B,qwen3.5,9B,gpu,A100 40GB / Ollama GPU,66,96,162,1.3484040280000045,0.0025584700000045,0.055550922,1.290294636,2.051000137726078e-06,0.940418583,0.349876053,1.3484060790001422,1.3583839810003155,7.8126484392961,254.14511344298631,261.9577618822824,4.792857142857143,197.60585714285713,246.659,1,cpu:tdp_estimate_120w;gpu:nvml,0.0,1.309788809411412e-05,0.0,1.309788809411412e-05,8.085116107477852e-05,1617.0232214955704,,,,,,,,,254.14511344298631,1568.796996561644
lightning_a100_qwen35,2026-05-11T10:04:03.764819+00:00,chat,chat_001,1,ollama_local,qwen3.5:9b,Qwen 3.5 9B,qwen3.5,9B,gpu,A100 40GB / Ollama GPU,59,96,155,1.381138756999917,0.0024092459999169,0.084329008,1.294400503,1.7899997146741953e-06,0.946959467,0.3474410359999998,1.3811405469996316,1.391150282000126,12.41303523053255,246.9079904587585,259.32102568929105,7.435714285714285,192.41357142857143,244.328,1,cpu:tdp_estimate_120w;gpu:nvml,0.0,1.2966051284464552e-05,0.0,1.2966051284464552e-05,8.365194377073904e-05,1673.038875414781,,,,,,,,,246.9079904587585,1592.9547771532807
lightning_a100_qwen35,2026-05-11T10:04:05.127527+00:00,chat,chat_002,1,ollama_local,qwen3.5:9b,Qwen 3.5 9B,qwen3.5,9B,gpu,A100 40GB / Ollama GPU,52,96,148,1.3500162129998898,0.0026510309998897,0.057977837,1.2893873450000002,2.0200000108161476e-06,0.94679457,0.3425927750000002,1.3500182329999006,1.3599524859996563,8.765865166900642,250.38390454432692,259.1497697112276,5.371428571428572,195.46264285714284,243.982,1,cpu:tdp_estimate_120w;gpu:nvml,0.0,1.295748848556138e-05,0.0,1.295748848556138e-05,8.755059787541473e-05,1751.0119575082945,,,,,,,,,250.38390454432692,1691.7831388130198
lightning_a100_qwen35,2026-05-11T10:04:06.560226+00:00,chat,chat_003,1,ollama_local,qwen3.5:9b,Qwen 3.5 9B,qwen3.5,9B,gpu,A100 40GB / Ollama GPU,54,96,150,1.419817017999776,0.002346433999776,0.124089072,1.2933815119999998,1.869999778136844e-06,0.942060498,0.3513210139999998,1.419818887999554,1.4299698360000548,16.793565753984648,267.6493920734393,284.4429578274239,9.786666666666669,193.69626666666667,244.328,1,cpu:tdp_estimate_120w;gpu:nvml,0.0,1.4222147891371196e-05,0.0,1.4222147891371196e-05,9.481431927580798e-05,1896.2863855161595,,,,,,,,,267.6493920734393,1784.3292804895952
lightning_a100_qwen35,2026-05-11T10:04:07.956391+00:00,chat,chat_004,1,ollama_local,qwen3.5:9b,Qwen 3.5 9B,qwen3.5,9B,gpu,A100 40GB / Ollama GPU,50,96,146,1.3825550449996626,0.0024882079996626,0.093830574,1.286236263,2.249999852210749e-06,0.939879712,0.3463565509999999,1.3825572949995149,1.3934322069999323,14.26078332992502,245.8682006262633,260.12898395618834,8.528571428571428,191.9077142857143,249.622,1,cpu:tdp_estimate_120w;gpu:nvml,0.0,1.3006449197809416e-05,0.0,1.3006449197809416e-05,8.908526847814669e-05,1781.7053695629338,,,,,,,,,245.8682006262633,1684.0287714127624
lightning_a100_qwen35,2026-05-11T10:04:09.328134+00:00,chat,chat_005,1,ollama_local,qwen3.5:9b,Qwen 3.5 9B,qwen3.5,9B,gpu,A100 40GB / Ollama GPU,66,96,162,1.356694214000072,0.0024577390000719,0.068517861,1.285718614,1.880000127130188e-06,0.943988528,0.3417300860000001,1.356696094000199,1.366653776000021,8.891058994148707,254.664623914733,263.5556829088817,5.421428571428572,198.4005,242.855,1,cpu:tdp_estimate_120w;gpu:nvml,0.0,1.3177784145444084e-05,0.0,1.3177784145444084e-05,8.134434657681533e-05,1626.8869315363067,,,,,,,,,254.664623914733,1572.0038513255124
lightning_a100_qwen35,2026-05-11T10:04:10.141666+00:00,summarization,classroom_notebooks,0,ollama_local,qwen3.5:0.8b,Qwen 3.5 0.8B,qwen3.5,0.8B,gpu,A100 40GB / Ollama GPU,144,96,240,0.8008199470000363,0.0026599320000363,0.030308939,0.767851076,1.910000264615519e-06,0.416903001,0.350948075,0.800821857000301,0.8106233969997447,5.021811944413418,74.76387434529516,79.78568628970858,5.1625,115.821,238.736,1,cpu:tdp_estimate_120w;gpu:nvml,0.0,3.989284314485429e-06,0.0,3.989284314485429e-06,1.6622017977022622e-05,332.44035954045245,,,,,,,,,74.76387434529516,311.5161431053965
lightning_a100_qwen35,2026-05-11T10:04:10.971726+00:00,summarization,python_llm_costs,0,ollama_local,qwen3.5:0.8b,Qwen 3.5 0.8B,qwen3.5,0.8B,gpu,A100 40GB / Ollama GPU,175,96,271,0.8170740930004285,0.0028898750004285,0.042950965,0.771233253,1.4410002222575713e-06,0.420007107,0.351226146,0.8170755340006508,0.8274017630001254,6.497861845427651,87.62784165492164,94.12570350034927,6.544444444444444,111.63988888888888,134.588,1,cpu:tdp_estimate_120w;gpu:nvml,0.0,4.706285175017464e-06,0.0,4.706285175017464e-06,1.7366365959474038e-05,347.32731918948076,,,,,,,,,87.62784165492164,323.3499692063529
lightning_a100_qwen35,2026-05-11T10:04:11.787633+00:00,summarization,rag_pipeline,0,ollama_local,qwen3.5:0.8b,Qwen 3.5 0.8B,qwen3.5,0.8B,gpu,A100 40GB / Ollama GPU,159,96,255,0.8033410749999348,0.0027820119999347,0.038349365,0.762209698,1.8600003386382016e-06,0.418453713,0.343755985,0.8033429350002734,0.8131765469997845,5.635313470708507,73.74587544065457,79.38118891136308,5.775,107.452875,136.662,1,cpu:tdp_estimate_120w;gpu:nvml,0.0,3.969059445568154e-06,0.0,3.969059445568154e-06,1.5564939002228056e-05,311.2987800445611,,,,,,,,,73.74587544065457,289.1995115319787
lightning_a100_qwen35,2026-05-11T10:04:12.625971+00:00,summarization,classroom_notebooks,1,ollama_local,qwen3.5:0.8b,Qwen 3.5 0.8B,qwen3.5,0.8B,gpu,A100 40GB / Ollama GPU,144,96,240,0.8258112329999676,0.0028961469999676,0.04990014,0.773014946,1.8299997464055195e-06,0.417883795,0.355131151,0.825813062999714,0.8356308839997837,7.632095407198023,86.8116141492186,94.44370955641662,7.611111111111111,109.93033333333332,139.016,1,cpu:tdp_estimate_120w;gpu:nvml,0.0,4.722185477820831e-06,0.0,4.722185477820831e-06,1.9675772824253466e-05,393.5154564850693,,,,,,,,,86.8116141492186,361.7150589550775
lightning_a100_qwen35,2026-05-11T10:04:13.461812+00:00,summarization,python_llm_costs,1,ollama_local,qwen3.5:0.8b,Qwen 3.5 0.8B,qwen3.5,0.8B,gpu,A100 40GB / Ollama GPU,175,96,271,0.8234330059999593,0.0026441519999592,0.048741468,0.772047386,1.781000264600152e-06,0.421293173,0.350754213,0.8234347870002239,0.8331909759999689,7.654247766186382,86.88939086077409,94.54363862696049,7.655555555555556,109.91822222222224,130.678,1,cpu:tdp_estimate_120w;gpu:nvml,0.0,4.727181931348024e-06,0.0,4.727181931348024e-06,1.7443475761431823e-05,348.86951522863643,,,,,,,,,86.88939086077409,320.62505852684166
lightning_a100_qwen35,2026-05-11T10:04:14.270384+00:00,summarization,rag_pipeline,1,ollama_local,qwen3.5:0.8b,Qwen 3.5 0.8B,qwen3.5,0.8B,gpu,A100 40GB / Ollama GPU,159,96,255,0.7961850869996852,0.0026035309996851,0.029728627,0.763852929,1.969999630091479e-06,0.418288135,0.345564794,0.7961870569993152,0.8058440039999368,4.7383627435196285,73.42033344790875,78.15869619142838,4.9,106.77225,132.424,1,cpu:tdp_estimate_120w;gpu:nvml,0.0,3.9079348095714184e-06,0.0,3.9079348095714184e-06,1.5325234547338894e-05,306.50469094677794,,,,,,,,,73.42033344790875,287.9228762663088
lightning_a100_qwen35,2026-05-11T10:04:15.529962+00:00,summarization,classroom_notebooks,0,ollama_local,qwen3.5:4b,Qwen 3.5 4B,qwen3.5,4B,gpu,A100 40GB / Ollama GPU,144,96,240,1.2470872919998328,0.0027180039998329,0.119995852,1.124373436,1.7100001059588976e-06,0.773455832,0.3509176039999999,1.2470890019999388,1.2568663520000882,13.690175034093269,177.13954340249524,190.8297184365885,9.076923076923077,148.1493076923077,194.372,1,cpu:tdp_estimate_120w;gpu:nvml,0.0,9.541485921829423e-06,0.0,9.541485921829423e-06,3.9756191340955934e-05,795.1238268191188,,,,,,,,,177.13954340249524,738.0814308437301
lightning_a100_qwen35,2026-05-11T10:04:16.741384+00:00,summarization,python_llm_costs,0,ollama_local,qwen3.5:4b,Qwen 3.5 4B,qwen3.5,4B,gpu,A100 40GB / Ollama GPU,175,96,271,1.198400374999892,0.0027707239998919,0.064599366,1.131030285,1.7100001059588976e-06,0.78312102,0.3479092650000001,1.198402084999998,1.208215705999919,7.358033649539507,172.15381773359252,179.511851383132,5.075,158.95291666666665,196.452,1,cpu:tdp_estimate_120w;gpu:nvml,0.0,8.9755925691566e-06,0.0,8.9755925691566e-06,3.312026778286569e-05,662.4053556573137,,,,,,,,,172.15381773359252,635.2539399763562
lightning_a100_qwen35,2026-05-11T10:04:17.945913+00:00,summarization,rag_pipeline,0,ollama_local,qwen3.5:4b,Qwen 3.5 4B,qwen3.5,4B,gpu,A100 40GB / Ollama GPU,159,96,255,1.1920188620001682,0.0027902040001681,0.075967317,1.113261341,1.7809998098528013e-06,0.77305273,0.3402086110000001,1.192020642999978,1.2018238310001834,8.424785055311284,165.0173042051969,173.44208926050817,5.841666666666666,152.90833333333333,193.775,1,cpu:tdp_estimate_120w;gpu:nvml,0.0,8.672104463025408e-06,0.0,8.672104463025408e-06,3.400825279617807e-05,680.1650559235615,,,,,,,,,165.0173042051969,647.1266831576348
lightning_a100_qwen35,2026-05-11T10:04:19.163382+00:00,summarization,classroom_notebooks,1,ollama_local,qwen3.5:4b,Qwen 3.5 4B,qwen3.5,4B,gpu,A100 40GB / Ollama GPU,144,96,240,1.2050164030001724,0.0028131730001723,0.073695022,1.128508208,2.2700000954500865e-06,0.776578989,0.3519292189999999,1.205018673000268,1.2147363529998074,9.34132255456852,164.89651985446812,174.23784240903666,6.408333333333334,152.42866666666666,200.549,1,cpu:tdp_estimate_120w;gpu:nvml,0.0,8.711892120451833e-06,0.0,8.711892120451833e-06,3.629955050188264e-05,725.9910100376528,,,,,,,,,164.89651985446812,687.0688327269505
lightning_a100_qwen35,2026-05-11T10:04:20.398014+00:00,summarization,python_llm_costs,1,ollama_local,qwen3.5:4b,Qwen 3.5 4B,qwen3.5,4B,gpu,A100 40GB / Ollama GPU,175,96,271,1.2213079489997654,0.0038572249997652,0.077981106,1.139469618,1.8499999896448571e-06,0.785229989,0.3542396290000001,1.221309798999755,1.231050249999953,8.727199310768896,186.2263422050907,194.9535415158596,5.907692307692307,156.65284615384616,190.826,1,cpu:tdp_estimate_120w;gpu:nvml,0.0,9.74767707579298e-06,0.0,9.74767707579298e-06,3.596928810255712e-05,719.3857620511425,,,,,,,,,186.2263422050907,687.1820745575302
lightning_a100_qwen35,2026-05-11T10:04:21.714239+00:00,summarization,rag_pipeline,1,ollama_local,qwen3.5:4b,Qwen 3.5 4B,qwen3.5,4B,gpu,A100 40GB / Ollama GPU,159,96,255,1.243002252000224,0.0027462430002238,0.117608335,1.1226476740000002,1.829000211728271e-06,0.774686401,0.3479612730000002,1.2430040810004357,1.3135210420000476,13.78590853619127,182.46709106617917,196.25299960237044,8.746153846153847,153.65476923076923,200.549,1,cpu:tdp_estimate_120w;gpu:nvml,0.0,9.81264998011852e-06,0.0,9.81264998011852e-06,3.8480980314190275e-05,769.6196062838056,,,,,,,,,182.46709106617917,715.5572198673693
lightning_a100_qwen35,2026-05-11T10:04:23.196609+00:00,summarization,classroom_notebooks,0,ollama_local,qwen3.5:9b,Qwen 3.5 9B,qwen3.5,9B,gpu,A100 40GB / Ollama GPU,144,96,240,1.4693555030003154,0.0027945250003154,0.165987497,1.300573481,2.1800001377414446e-06,0.945536232,0.355037249,1.469357683000453,1.4796521220000614,18.32401187884876,258.363812909003,276.68782478785175,10.32,185.8430666666667,247.622,1,cpu:tdp_estimate_120w;gpu:nvml,0.0,1.3834391239392588e-05,0.0,1.3834391239392588e-05,5.764329683080245e-05,1152.8659366160489,,,,,,,,,258.363812909003,1076.5158871208457
lightning_a100_qwen35,2026-05-11T10:04:24.610150+00:00,summarization,python_llm_costs,0,ollama_local,qwen3.5:9b,Qwen 3.5 9B,qwen3.5,9B,gpu,A100 40GB / Ollama GPU,175,96,271,1.4007811490000677,0.0030492490000677,0.095926504,1.301805396,2.4800001483527012e-06,0.952807834,0.348997562,1.400783629000216,1.4108411950001027,9.674339622857849,258.60944172696,268.28378134981784,5.714285714285714,200.7492857142857,251.7,1,cpu:tdp_estimate_120w;gpu:nvml,0.0,1.3414189067490892e-05,0.0,1.3414189067490892e-05,4.9498852647567866e-05,989.9770529513576,,,,,,,,,258.60944172696,954.2783827563098
lightning_a100_qwen35,2026-05-11T10:04:26.065543+00:00,summarization,rag_pipeline,0,ollama_local,qwen3.5:9b,Qwen 3.5 9B,qwen3.5,9B,gpu,A100 40GB / Ollama GPU,159,96,255,1.4426110120002704,0.0025513100002703,0.09417519,1.345884512,1.8999999156221747e-06,0.977878173,0.368006339,1.442612912000186,1.452685387999736,9.971232503230189,269.8539974669578,279.825229970188,5.72,194.84793333333337,243.105,1,cpu:tdp_estimate_120w;gpu:nvml,0.0,1.39912614985094e-05,0.0,1.39912614985094e-05,5.4867692151017255e-05,1097.353843020345,,,,,,,,,269.8539974669578,1058.250970458658
lightning_a100_qwen35,2026-05-11T10:04:27.482040+00:00,summarization,classroom_notebooks,1,ollama_local,qwen3.5:9b,Qwen 3.5 9B,qwen3.5,9B,gpu,A100 40GB / Ollama GPU,144,96,240,1.4033108779999566,0.0029273459999565,0.090350947,1.310032585,2.2989997887634672e-06,0.944926607,0.3651059780000001,1.4033131769997451,1.4138098720000016,9.86435344978287,245.12554390174347,254.9898973515263,5.814285714285715,191.30857142857144,248.149,1,cpu:tdp_estimate_120w;gpu:nvml,0.0,1.2749494867576316e-05,0.0,1.2749494867576316e-05,5.312289528156798e-05,1062.4579056313596,,,,,,,,,245.12554390174347,1021.356432923931
lightning_a100_qwen35,2026-05-11T10:04:28.881143+00:00,summarization,python_llm_costs,1,ollama_local,qwen3.5:9b,Qwen 3.5 9B,qwen3.5,9B,gpu,A100 40GB / Ollama GPU,175,96,271,1.3864139299998897,0.0026593419998897,0.085889688,1.2978649,2.0900001800328027e-06,0.947963986,0.349900914,1.3864160200000697,1.3963973449999685,8.498075270999808,257.3328087870752,265.830884058075,5.071428571428571,199.6422142857143,246.079,1,cpu:tdp_estimate_120w;gpu:nvml,0.0,1.329154420290375e-05,0.0,1.329154420290375e-05,4.904628857160055e-05,980.9257714320112,,,,,,,,,257.3328087870752,949.5675600999084
lightning_a100_qwen35,2026-05-11T10:04:30.276348+00:00,summarization,rag_pipeline,1,ollama_local,qwen3.5:9b,Qwen 3.5 9B,qwen3.5,9B,gpu,A100 40GB / Ollama GPU,159,96,255,1.3826748460001,0.0026737310000999,0.083156535,1.29684458,1.720000000204891e-06,0.947318873,0.3495257069999999,1.3826765660001,1.3925010280004244,8.259520383225375,258.9229415870967,267.1824619703221,4.942857142857143,201.13807142857144,249.622,1,cpu:tdp_estimate_120w;gpu:nvml,0.0,1.3359123098516103e-05,0.0,1.3359123098516103e-05,5.238871803339649e-05,1047.7743606679296,,,,,,,,,258.9229415870967,1015.3840846552813
lightning_a100_qwen35,2026-05-11T10:04:31.105100+00:00,classification,cls_001,0,ollama_local,qwen3.5:0.8b,Qwen 3.5 0.8B,qwen3.5,0.8B,gpu,A100 40GB / Ollama GPU,65,96,161,0.8158733800000846,0.0024454880000845,0.045042325,0.7683855669999999,4.410999736137455e-06,0.417742693,0.3506428739999999,0.8158777909998207,0.8258710639997844,7.395675378118069,98.00684969628144,105.4025250743995,7.4625,143.392875,246.747,1,cpu:tdp_estimate_120w;gpu:nvml,0.0,5.270126253719975e-06,0.0,5.270126253719975e-06,3.27337034392545e-05,654.6740687850901,,False,,,,,,,98.00684969628144,608.7381968713132
lightning_a100_qwen35,2026-05-11T10:04:31.921771+00:00,classification,cls_002,0,ollama_local,qwen3.5:0.8b,Qwen 3.5 0.8B,qwen3.5,0.8B,gpu,A100 40GB / Ollama GPU,66,96,162,0.8042085330002919,0.0025295290002919,0.033285697,0.768393307,4.300000000512227e-06,0.417212881,0.351180426,0.8042128330002924,0.8139764219999961,6.28796785994997,72.3097234426299,78.59769130257988,6.4375,106.106125,133.159,1,cpu:tdp_estimate_120w;gpu:nvml,0.0,3.929884565128993e-06,0.0,3.929884565128993e-06,2.425854669832712e-05,485.1709339665424,,False,,,,,,,72.3097234426299,446.3563175470982
lightning_a100_qwen35,2026-05-11T10:04:32.741632+00:00,classification,cls_003,0,ollama_local,qwen3.5:0.8b,Qwen 3.5 0.8B,qwen3.5,0.8B,gpu,A100 40GB / Ollama GPU,61,96,157,0.8072319500001868,0.0024063250001867,0.039740912,0.765084713,4.789999820786761e-06,0.418275891,0.346808822,0.8072367400000076,0.817197694999777,6.929836453598109,83.20610347486223,90.13593992846036,7.066666666666666,106.55833333333334,137.724,1,cpu:tdp_estimate_120w;gpu:nvml,0.0,4.506796996423017e-06,0.0,4.506796996423017e-06,2.8705713353012847e-05,574.114267060257,,False,,,,,,,83.20610347486223,529.9751813685492
lightning_a100_qwen35,2026-05-11T10:04:33.572982+00:00,classification,cls_004,0,ollama_local,qwen3.5:0.8b,Qwen 3.5 0.8B,qwen3.5,0.8B,gpu,A100 40GB / Ollama GPU,68,96,164,0.8183997679998356,0.0025802389998356,0.041254811,0.7745647179999999,4.640000042854808e-06,0.417298167,0.3572665509999999,0.8184044079998785,0.8286678879999272,6.7729788712527395,85.4603032084942,92.23328207974694,6.811111111111112,109.04944444444445,133.022,1,cpu:tdp_estimate_120w;gpu:nvml,0.0,4.611664103987347e-06,0.0,4.611664103987347e-06,2.811990307309358e-05,562.3980614618715,,False,,,,,,,85.4603032084942,521.0994098078914
lightning_a100_qwen35,2026-05-11T10:04:34.429121+00:00,classification,cls_005,0,ollama_local,qwen3.5:0.8b,Qwen 3.5 0.8B,qwen3.5,0.8B,gpu,A100 40GB / Ollama GPU,66,96,162,0.8437377109999034,0.0027612729999033,0.071594061,0.769382377,3.8100001802376937e-06,0.415886134,0.353496243,0.8437415210000836,0.8534599190002155,11.04946108465612,84.73572737326421,95.78518845792031,10.788888888888888,108.12011111111111,132.235,1,cpu:tdp_estimate_120w;gpu:nvml,0.0,4.789259422896016e-06,0.0,4.789259422896016e-06,2.956332977096306e-05,591.2665954192613,,False,,,,,,,84.73572737326421,523.0600455139767
lightning_a100_qwen35,2026-05-11T10:04:35.238577+00:00,classification,cls_006,0,ollama_local,qwen3.5:0.8b,Qwen 3.5 0.8B,qwen3.5,0.8B,gpu,A100 40GB / Ollama GPU,66,96,162,0.7966379839999718,0.0025205079999717,0.036505079,0.757612397,3.96999985241564e-06,0.417354824,0.340257573,0.7966419539998242,0.8068065930001467,6.280989326506142,71.18068393562284,77.46167326212898,6.4875,104.805875,132.561,1,cpu:tdp_estimate_120w;gpu:nvml,0.0,3.873083663106449e-06,0.0,3.873083663106449e-06,2.390792384633611e-05,478.1584769267222,,False,,,,,,,71.18068393562284,439.38693787421505
lightning_a100_qwen35,2026-05-11T10:04:36.057361+00:00,classification,cls_007,0,ollama_local,qwen3.5:0.8b,Qwen 3.5 0.8B,qwen3.5,0.8B,gpu,A100 40GB / Ollama GPU,61,96,157,0.8064341159997639,0.0025270179997638,0.036884026,0.7670230720000001,5.160000000614673e-06,0.416270867,0.3507522050000001,0.8064392759997645,0.8161502849998215,6.975364435798474,83.90741959563736,90.88278403143585,7.122222222222222,107.56333333333332,136.662,1,cpu:tdp_estimate_120w;gpu:nvml,0.0,4.544139201571792e-06,0.0,4.544139201571792e-06,2.8943561793450905e-05,578.871235869018,,False,,,,,,,83.90741959563736,534.4421630295374
lightning_a100_qwen35,2026-05-11T10:04:36.864698+00:00,classification,cls_008,0,ollama_local,qwen3.5:0.8b,Qwen 3.5 0.8B,qwen3.5,0.8B,gpu,A100 40GB / Ollama GPU,65,96,161,0.794986353999775,0.0025415809997749,0.025506216,0.766938557,4.779999926540768e-06,0.414668584,0.352269973,0.7949911339997016,0.8046748719998504,5.576396862958964,73.23639748954109,78.81279435250005,5.775,107.61325,133.573,1,cpu:tdp_estimate_120w;gpu:nvml,0.0,3.940639717625002e-06,0.0,3.940639717625002e-06,2.447602309083852e-05,489.5204618167705,,False,,,,,,,73.23639748954109,454.88445645677695
lightning_a100_qwen35,2026-05-11T10:04:37.663755+00:00,classification,cls_001,1,ollama_local,qwen3.5:0.8b,Qwen 3.5 0.8B,qwen3.5,0.8B,gpu,A100 40GB / Ollama GPU,65,96,161,0.7866710020002756,0.0025397190002756,0.024333553,0.7597977300000001,4.73000000056345e-06,0.417340235,0.342457495,0.7866757320002762,0.7963962010003343,4.981458237257091,73.81185444974679,78.79331268700388,5.2125,108.141875,135.373,1,cpu:tdp_estimate_120w;gpu:nvml,0.0,3.939665634350194e-06,0.0,3.939665634350194e-06,2.44699728841627e-05,489.3994576832539,,False,,,,,,,73.81185444974679,458.45872329035274
lightning_a100_qwen35,2026-05-11T10:04:38.538530+00:00,classification,cls_002,1,ollama_local,qwen3.5:0.8b,Qwen 3.5 0.8B,qwen3.5,0.8B,gpu,A100 40GB / Ollama GPU,66,96,162,0.8622699809998267,0.0027084829998266,0.087834428,0.7717270700000001,6.08000027568778e-06,0.415153322,0.3565737480000001,0.8622760610001023,0.8720761619997575,12.534641368476514,82.39399377005367,94.92863513853018,11.977777777777778,105.1318888888889,130.678,1,cpu:tdp_estimate_120w;gpu:nvml,0.0,4.746431756926509e-06,0.0,4.746431756926509e-06,2.9298961462509312e-05,585.9792292501863,,False,,,,,,,82.39399377005367,508.6048998151461
lightning_a100_qwen35,2026-05-11T10:04:39.357953+00:00,classification,cls_003,1,ollama_local,qwen3.5:0.8b,Qwen 3.5 0.8B,qwen3.5,0.8B,gpu,A100 40GB / Ollama GPU,61,96,157,0.8069215849995999,0.0025083989995998,0.035427589,0.768985597,4.738999905384844e-06,0.415953083,0.353032514,0.8069263239995053,0.8167205159998048,6.795114693118375,84.83565671420283,91.6307714073212,6.933333333333334,108.34666666666666,134.309,1,cpu:tdp_estimate_120w;gpu:nvml,0.0,4.5815385703660606e-06,0.0,4.5815385703660606e-06,2.9181774333541782e-05,583.6354866708358,,False,,,,,,,84.83565671420283,540.3545013643493
lightning_a100_qwen35,2026-05-11T10:04:40.172519+00:00,classification,cls_004,1,ollama_local,qwen3.5:0.8b,Qwen 3.5 0.8B,qwen3.5,0.8B,gpu,A100 40GB / Ollama GPU,68,96,164,0.8019140789997437,0.0027778259997436,0.037810824,0.761325429,3.589099969758536e-05,0.416489065,0.344836364,0.8019499699994412,0.8119051310000032,6.332860021800025,71.06463546527553,77.39749548707556,6.5,105.2415,136.25,1,cpu:tdp_estimate_120w;gpu:nvml,0.0,3.869874774353778e-06,0.0,3.869874774353778e-06,2.3596797404596206e-05,471.9359480919241,,False,,,,,,,71.06463546527553,433.3209479589971
lightning_a100_qwen35,2026-05-11T10:04:40.998538+00:00,classification,cls_005,1,ollama_local,qwen3.5:0.8b,Qwen 3.5 0.8B,qwen3.5,0.8B,gpu,A100 40GB / Ollama GPU,66,96,162,0.8134992729997066,0.0024581879997065,0.041412025,0.7696290600000001,2.309100000275066e-05,0.416732697,0.3528963630000001,0.8135223639997093,0.8232933839999532,7.38768596575958,84.6852660469692,92.0729520127288,7.477777777777778,108.11533333333334,137.399,1,cpu:tdp_estimate_120w;gpu:nvml,0.0,4.6036476006364395e-06,0.0,4.6036476006364395e-06,2.8417577781706416e-05,568.3515556341283,,False,,,,,,,84.6852660469692,522.7485558454889
lightning_a100_qwen35,2026-05-11T10:04:41.821841+00:00,classification,cls_006,1,ollama_local,qwen3.5:0.8b,Qwen 3.5 0.8B,qwen3.5,0.8B,gpu,A100 40GB / Ollama GPU,66,96,162,0.810652967000351,0.002462757000351,0.036748255,0.771441955,4.359999820735538e-06,0.418131089,0.353310866,0.8106573270001718,0.8206247519997305,6.586881342717836,86.20071895664894,92.78760029936676,6.688888888888889,109.78755555555556,135.373,1,cpu:tdp_estimate_120w;gpu:nvml,0.0,4.639380014968339e-06,0.0,4.639380014968339e-06,2.8638148240545303e-05,572.762964810906,,False,,,,,,,86.20071895664894,532.1032034361046
lightning_a100_qwen35,2026-05-11T10:04:42.629523+00:00,classification,cls_007,1,ollama_local,qwen3.5:0.8b,Qwen 3.5 0.8B,qwen3.5,0.8B,gpu,A100 40GB / Ollama GPU,61,96,157,0.7952898190001179,0.0025928800001178,0.031197036,0.761499903,5.140000212122686e-06,0.417590974,0.343908929,0.79529495900033,0.8050064980002389,5.639070518491674,72.36414120858261,78.00321172707429,5.8375,105.984625,129.747,1,cpu:tdp_estimate_120w;gpu:nvml,0.0,3.900160586353714e-06,0.0,3.900160586353714e-06,2.4841787174227475e-05,496.8357434845496,,False,,,,,,,72.36414120858261,460.91809686995293
lightning_a100_qwen35,2026-05-11T10:04:43.531933+00:00,classification,cls_008,1,ollama_local,qwen3.5:0.8b,Qwen 3.5 0.8B,qwen3.5,0.8B,gpu,A100 40GB / Ollama GPU,65,96,161,0.8899117989999468,0.0025617899999467,0.118177947,0.769172062,3.9720002860121895e-06,0.418070915,0.351101147,0.8899157710002328,0.8996903390002444,16.578293979977836,74.5766928249748,91.15498680495264,15.355555555555554,97.02822222222224,134.17,1,cpu:tdp_estimate_120w;gpu:nvml,0.0,4.557749340247632e-06,0.0,4.557749340247632e-06,2.8309002113339332e-05,566.1800422667866,,False,,,,,,,74.5766928249748,463.2092722048124
lightning_a100_qwen35,2026-05-11T10:04:44.726511+00:00,classification,cls_001,0,ollama_local,qwen3.5:4b,Qwen 3.5 4B,qwen3.5,4B,gpu,A100 40GB / Ollama GPU,65,96,161,1.1820179859996642,0.0025116279996642,0.051811377,1.127694981,4.811000053450698e-06,0.776413302,0.351281679,1.1820227969997177,1.191829936999966,7.901832482309774,162.36655150323534,170.2683839855451,5.5249999999999995,147.71441666666666,190.555,1,cpu:tdp_estimate_120w;gpu:nvml,0.0,8.513419199277255e-06,0.0,8.513419199277255e-06,5.28783801197345e-05,1057.56760239469,,False,,,,,,,162.36655150323534,1008.4878975356232
lightning_a100_qwen35,2026-05-11T10:04:45.961328+00:00,classification,cls_002,0,ollama_local,qwen3.5:4b,Qwen 3.5 4B,qwen3.5,4B,gpu,A100 40GB / Ollama GPU,66,96,162,1.2222235079998427,0.0025959609998427,0.09573438,1.123893167,4.699999863078119e-06,0.780118263,0.3437749040000001,1.2222282079997058,1.2320586199998615,12.53287937759859,191.1336761570928,203.66655553469135,8.476923076923077,161.02192307692306,196.126,1,cpu:tdp_estimate_120w;gpu:nvml,0.0,1.018332777673457e-05,0.0,1.018332777673457e-05,6.286004800453438e-05,1257.2009600906874,,False,,,,,,,191.1336761570928,1179.8375071425482
lightning_a100_qwen35,2026-05-11T10:04:47.149992+00:00,classification,cls_003,0,ollama_local,qwen3.5:4b,Qwen 3.5 4B,qwen3.5,4B,gpu,A100 40GB / Ollama GPU,61,96,157,1.1756357420003951,0.0023685870003951,0.04419209,1.129075065,4.280000212020241e-06,0.777885789,0.351189276,1.1756400220006071,1.1859524129999954,7.732409732759971,172.4037410785913,180.13615081135129,5.433333333333334,158.95783333333333,194.101,1,cpu:tdp_estimate_120w;gpu:nvml,0.0,9.006807540567564e-06,0.0,9.006807540567564e-06,5.73682008953348e-05,1147.364017906696,,False,,,,,,,172.4037410785913,1098.1130005005816
lightning_a100_qwen35,2026-05-11T10:04:48.349348+00:00,classification,cls_004,0,ollama_local,qwen3.5:4b,Qwen 3.5 4B,qwen3.5,4B,gpu,A100 40GB / Ollama GPU,68,96,164,1.1866343159999817,0.0024647359999814,0.053755505,1.130414075,4.568999884213554e-06,0.77987584,0.350538235,1.1866388849998657,1.1966322299999774,8.304627676199845,174.02324884200596,182.3278765182058,5.783333333333334,160.17033333333333,193.503,1,cpu:tdp_estimate_120w;gpu:nvml,0.0,9.11639382591029e-06,0.0,9.11639382591029e-06,5.558776723116031e-05,1111.7553446232062,,False,,,,,,,174.02324884200596,1061.1173709878412
lightning_a100_qwen35,2026-05-11T10:04:49.540491+00:00,classification,cls_005,0,ollama_local,qwen3.5:4b,Qwen 3.5 4B,qwen3.5,4B,gpu,A100 40GB / Ollama GPU,66,96,162,1.178144321000218,0.002562460000218,0.052354528,1.123227333,4.660999820771394e-06,0.777567813,0.34565952,1.1781489820000388,1.1884586020000825,7.522942950660522,176.4577603173721,183.98070326803264,5.275,162.41266666666667,197.872,1,cpu:tdp_estimate_120w;gpu:nvml,0.0,9.199035163401633e-06,0.0,9.199035163401633e-06,5.678416767531871e-05,1135.6833535063745,,False,,,,,,,176.4577603173721,1089.2454340578527
lightning_a100_qwen35,2026-05-11T10:04:50.748082+00:00,classification,cls_006,0,ollama_local,qwen3.5:4b,Qwen 3.5 4B,qwen3.5,4B,gpu,A100 40GB / Ollama GPU,66,96,162,1.194383706999815,0.0027499829998154,0.062840592,1.128793132,4.569999873638153e-06,0.776702577,0.3520905549999999,1.194388276999689,1.2048656200004189,9.084686774803158,176.58561170002594,185.67029847482908,6.283333333333334,162.46258333333333,201.816,1,cpu:tdp_estimate_120w;gpu:nvml,0.0,9.283514923741454e-06,0.0,9.283514923741454e-06,5.730564767741638e-05,1146.1129535483276,,False,,,,,,,176.58561170002594,1090.034640123617
lightning_a100_qwen35,2026-05-11T10:04:51.924542+00:00,classification,cls_007,0,ollama_local,qwen3.5:4b,Qwen 3.5 4B,qwen3.5,4B,gpu,A100 40GB / Ollama GPU,61,96,157,1.1614454659998046,0.0025041079998044,0.036407417,1.122533941,5.338999926607357e-06,0.774501104,0.3480328370000001,1.1614508049997312,1.173676964999686,7.030325020348119,177.51852541688564,184.54885043723377,4.991666666666666,163.34966666666665,201.426,1,cpu:tdp_estimate_120w;gpu:nvml,0.0,9.227442521861689e-06,0.0,9.227442521861689e-06,5.877351924752669e-05,1175.4703849505336,,False,,,,,,,177.51852541688564,1130.6912446935391
lightning_a100_qwen35,2026-05-11T10:04:53.113038+00:00,classification,cls_008,0,ollama_local,qwen3.5:4b,Qwen 3.5 4B,qwen3.5,4B,gpu,A100 40GB / Ollama GPU,65,96,161,1.1759466989997236,0.0025607289997235,0.057341345,1.116044625,4.290000106266234e-06,0.773730649,0.342313976,1.17595098899983,1.18577975900007,8.419036288900498,169.42007099122404,177.83910728012452,5.916666666666667,156.50291666666666,198.598,1,cpu:tdp_estimate_120w;gpu:nvml,0.0,8.891955364006225e-06,0.0,8.891955364006225e-06,5.522953642239891e-05,1104.5907284479783,,False,,,,,,,169.42007099122404,1052.2985775852426
lightning_a100_qwen35,2026-05-11T10:04:54.318134+00:00,classification,cls_001,1,ollama_local,qwen3.5:4b,Qwen 3.5 4B,qwen3.5,4B,gpu,A100 40GB / Ollama GPU,65,96,161,1.1926036320001003,0.0023392240001003,0.055586392,1.134678016,4.3089999053336214e-06,0.776205438,0.3584725780000001,1.1926079410000057,1.2023928710000291,8.65722867120021,169.0995944693972,177.75682314059742,6.0,156.43041666666667,193.575,1,cpu:tdp_estimate_120w;gpu:nvml,0.0,8.887841157029871e-06,0.0,8.887841157029871e-06,5.520398234180044e-05,1104.0796468360088,,False,,,,,,,169.0995944693972,1050.3080401825912
lightning_a100_qwen35,2026-05-11T10:04:55.514075+00:00,classification,cls_002,1,ollama_local,qwen3.5:4b,Qwen 3.5 4B,qwen3.5,4B,gpu,A100 40GB / Ollama GPU,66,96,162,1.183405743000094,0.0027391230000939,0.043633749,1.137032871,5.079999937152024e-06,0.786698754,0.3503341169999999,1.183410823000031,1.1932209439996768,7.0877324073580805,172.22475975964144,179.31249216699953,4.95,159.05491666666668,194.777,1,cpu:tdp_estimate_120w;gpu:nvml,0.0,8.965624608349976e-06,0.0,8.965624608349976e-06,5.534336177993812e-05,1106.8672355987626,,False,,,,,,,172.22475975964144,1063.1158009854412
lightning_a100_qwen35,2026-05-11T10:04:56.692206+00:00,classification,cls_003,1,ollama_local,qwen3.5:4b,Qwen 3.5 4B,qwen3.5,4B,gpu,A100 40GB / Ollama GPU,61,96,157,1.165700908999952,0.0024144459999519,0.042025587,1.121260876,4.581000212056097e-06,0.775853109,0.345407767,1.165705490000164,1.175414327999988,7.275814690319926,173.00890769153494,180.2847223818549,5.158333333333333,158.42558333333332,201.147,1,cpu:tdp_estimate_120w;gpu:nvml,0.0,9.014236119092742e-06,0.0,9.014236119092742e-06,5.7415516682119376e-05,1148.3103336423876,,False,,,,,,,173.00890769153494,1101.9675649142353
lightning_a100_qwen35,2026-05-11T10:04:57.894416+00:00,classification,cls_004,1,ollama_local,qwen3.5:4b,Qwen 3.5 4B,qwen3.5,4B,gpu,A100 40GB / Ollama GPU,68,96,164,1.1896069650001664,0.0024346990001664,0.062784741,1.124387525,4.159999662078917e-06,0.774328648,0.3500588769999999,1.1896111249998285,1.1995187669999725,9.284275256579788,173.54735312263597,182.83162837921577,6.45,160.20933333333332,201.147,1,cpu:tdp_estimate_120w;gpu:nvml,0.0,9.141581418960789e-06,0.0,9.141581418960789e-06,5.5741350115614554e-05,1114.8270023122911,,False,,,,,,,173.54735312263597,1058.215567820951
lightning_a100_qwen35,2026-05-11T10:04:59.086386+00:00,classification,cls_005,1,ollama_local,qwen3.5:4b,Qwen 3.5 4B,qwen3.5,4B,gpu,A100 40GB / Ollama GPU,66,96,162,1.179410154999914,0.002391514999914,0.046261239,1.130757401,3.849000222544419e-06,0.777942295,0.3528151060000001,1.1794140040001366,1.189273146999767,7.34970804845856,176.31609089949504,183.6657989479536,5.1499999999999995,162.48575,196.655,1,cpu:tdp_estimate_120w;gpu:nvml,0.0,9.18328994739768e-06,0.0,9.18328994739768e-06,5.66869749839363e-05,1133.7394996787257,,False,,,,,,,176.31609089949504,1088.3709314783646
lightning_a100_qwen35,2026-05-11T10:05:00.280432+00:00,classification,cls_006,1,ollama_local,qwen3.5:4b,Qwen 3.5 4B,qwen3.5,4B,gpu,A100 40GB / Ollama GPU,66,96,162,1.1814798059999705,0.0023693559999702,0.055866486,1.123243964,4.670000180340139e-06,0.780829394,0.3424145700000001,1.1814844760001506,1.1913439679997282,8.113052422078148,175.64437512253318,183.75742754461132,5.675,161.17466666666667,195.521,1,cpu:tdp_estimate_120w;gpu:nvml,0.0,9.187871377230566e-06,0.0,9.187871377230566e-06,5.6715255415003493e-05,1134.3051083000698,,False,,,,,,,175.64437512253318,1084.2245377934148
lightning_a100_qwen35,2026-05-11T10:05:01.471096+00:00,classification,cls_007,1,ollama_local,qwen3.5:4b,Qwen 3.5 4B,qwen3.5,4B,gpu,A100 40GB / Ollama GPU,61,96,157,1.1769349279998096,0.0025350989998096,0.044579206,1.129820623,5.200000032345997e-06,0.775300939,0.3545196839999999,1.176940127999842,1.1868135489999077,7.987255184769379,172.24371837450917,180.23097355927857,5.608333333333333,158.96625,195.249,1,cpu:tdp_estimate_120w;gpu:nvml,0.0,9.011548677963927e-06,0.0,9.011548677963927e-06,5.7398399222700174e-05,1147.9679844540035,,False,,,,,,,172.24371837450917,1097.0937476083386
lightning_a100_qwen35,2026-05-11T10:05:02.674918+00:00,classification,cls_008,1,ollama_local,qwen3.5:4b,Qwen 3.5 4B,qwen3.5,4B,gpu,A100 40GB / Ollama GPU,65,96,161,1.1912576969998554,0.0027189229998554,0.056134291,1.132404483,5.129999863129342e-06,0.775027965,0.3573765179999999,1.1912628269997183,1.2011089269999502,9.020328041769623,164.46410727777356,173.4844353195432,6.258333333333333,152.52175,198.47,1,cpu:tdp_estimate_120w;gpu:nvml,0.0,8.67422176597716e-06,0.0,8.67422176597716e-06,5.387715382594509e-05,1077.543076518902,,False,,,,,,,164.46410727777356,1021.5161942718855
lightning_a100_qwen35,2026-05-11T10:05:04.026411+00:00,classification,cls_001,0,ollama_local,qwen3.5:9b,Qwen 3.5 9B,qwen3.5,9B,gpu,A100 40GB / Ollama GPU,65,96,161,1.338942798000062,0.0024685880000618,0.052447829,1.284026381,4.919999810226727e-06,0.941561503,0.3424648779999999,1.338947717999872,1.348765927999921,7.179288353896722,256.05370663074683,263.23299498464354,4.435714285714286,197.57235714285713,250.757,1,cpu:tdp_estimate_120w;gpu:nvml,0.0,1.3161649749232175e-05,0.0,1.3161649749232175e-05,8.174937732442345e-05,1634.9875464884692,,False,,,,,,,256.05370663074683,1590.395693358676
lightning_a100_qwen35,2026-05-11T10:05:05.391980+00:00,classification,cls_002,0,ollama_local,qwen3.5:9b,Qwen 3.5 9B,qwen3.5,9B,gpu,A100 40GB / Ollama GPU,66,96,162,1.352453080000032,0.0025762800000319,0.052484501,1.2973922990000002,4.7399998948094435e-06,0.944516995,0.3528753040000002,1.3524578199999269,1.3628341919998093,7.627977663221789,262.53767265265884,270.1656503158806,4.664285714285714,203.71814285714285,249.351,1,cpu:tdp_estimate_120w;gpu:nvml,0.0,1.350828251579403e-05,0.0,1.350828251579403e-05,8.338445997403723e-05,1667.6891994807445,,False,,,,,,,262.53767265265884,1620.602917609005
lightning_a100_qwen35,2026-05-11T10:05:06.757218+00:00,classification,cls_003,0,ollama_local,qwen3.5:9b,Qwen 3.5 9B,qwen3.5,9B,gpu,A100 40GB / Ollama GPU,61,96,157,1.3525290019997556,0.0026095309997555,0.053689074,1.296230397,4.850000095757423e-06,0.944728431,0.3515019659999999,1.352533851999851,1.3624631349998708,9.07400447909914,252.52599704095064,261.6000015200498,5.55,196.5771428571429,249.608,1,cpu:tdp_estimate_120w;gpu:nvml,0.0,1.3080000076002488e-05,0.0,1.3080000076002488e-05,8.33121023949203e-05,1666.242047898406,,False,,,,,,,252.52599704095064,1608.4458410251634
lightning_a100_qwen35,2026-05-11T10:05:08.117206+00:00,classification,cls_004,0,ollama_local,qwen3.5:9b,Qwen 3.5 9B,qwen3.5,9B,gpu,A100 40GB / Ollama GPU,68,96,164,1.3473085589998846,0.0026098719998846,0.058818714,1.285879973,5.060000148660038e-06,0.942648062,0.3432319109999999,1.3473136190000332,1.3572339929996815,7.840934668129589,258.7466871615603,266.5876218296899,4.814285714285715,201.02107142857145,251.626,1,cpu:tdp_estimate_120w;gpu:nvml,0.0,1.3329381091484494e-05,0.0,1.3329381091484494e-05,8.127671397246643e-05,1625.5342794493286,,False,,,,,,,258.7466871615603,1577.723702204636
lightning_a100_qwen35,2026-05-11T10:05:09.473383+00:00,classification,cls_005,0,ollama_local,qwen3.5:9b,Qwen 3.5 9B,qwen3.5,9B,gpu,A100 40GB / Ollama GPU,66,96,162,1.3433837029997449,0.0023592249997448,0.051547373,1.289477105,5.169999894860666e-06,0.941944016,0.347533089,1.3433888729996395,1.3534293590000743,7.714547346300424,258.70910956679035,266.4236569130908,4.75,201.11114285714285,243.731,1,cpu:tdp_estimate_120w;gpu:nvml,0.0,1.3321182845654538e-05,0.0,1.3321182845654538e-05,8.222952373860826e-05,1644.5904747721654,,False,,,,,,,258.70910956679035,1596.9698121406811
lightning_a100_qwen35,2026-05-11T10:05:10.826811+00:00,classification,cls_006,0,ollama_local,qwen3.5:9b,Qwen 3.5 9B,qwen3.5,9B,gpu,A100 40GB / Ollama GPU,66,96,162,1.3407684329999938,0.0025254299999937,0.050845718,1.2873972850000002,4.529999841906829e-06,0.940584727,0.3468125580000002,1.3407729629998355,1.3507039060000352,7.455885561120195,261.56390873407486,269.019794295195,4.6000000000000005,203.42657142857144,251.028,1,cpu:tdp_estimate_120w;gpu:nvml,0.0,1.3450989714759752e-05,0.0,1.3450989714759752e-05,8.303080070839353e-05,1660.6160141678706,,False,,,,,,,261.56390873407486,1614.5920292226842
lightning_a100_qwen35,2026-05-11T10:05:12.175787+00:00,classification,cls_007,0,ollama_local,qwen3.5:9b,Qwen 3.5 9B,qwen3.5,9B,gpu,A100 40GB / Ollama GPU,61,96,157,1.3352535159997387,0.0025112989997386,0.041949056,1.290793161,4.049999915878288e-06,0.94583742,0.344955741,1.3352575659996546,1.3462174390001564,7.350347216940854,260.8918907558935,268.24223797283435,4.55,202.8079285714286,246.676,1,cpu:tdp_estimate_120w;gpu:nvml,0.0,1.3412111898641716e-05,0.0,1.3412111898641716e-05,8.54274643225587e-05,1708.549286451174,,False,,,,,,,260.8918907558935,1661.7317882540988
lightning_a100_qwen35,2026-05-11T10:05:13.546474+00:00,classification,cls_008,0,ollama_local,qwen3.5:9b,Qwen 3.5 9B,qwen3.5,9B,gpu,A100 40GB / Ollama GPU,65,96,161,1.3579926769998565,0.0025492589998565,0.058987357,1.296456061,4.191000243736198e-06,0.943838145,0.352617916,1.3579968680001002,1.3679647419999128,8.207788451999477,257.5401060170058,265.7478944690053,5.0,200.27285714285716,242.855,1,cpu:tdp_estimate_120w;gpu:nvml,0.0,1.3287394723450264e-05,0.0,1.3287394723450264e-05,8.253040200900787e-05,1650.608040180157,,False,,,,,,,257.5401060170058,1599.627987683266
lightning_a100_qwen35,2026-05-11T10:05:14.938779+00:00,classification,cls_001,1,ollama_local,qwen3.5:9b,Qwen 3.5 9B,qwen3.5,9B,gpu,A100 40GB / Ollama GPU,65,96,161,1.373139091000212,0.0027713730002119,0.078525195,1.291842523,4.200000148557592e-06,0.943238189,0.3486043339999999,1.3731432910003605,1.382997793999948,11.10744799695387,256.4805458881909,267.5879938851447,6.692857142857143,199.2625,246.659,1,cpu:tdp_estimate_120w;gpu:nvml,0.0,1.3379399694257236e-05,0.0,1.3379399694257236e-05,8.310186145501388e-05,1662.037229100278,,False,,,,,,,256.4805458881909,1593.0468688707508
lightning_a100_qwen35,2026-05-11T10:05:16.298941+00:00,classification,cls_002,1,ollama_local,qwen3.5:9b,Qwen 3.5 9B,qwen3.5,9B,gpu,A100 40GB / Ollama GPU,66,96,162,1.3478000879999854,0.0030921179999854,0.059314924,1.285393046,4.328999693825608e-06,0.941545111,0.343847935,1.3478044169996792,1.3574290050000857,8.354005933629098,257.9143009041114,266.2683068377405,5.128571428571428,200.59292857142856,252.491,1,cpu:tdp_estimate_120w;gpu:nvml,0.0,1.3313415341887026e-05,0.0,1.3313415341887026e-05,8.218157618448781e-05,1643.6315236897562,,False,,,,,,,257.9143009041114,1592.0635858278483
lightning_a100_qwen35,2026-05-11T10:05:17.685232+00:00,classification,cls_003,1,ollama_local,qwen3.5:9b,Qwen 3.5 9B,qwen3.5,9B,gpu,A100 40GB / Ollama GPU,61,96,157,1.3735268599998562,0.0030286899998561,0.07871024,1.29178793,4.569999873638153e-06,0.94378046,0.3480074700000001,1.37353142999973,1.383584404999965,11.693264771399706,257.1808832400073,268.874148011407,7.042857142857144,200.2685,246.931,1,cpu:tdp_estimate_120w;gpu:nvml,0.0,1.3443707400570348e-05,0.0,1.3443707400570348e-05,8.562870955777293e-05,1712.5741911554587,,False,,,,,,,257.1808832400073,1638.0947977070527
lightning_a100_qwen35,2026-05-11T10:05:19.059744+00:00,classification,cls_004,1,ollama_local,qwen3.5:9b,Qwen 3.5 9B,qwen3.5,9B,gpu,A100 40GB / Ollama GPU,68,96,164,1.3618624630003069,0.0027765240003068,0.060205441,1.2988804980000002,4.2490000851103105e-06,0.94521175,0.3536687480000001,1.361866712000392,1.3718162260001918,8.489582701475474,263.6010694756785,272.09065217715397,5.1571428571428575,204.2162142857143,247.257,1,cpu:tdp_estimate_120w;gpu:nvml,0.0,1.3604532608857698e-05,0.0,1.3604532608857698e-05,8.295446712718109e-05,1659.0893425436218,,False,,,,,,,263.6010694756785,1607.3235943638933
lightning_a100_qwen35,2026-05-11T10:05:20.423076+00:00,classification,cls_005,1,ollama_local,qwen3.5:9b,Qwen 3.5 9B,qwen3.5,9B,gpu,A100 40GB / Ollama GPU,66,96,162,1.350617314000374,0.0023706970003738,0.060842982,1.287403635,4.44999977844418e-06,0.945919237,0.3414843979999999,1.3506217640001523,1.3605426469998747,8.104946911413538,256.90827545434587,265.0132223657594,4.964285714285714,200.031,253.977,1,cpu:tdp_estimate_120w;gpu:nvml,0.0,1.3250661118287972e-05,0.0,1.3250661118287972e-05,8.179420443387637e-05,1635.8840886775272,,False,,,,,,,256.90827545434587,1585.8535521873202
lightning_a100_qwen35,2026-05-11T10:05:21.794162+00:00,classification,cls_006,1,ollama_local,qwen3.5:9b,Qwen 3.5 9B,qwen3.5,9B,gpu,A100 40GB / Ollama GPU,66,96,162,1.358374324000124,0.0026344810001239,0.059827283,1.29591256,4.630000148608815e-06,0.945565929,0.3503466310000001,1.3583789540002726,1.3683629279998968,8.796618822856479,257.87354557049144,266.67016439334793,5.357142857142857,200.32871428571428,247.808,1,cpu:tdp_estimate_120w;gpu:nvml,0.0,1.3333508219667396e-05,0.0,1.3333508219667396e-05,8.230560629424318e-05,1646.112125884864,,False,,,,,,,257.87354557049144,1591.8120096943917
lightning_a100_qwen35,2026-05-11T10:05:23.166098+00:00,classification,cls_007,1,ollama_local,qwen3.5:9b,Qwen 3.5 9B,qwen3.5,9B,gpu,A100 40GB / Ollama GPU,61,96,157,1.359265941999638,0.002573829999638,0.056563929,1.300128183,4.27999975727289e-06,0.943191359,0.356936824,1.3592702219993953,1.3692245049996927,8.93125584261228,255.61273475541492,264.5439905980272,5.435714285714285,198.92164285714284,249.622,1,cpu:tdp_estimate_120w;gpu:nvml,0.0,1.322719952990136e-05,0.0,1.322719952990136e-05,8.424967853440356e-05,1684.9935706880717,,False,,,,,,,255.61273475541492,1628.1065907988213
lightning_a100_qwen35,2026-05-11T10:05:24.532007+00:00,classification,cls_008,1,ollama_local,qwen3.5:9b,Qwen 3.5 9B,qwen3.5,9B,gpu,A100 40GB / Ollama GPU,65,96,161,1.353454700000384,0.002429238000384,0.065530734,1.285494728,3.999999989900971e-06,0.943628332,0.341866396,1.353458700000374,1.3632303300000783,8.798678044200505,258.19154521445887,266.9902232586594,5.378571428571428,200.6810714285714,247.878,1,cpu:tdp_estimate_120w;gpu:nvml,0.0,1.334951116293297e-05,0.0,1.334951116293297e-05,8.291621840331037e-05,1658.3243680662074,,False,,,,,,,258.19154521445887,1603.6741938786265
lightning_a100_qwen35,2026-05-11T10:05:26.378766+00:00,rag_rank,rag_001,0,ollama_local,qwen3-embedding:0.6b,Qwen3 Embed 0.6B,qwen3-embedding,0.6B,gpu,A100 40GB / Ollama GPU,14,0,14,0.1023816009997062,0.0016505719997062,0.0,0.100731029,0.0004396879999148,0.0,0.0,0.1028212889996211,0.1134082449998459,0.5035326077993159,9.210610485882754,9.71414309368207,3.7,90.3595,108.497,1,cpu:tdp_estimate_120w;gpu:nvml,0.0,4.857071546841035e-07,0.0,4.857071546841035e-07,3.4693368191721674e-05,693.8673638344336,,,How should I explain CPU and GPU energy measurement on the poster?,doc_energy,doc_cpu_gpu|doc_energy|doc_cost,True,,,9.210610485882754,657.9007489916252
lightning_a100_qwen35,2026-05-11T10:05:26.493984+00:00,rag_rank,rag_002,0,ollama_local,qwen3-embedding:0.6b,Qwen3 Embed 0.6B,qwen3-embedding,0.6B,gpu,A100 40GB / Ollama GPU,11,0,11,0.102293828999791,0.001622491999791,0.0,0.100671337,0.0004429679997883,0.0,0.0,0.1027367969995793,0.1130793090001134,0.2442513074402449,7.356952529831775,7.60120383727202,1.8,72.222,72.222,1,cpu:tdp_estimate_120w;gpu:nvml,0.0,3.80060191863601e-07,0.0,3.80060191863601e-07,3.455092653305463e-05,691.0185306610927,,,Why can batching make embedding jobs cheaper or faster?,doc_batching,doc_batching|doc_latency|doc_rag,True,,,7.356952529831775,668.8138663483431
lightning_a100_qwen35,2026-05-11T10:05:26.609623+00:00,rag_rank,rag_003,0,ollama_local,qwen3-embedding:0.6b,Qwen3 Embed 0.6B,qwen3-embedding,0.6B,gpu,A100 40GB / Ollama GPU,15,0,15,0.1032612670001071,0.0016273320001071,0.0,0.101633935,0.0004342480001469,0.0,0.0,0.103695515000254,0.1133936049996009,0.387806129098635,7.330314384001617,7.718120513100252,2.8499999999999996,72.222,72.222,1,cpu:tdp_estimate_120w;gpu:nvml,0.0,3.859060256550126e-07,0.0,3.859060256550126e-07,2.572706837700084e-05,514.5413675400168,,,Which latency buckets should a Python developer inspect for an LLM call?,doc_latency,doc_latency|doc_classification|doc_rag,True,,,7.330314384001617,488.68762560010776
lightning_a100_qwen35,2026-05-11T10:05:26.730348+00:00,rag_rank,rag_004,0,ollama_local,qwen3-embedding:0.6b,Qwen3 Embed 0.6B,qwen3-embedding,0.6B,gpu,A100 40GB / Ollama GPU,13,0,13,0.1086483220001355,0.0015726700001355,0.0,0.107075652,0.0004831900000681,0.0,0.0,0.1091315120002036,0.1188917009999386,0.8346197410195688,7.352189205456355,8.186808946475924,5.85,72.52099999999999,72.82,1,cpu:tdp_estimate_120w;gpu:nvml,0.0,4.0934044732379626e-07,0.0,4.0934044732379626e-07,3.14877267172151e-05,629.7545343443019,,,"For a short classification task, what usually dominates the request?",doc_classification,doc_classification|doc_latency|doc_rag,True,,,7.352189205456355,565.553015804335
lightning_a100_qwen35,2026-05-11T10:05:26.846741+00:00,rag_rank,rag_001,1,ollama_local,qwen3-embedding:0.6b,Qwen3 Embed 0.6B,qwen3-embedding,0.6B,gpu,A100 40GB / Ollama GPU,14,0,14,0.1012221279997902,0.0014570189997902,0.0,0.099765109,0.0003735059999598,0.0,0.0,0.1015956339997501,0.111142130999724,0.440122838758907,7.592318229220125,8.032441067979033,3.3,74.8685,76.917,1,cpu:tdp_estimate_120w;gpu:nvml,0.0,4.016220533989516e-07,0.0,4.016220533989516e-07,2.868728952849654e-05,573.7457905699309,,,How should I explain CPU and GPU energy measurement on the poster?,doc_energy,doc_cpu_gpu|doc_energy|doc_cost,True,,,7.592318229220125,542.3084449442946
lightning_a100_qwen35,2026-05-11T10:05:26.958549+00:00,rag_rank,rag_002,1,ollama_local,qwen3-embedding:0.6b,Qwen3 Embed 0.6B,qwen3-embedding,0.6B,gpu,A100 40GB / Ollama GPU,11,0,11,0.1005089430000225,0.0015730300000225,0.0,0.098935913,0.0003980879996561,0.0,0.0,0.1009070309996786,0.1102414939996379,0.5688461090381315,8.3637,8.932546109038132,4.3,83.637,83.637,1,cpu:tdp_estimate_120w;gpu:nvml,0.0,4.466273054519066e-07,0.0,4.466273054519066e-07,4.060248231380969e-05,812.0496462761938,,,Why can batching make embedding jobs cheaper or faster?,doc_batching,doc_batching|doc_latency|doc_rag,True,,,8.3637,760.3363636363636
lightning_a100_qwen35,2026-05-11T10:05:27.073163+00:00,rag_rank,rag_003,1,ollama_local,qwen3-embedding:0.6b,Qwen3 Embed 0.6B,qwen3-embedding,0.6B,gpu,A100 40GB / Ollama GPU,15,0,15,0.1025081729999328,0.0014958099999328,0.0,0.101012363,0.0004531989998213,0.0,0.0,0.1029613719997541,0.1128675539998766,0.4469555138395113,7.287244330487776,7.734199844327288,3.3,71.691,71.691,1,cpu:tdp_estimate_120w;gpu:nvml,0.0,3.867099922163644e-07,0.0,3.867099922163644e-07,2.5780666147757622e-05,515.6133229551525,,,Which latency buckets should a Python developer inspect for an LLM call?,doc_latency,doc_latency|doc_classification|doc_rag,True,,,7.287244330487776,485.81628869918507
lightning_a100_qwen35,2026-05-11T10:05:27.187532+00:00,rag_rank,rag_004,1,ollama_local,qwen3-embedding:0.6b,Qwen3 Embed 0.6B,qwen3-embedding,0.6B,gpu,A100 40GB / Ollama GPU,13,0,13,0.1018808909998369,0.0015846109998369,0.0,0.10029628,0.0003973279999627,0.0,0.0,0.1022782189997997,0.1118994450002901,0.5505452694014272,6.47249974679675,7.023045016198177,4.1,63.7635,71.691,1,cpu:tdp_estimate_120w;gpu:nvml,0.0,3.511522508099088e-07,0.0,3.511522508099088e-07,2.7011711600762215e-05,540.2342320152443,,,"For a short classification task, what usually dominates the request?",doc_classification,doc_classification|doc_latency|doc_rag,True,,,6.47249974679675,497.88459590744225
lightning_a100_qwen35,2026-05-11T10:05:29.416647+00:00,rag_rank,rag_001,0,ollama_local,qwen3-embedding:4b,Qwen3 Embed 4B,qwen3-embedding,4B,gpu,A100 40GB / Ollama GPU,14,0,14,0.109400707000077,0.001762924000077,0.0,0.107637783,0.0009028680001392,0.0,0.0,0.1103035750002163,0.1209671110000272,0.5733841061401289,12.360377043534648,12.933761149674776,3.95,121.614,123.904,1,cpu:tdp_estimate_120w;gpu:nvml,0.0,6.466880574837388e-07,0.0,6.466880574837388e-07,4.6192004105981344e-05,923.8400821196268,,,How should I explain CPU and GPU energy measurement on the poster?,doc_energy,doc_cpu_gpu|doc_energy|doc_cost,True,,,12.360377043534648,882.8840745381891
lightning_a100_qwen35,2026-05-11T10:05:29.537157+00:00,rag_rank,rag_002,0,ollama_local,qwen3-embedding:4b,Qwen3 Embed 4B,qwen3-embedding,4B,gpu,A100 40GB / Ollama GPU,11,0,11,0.1084066970001913,0.0016372030001913,0.0,0.106769494,0.0008004240003174,0.0,0.0,0.1092071210005087,0.1188710299998092,0.349480828199439,9.623829623502225,9.973310451701664,2.45,94.5735,123.904,1,cpu:tdp_estimate_120w;gpu:nvml,0.0,4.986655225850832e-07,0.0,4.986655225850832e-07,4.5333229325916656e-05,906.6645865183332,,,Why can batching make embedding jobs cheaper or faster?,doc_batching,doc_batching|doc_cost|doc_rag,True,,,9.623829623502225,874.8936021365658
lightning_a100_qwen35,2026-05-11T10:05:29.657041+00:00,rag_rank,rag_003,0,ollama_local,qwen3-embedding:4b,Qwen3 Embed 4B,qwen3-embedding,4B,gpu,A100 40GB / Ollama GPU,15,0,15,0.1079477579996819,0.0015986209996819,0.0,0.106349137,0.0008038460000534,0.0,0.0,0.1087516039997353,0.118343079999704,0.4970409359987568,7.808770750616128,8.305811686614884,3.5,76.3985,79.622,1,cpu:tdp_estimate_120w;gpu:nvml,0.0,4.152905843307442e-07,0.0,4.152905843307442e-07,2.7686038955382945e-05,553.7207791076589,,,Which latency buckets should a Python developer inspect for an LLM call?,doc_latency,doc_latency|doc_batching|doc_rag,True,,,7.808770750616128,520.5847167077419
lightning_a100_qwen35,2026-05-11T10:05:29.786864+00:00,rag_rank,rag_004,0,ollama_local,qwen3-embedding:4b,Qwen3 Embed 4B,qwen3-embedding,4B,gpu,A100 40GB / Ollama GPU,13,0,13,0.1171349370001735,0.0017306640001735,0.0,0.115404273,0.0008255160000771,0.0,0.0,0.1179604530002507,0.1275973120000344,0.8268305817602231,9.58652859641548,10.413359178175703,5.4,94.1155,108.609,1,cpu:tdp_estimate_120w;gpu:nvml,0.0,5.206679589087851e-07,0.0,5.206679589087851e-07,4.0051381454521934e-05,801.0276290904387,,,"For a short classification task, what usually dominates the request?",doc_classification,doc_classification|doc_batching|doc_summarization,True,,,9.58652859641548,737.4252766473446
lightning_a100_qwen35,2026-05-11T10:05:29.905631+00:00,rag_rank,rag_001,1,ollama_local,qwen3-embedding:4b,Qwen3 Embed 4B,qwen3-embedding,4B,gpu,A100 40GB / Ollama GPU,14,0,14,0.1064690490002249,0.0017620830002249,0.0,0.104706966,0.0007889549997344,0.0,0.0,0.1072580039999593,0.1173055899998871,0.4152617885996004,9.134610998491873,9.549872787091472,2.95,90.014,108.609,1,cpu:tdp_estimate_120w;gpu:nvml,0.0,4.774936393545737e-07,0.0,4.774936393545737e-07,3.4106688525326694e-05,682.1337705065338,,,How should I explain CPU and GPU energy measurement on the poster?,doc_energy,doc_cpu_gpu|doc_energy|doc_cost,True,,,9.134610998491873,652.472214177991
lightning_a100_qwen35,2026-05-11T10:05:30.022921+00:00,rag_rank,rag_002,1,ollama_local,qwen3-embedding:4b,Qwen3 Embed 4B,qwen3-embedding,4B,gpu,A100 40GB / Ollama GPU,11,0,11,0.1052526759999636,0.0017139939999636,0.0,0.103538682,0.0007885859999987,0.0,0.0,0.1060412619999624,0.1157550100001572,0.3611556312004904,7.250819846619982,7.611975477820472,2.5999999999999996,71.555,71.691,1,cpu:tdp_estimate_120w;gpu:nvml,0.0,3.805987738910236e-07,0.0,3.805987738910236e-07,3.45998885355476e-05,691.9977707109521,,,Why can batching make embedding jobs cheaper or faster?,doc_batching,doc_batching|doc_cost|doc_rag,True,,,7.250819846619982,659.1654406018166
lightning_a100_qwen35,2026-05-11T10:05:30.141838+00:00,rag_rank,rag_003,1,ollama_local,qwen3-embedding:4b,Qwen3 Embed 4B,qwen3-embedding,4B,gpu,A100 40GB / Ollama GPU,15,0,15,0.106939130000228,0.001631144000228,0.0,0.105307986,0.0007692560002396,0.0,0.0,0.1077083860004677,0.1174153030001434,0.4226950908005162,7.275592920029083,7.698288010829599,3.0,71.7935,71.896,1,cpu:tdp_estimate_120w;gpu:nvml,0.0,3.8491440054147994e-07,0.0,3.8491440054147994e-07,2.566096003609866e-05,513.2192007219733,,,Which latency buckets should a Python developer inspect for an LLM call?,doc_latency,doc_latency|doc_batching|doc_rag,True,,,7.275592920029083,485.03952800193883
lightning_a100_qwen35,2026-05-11T10:05:30.264010+00:00,rag_rank,rag_004,1,ollama_local,qwen3-embedding:4b,Qwen3 Embed 4B,qwen3-embedding,4B,gpu,A100 40GB / Ollama GPU,13,0,13,0.1100729889999456,0.0016796119999456,0.0,0.108393377,0.0008017649997782,0.0,0.0,0.1108747539997239,0.1204492519996165,0.5420216339982742,7.808894433849094,8.350916067847368,3.75,77.0985,80.826,1,cpu:tdp_estimate_120w;gpu:nvml,0.0,4.175458033923684e-07,0.0,4.175458033923684e-07,3.21189079532591e-05,642.3781590651821,,,"For a short classification task, what usually dominates the request?",doc_classification,doc_classification|doc_batching|doc_summarization,True,,,7.808894433849094,600.684187219161
lightning_a100_qwen35,2026-05-11T10:05:31.714413+00:00,batch_embeddings,batch_0,0,ollama_local,qwen3-embedding:0.6b,Qwen3 Embed 0.6B,qwen3-embedding,0.6B,gpu,A100 40GB / Ollama GPU,196,0,196,1.4375584539998272,0.0019181479998271,0.0,1.435640306,7.099997674231417e-07,0.0,0.0,1.4375591639995946,1.447552647000066,6.82086807266431,106.89686318180576,113.71773125447008,3.9266666666666663,76.06046666666666,116.253,1,cpu:tdp_estimate_120w;gpu:nvml,0.0,5.685886562723503e-06,0.0,5.685886562723503e-06,2.9009625320017873e-05,580.1925064003575,,,,,,,4.0,1024.0,106.89686318180576,545.3921590908457
lightning_a100_qwen35,2026-05-11T10:05:31.859932+00:00,batch_embeddings,batch_1,0,ollama_local,qwen3-embedding:0.6b,Qwen3 Embed 0.6B,qwen3-embedding,0.6B,gpu,A100 40GB / Ollama GPU,163,0,163,0.1334818440000162,0.0019099270000162,0.0,0.131571917,7.010003173490986e-07,0.0,0.0,0.1334825450003336,0.1437422740000329,0.5002231135201145,7.333269963241024,7.833493076761139,2.9000000000000004,71.994,72.569,1,cpu:tdp_estimate_120w;gpu:nvml,0.0,3.916746538380569e-07,0.0,3.916746538380569e-07,2.4029119867365455e-06,48.05823973473091,,,,,,,4.0,1024.0,7.333269963241024,44.9893862775523
lightning_a100_qwen35,2026-05-11T10:05:32.009078+00:00,batch_embeddings,batch_2,0,ollama_local,qwen3-embedding:0.6b,Qwen3 Embed 0.6B,qwen3-embedding,0.6B,gpu,A100 40GB / Ollama GPU,330,0,330,0.1371566450002319,0.0018180850002319,0.0,0.13533856,8.000001798791345e-07,0.0,0.0,0.1371574450004118,0.1469048150001981,1.013643223501367,7.968954434588908,8.982597658090276,5.75,78.667,85.717,1,cpu:tdp_estimate_120w;gpu:nvml,0.0,4.491298829045138e-07,0.0,4.491298829045138e-07,1.3609996451651935e-06,27.21999290330387,,,,,,,3.0,1024.0,7.968954434588908,24.14834677148154
lightning_a100_qwen35,2026-05-11T10:05:32.157023+00:00,batch_embeddings,batch_0,1,ollama_local,qwen3-embedding:0.6b,Qwen3 Embed 0.6B,qwen3-embedding,0.6B,gpu,A100 40GB / Ollama GPU,196,0,196,0.1356238270000176,0.0022041540000176,0.0,0.133419673,5.599999894911889e-07,0.0,0.0,0.1356243870000071,0.1458256440000696,0.6124677048002923,8.334082419223694,8.946550124023986,3.5,81.65950000000001,85.717,1,cpu:tdp_estimate_120w;gpu:nvml,0.0,4.473275062011993e-07,0.0,4.473275062011993e-07,2.282283194904078e-06,45.645663898081565,,,,,,,4.0,1024.0,8.334082419223694,42.520828669508646
lightning_a100_qwen35,2026-05-11T10:05:32.302224+00:00,batch_embeddings,batch_1,1,ollama_local,qwen3-embedding:0.6b,Qwen3 Embed 0.6B,qwen3-embedding,0.6B,gpu,A100 40GB / Ollama GPU,163,0,163,0.1332982910003011,0.0019930190003011,0.0,0.131305272,6.700001904391684e-07,0.0,0.0,0.1332989610004915,0.143176031999701,0.5583865247988339,7.775923683570106,8.33431020836894,3.25,76.61850000000001,81.62,1,cpu:tdp_estimate_120w;gpu:nvml,0.0,4.16715510418447e-07,0.0,4.16715510418447e-07,2.5565368737328036e-06,51.13073747465607,,,,,,,4.0,1024.0,7.775923683570106,47.705053273436235
lightning_a100_qwen35,2026-05-11T10:05:32.445423+00:00,batch_embeddings,batch_2,1,ollama_local,qwen3-embedding:0.6b,Qwen3 Embed 0.6B,qwen3-embedding,0.6B,gpu,A100 40GB / Ollama GPU,330,0,330,0.1315751769998314,0.0017340019998314,0.0,0.129841175,6.509999366244301e-07,0.0,0.0,0.131575827999768,0.1416538029998264,0.5354513753393438,8.617722669589554,9.153174044928898,3.15,84.5415,87.463,1,cpu:tdp_estimate_120w;gpu:nvml,0.0,4.576587022464449e-07,0.0,4.576587022464449e-07,1.3868445522619543e-06,27.736891045239084,,,,,,,3.0,1024.0,8.617722669589554,26.114311119968345
lightning_a100_qwen35,2026-05-11T10:05:34.505574+00:00,batch_embeddings,batch_0,0,ollama_local,qwen3-embedding:4b,Qwen3 Embed 4B,qwen3-embedding,4B,gpu,A100 40GB / Ollama GPU,196,0,196,2.0471859540002697,0.0026110090002697,0.0,2.044574945,7.700000423938036e-07,0.0,0.0,2.047186724000312,2.057792241000243,10.535896273921244,124.4132554315978,134.94915170551906,4.266666666666667,62.33680952380953,76.917,1,cpu:tdp_estimate_120w;gpu:nvml,0.0,6.747457585275953e-06,0.0,6.747457585275953e-06,3.4425804006509966e-05,688.5160801301993,,,,,,,4.0,2560.0,124.4132554315978,634.7615073040704
lightning_a100_qwen35,2026-05-11T10:05:34.692027+00:00,batch_embeddings,batch_1,0,ollama_local,qwen3-embedding:4b,Qwen3 Embed 4B,qwen3-embedding,4B,gpu,A100 40GB / Ollama GPU,163,0,163,0.1732873380001365,0.0025862900001365,0.0,0.170701048,8.689999049238395e-07,0.0,0.0,0.1732882070000414,0.18424448199994,0.718553479799766,10.792347459612,11.510900939411766,3.25,106.2315,141.642,1,cpu:tdp_estimate_120w;gpu:nvml,0.0,5.755450469705882e-07,0.0,5.755450469705882e-07,3.530951208408517e-06,70.61902416817034,,,,,,,4.0,2560.0,10.792347459612,66.21072061111656
lightning_a100_qwen35,2026-05-11T10:05:34.887321+00:00,batch_embeddings,batch_2,0,ollama_local,qwen3-embedding:4b,Qwen3 Embed 4B,qwen3-embedding,4B,gpu,A100 40GB / Ollama GPU,330,0,330,0.1832287709999036,0.0022303539999036,0.0,0.180998417,6.699997356918175e-07,0.0,0.0,0.1832294409996393,0.1937069850000625,1.0111504617003262,11.2144916437145,12.225642105414826,4.35,110.1435,148.868,1,cpu:tdp_estimate_120w;gpu:nvml,0.0,6.112821052707413e-07,0.0,6.112821052707413e-07,1.8523700159719432e-06,37.047400319438864,,,,,,,3.0,2560.0,11.2144916437145,33.98330801125606
lightning_a100_qwen35,2026-05-11T10:05:35.080458+00:00,batch_embeddings,batch_0,1,ollama_local,qwen3-embedding:4b,Qwen3 Embed 4B,qwen3-embedding,4B,gpu,A100 40GB / Ollama GPU,196,0,196,0.1802078129999245,0.0024367379999244,0.0,0.177771075,9.200002750731072e-07,0.0,0.0,0.1802087330001995,0.190721176000352,0.9383481859217316,11.361936159805309,12.30028434572704,4.1,112.192,152.965,1,cpu:tdp_estimate_120w;gpu:nvml,0.0,6.150142172863519e-07,0.0,6.150142172863519e-07,3.1378276392160813e-06,62.75655278432163,,,,,,,4.0,2560.0,11.361936159805309,57.969062039823
lightning_a100_qwen35,2026-05-11T10:05:35.263291+00:00,batch_embeddings,batch_1,1,ollama_local,qwen3-embedding:4b,Qwen3 Embed 4B,qwen3-embedding,4B,gpu,A100 40GB / Ollama GPU,163,0,163,0.1701632260001133,0.0025646980001133,0.0,0.167598528,7.20000116416486e-07,0.0,0.0,0.1701639460002297,0.1810403290000977,0.8146814805004396,8.728664086004114,9.543345566504554,3.75,86.05250000000001,100.686,1,cpu:tdp_estimate_120w;gpu:nvml,0.0,4.771672783252277e-07,0.0,4.771672783252277e-07,2.9274066154921944e-06,58.548132309843886,,,,,,,4.0,2560.0,8.728664086004114,53.55008641720316
lightning_a100_qwen35,2026-05-11T10:05:35.456314+00:00,batch_embeddings,batch_2,1,ollama_local,qwen3-embedding:4b,Qwen3 Embed 4B,qwen3-embedding,4B,gpu,A100 40GB / Ollama GPU,330,0,330,0.1808184040000924,0.0021690910000924,0.0,0.178649313,7.20000116416486e-07,0.0,0.0,0.1808191240002088,0.1912277059996086,0.75726171575845,10.127316737147316,10.884578452905766,3.3,99.813,100.686,1,cpu:tdp_estimate_120w;gpu:nvml,0.0,5.442289226452882e-07,0.0,5.442289226452882e-07,1.6491785534705705e-06,32.98357106941141,,,,,,,3.0,2560.0,10.127316737147316,30.688838597416108
