run_id,timestamp_utc,workload,item_id,repeat,provider,model,model_label,model_family,model_size,hardware_profile,hardware_label,input_tokens,output_tokens,total_tokens,request_wall_s,network_s,tokenization_s,inference_s,postprocess_s,decode_s,backend_overhead_s,total_latency_s,elapsed_s,cpu_energy_j,gpu_energy_j,total_energy_j,cpu_util_avg_pct,gpu_power_avg_w,gpu_power_peak_w,gpu_count,energy_source,api_cost_usd,energy_cost_usd,hardware_cost_usd,total_cost_usd,cost_per_1k_tokens_usd,energy_j_per_1k_tokens,parsed_label,is_correct,query,expected_doc_id,retrieved_ids,retrieved_expected,batch_size,vector_dim
lightning_a100_qwen35,2026-05-11T09:45:47.512478+00:00,chat,chat_001,0,docker_model_runner_local,qwen3.5:0.8b,Qwen 3.5 0.8B,qwen3.5,0.8B,cpu,CPU / num_gpu=0,59,96,155,7.003047753000146,0.0026526900001462295,0.177372244,6.823022819,1.9499998415994924e-06,4.146080782,2.676942037,7.003049702999988,7.0144683139999415,,323.5246626123855,323.5246626123855,33.667142857142856,46.625571428571426,46.653,1,cpu:unavailable;gpu:nvml,0.0,1.6176233130619273e-05,0.0,1.6176233130619273e-05,0.00010436279439109209,2087.255887821842,,,,,,,,
lightning_a100_qwen35,2026-05-11T09:45:52.242120+00:00,chat,chat_002,0,docker_model_runner_local,qwen3.5:0.8b,Qwen 3.5 0.8B,qwen3.5,0.8B,cpu,CPU / num_gpu=0,52,96,148,4.715960859999996,0.0025216599999957623,0.160201958,4.553237242,2.2900001113157487e-06,4.122110758,0.431126484,4.715963150000107,4.727008805999958,,215.80039015394732,215.80039015394732,48.317021276595746,46.651978723404255,46.653,1,cpu:unavailable;gpu:nvml,0.0,1.0790019507697366e-05,0.0,1.0790019507697366e-05,7.29055372141714e-05,1458.1107442834277,,,,,,,,
lightning_a100_qwen35,2026-05-11T09:45:56.946941+00:00,chat,chat_003,0,docker_model_runner_local,qwen3.5:0.8b,Qwen 3.5 0.8B,qwen3.5,0.8B,cpu,CPU / num_gpu=0,54,96,150,4.692120965000186,0.005568458000185572,0.168295138,4.518257369,1.7509998997411458e-06,4.133988053,0.38426931599999925,4.692122716000085,4.7023158639999565,,215.9586034554273,215.9586034554273,49.03829787234043,46.64891489361702,46.653,1,cpu:unavailable;gpu:nvml,0.0,1.0797930172771364e-05,0.0,1.0797930172771364e-05,7.198620115180909e-05,1439.724023036182,,,,,,,,
lightning_a100_qwen35,2026-05-11T09:46:01.649769+00:00,chat,chat_004,0,docker_model_runner_local,qwen3.5:0.8b,Qwen 3.5 0.8B,qwen3.5,0.8B,cpu,CPU / num_gpu=0,50,96,146,4.687774340000033,0.0023976170000326036,0.153513409,4.531863314,2.029999905062141e-06,4.157324031,0.37453928299999983,4.687776369999938,4.700153010999884,,215.72168723186928,215.72168723186928,49.0531914893617,46.61317021276596,46.653,1,cpu:unavailable;gpu:nvml,0.0,1.0786084361593464e-05,0.0,1.0786084361593464e-05,7.387729014790044e-05,1477.5458029580088,,,,,,,,
lightning_a100_qwen35,2026-05-11T09:46:06.445052+00:00,chat,chat_005,0,docker_model_runner_local,qwen3.5:0.8b,Qwen 3.5 0.8B,qwen3.5,0.8B,cpu,CPU / num_gpu=0,66,96,162,4.778275856999926,0.0025267999999263324,0.244977443,4.530771614,1.8089999684889335e-06,4.137266074,0.3935055399999996,4.7782776659998945,4.7897709119999945,,220.56763814957262,220.56763814957262,48.979166666666664,46.599999999999994,46.605,1,cpu:unavailable;gpu:nvml,0.0,1.102838190747863e-05,0.0,1.102838190747863e-05,6.807643152764587e-05,1361.5286305529173,,,,,,,,
lightning_a100_qwen35,2026-05-11T09:46:11.187934+00:00,chat,chat_001,1,docker_model_runner_local,qwen3.5:0.8b,Qwen 3.5 0.8B,qwen3.5,0.8B,cpu,CPU / num_gpu=0,59,96,155,4.729537005000111,0.002432638000111176,0.170829617,4.55627475,2.009000127145555e-06,4.168675255,0.3875994949999999,4.729539014000238,4.740438019000067,,215.76479327616704,215.76479327616704,49.11702127659574,46.605,46.605,1,cpu:unavailable;gpu:nvml,0.0,1.0788239663808351e-05,0.0,1.0788239663808351e-05,6.96015462181184e-05,1392.030924362368,,,,,,,,
lightning_a100_qwen35,2026-05-11T09:46:16.016636+00:00,chat,chat_002,1,docker_model_runner_local,qwen3.5:0.8b,Qwen 3.5 0.8B,qwen3.5,0.8B,cpu,CPU / num_gpu=0,52,96,148,4.8148700009999175,0.002481187999917367,0.163850201,4.648538612,1.8000000636675395e-06,4.258024789,0.39051382300000004,4.814871800999981,4.826229282999975,,220.18264571780824,220.18264571780824,49.24583333333334,46.576,46.605,1,cpu:unavailable;gpu:nvml,0.0,1.1009132285890412e-05,0.0,1.1009132285890412e-05,7.438602895871898e-05,1487.72057917438,,,,,,,,
lightning_a100_qwen35,2026-05-11T09:46:20.982975+00:00,chat,chat_003,1,docker_model_runner_local,qwen3.5:0.8b,Qwen 3.5 0.8B,qwen3.5,0.8B,cpu,CPU / num_gpu=0,54,96,150,4.952115612999933,0.002897385999932389,0.174263924,4.774954303,1.7410000054951524e-06,4.376416161,0.3985381420000005,4.952117353999938,4.963524155999949,,229.5311425532581,229.5311425532581,48.942,46.58483999999999,46.605,1,cpu:unavailable;gpu:nvml,0.0,1.1476557127662904e-05,0.0,1.1476557127662904e-05,7.651038085108603e-05,1530.2076170217208,,,,,,,,
lightning_a100_qwen35,2026-05-11T09:46:25.678599+00:00,chat,chat_004,1,docker_model_runner_local,qwen3.5:0.8b,Qwen 3.5 0.8B,qwen3.5,0.8B,cpu,CPU / num_gpu=0,50,96,146,4.682416633999992,0.0026179389999922975,0.154723682,4.5250750129999995,2.0089998997718794e-06,4.137663253,0.3874117599999991,4.682418642999892,4.693173104999914,,215.6943792082884,215.6943792082884,49.00212765957447,46.59172340425531,46.605,1,cpu:unavailable;gpu:nvml,0.0,1.078471896041442e-05,0.0,1.078471896041442e-05,7.386793808503027e-05,1477.3587617006056,,,,,,,,
lightning_a100_qwen35,2026-05-11T09:46:30.473951+00:00,chat,chat_005,1,docker_model_runner_local,qwen3.5:0.8b,Qwen 3.5 0.8B,qwen3.5,0.8B,cpu,CPU / num_gpu=0,66,96,162,4.781974239999954,0.002641202999954295,0.236939427,4.5423936099999995,1.978999989660224e-06,4.145073103,0.3973205069999999,4.781976218999944,4.792851142000018,,220.2354100072467,220.2354100072467,49.052083333333336,46.613,46.701,1,cpu:unavailable;gpu:nvml,0.0,1.1011770500362335e-05,0.0,1.1011770500362335e-05,6.797389197754527e-05,1359.4778395509056,,,,,,,,
lightning_a100_qwen35,2026-05-11T09:46:45.812135+00:00,chat,chat_001,0,docker_model_runner_local,qwen3.5:4b,Qwen 3.5 4B,qwen3.5,4B,cpu,CPU / num_gpu=0,59,96,155,15.324683314999902,0.002581019999901457,0.779948734,14.542153561000001,2.1500000002561137e-06,10.821270511,3.720883050000001,15.324685464999902,15.335647338999934,,712.338614687195,712.338614687195,41.917647058823526,46.69137908496732,46.749,1,cpu:unavailable;gpu:nvml,0.0,3.561693073435975e-05,0.0,3.561693073435975e-05,0.00022978664989909515,4595.732997981903,,,,,,,,
lightning_a100_qwen35,2026-05-11T09:46:57.758127+00:00,chat,chat_002,0,docker_model_runner_local,qwen3.5:4b,Qwen 3.5 4B,qwen3.5,4B,cpu,CPU / num_gpu=0,52,96,148,11.932657244000211,0.002660991000210444,0.690875294,11.239120959000001,1.9290000636829063e-06,10.854758239,0.3843627200000004,11.932659173000275,11.943444475999968,,553.1954200299252,553.1954200299252,51.87310924369748,46.69333613445378,46.701,1,cpu:unavailable;gpu:nvml,0.0,2.765977100149626e-05,0.0,2.765977100149626e-05,0.00018689034460470444,3737.806892094089,,,,,,,,
lightning_a100_qwen35,2026-05-11T09:47:09.805075+00:00,chat,chat_003,0,docker_model_runner_local,qwen3.5:4b,Qwen 3.5 4B,qwen3.5,4B,cpu,CPU / num_gpu=0,54,96,150,12.030238202999954,0.0056491599999528574,0.706835605,11.317753438,1.7099998785852222e-06,10.923342682,0.394410756000001,12.030239912999832,12.041319538000153,,557.5917628405459,557.5917628405459,51.85916666666667,46.6702,46.749,1,cpu:unavailable;gpu:nvml,0.0,2.7879588142027293e-05,0.0,2.7879588142027293e-05,0.0001858639209468486,3717.278418936973,,,,,,,,
lightning_a100_qwen35,2026-05-11T09:47:21.787195+00:00,chat,chat_004,0,docker_model_runner_local,qwen3.5:4b,Qwen 3.5 4B,qwen3.5,4B,cpu,CPU / num_gpu=0,50,96,146,11.969339189000038,0.0025234290000391013,0.674510907,11.292304853,1.8190000901086023e-06,10.926316952,0.36598790099999867,11.969341008000129,11.979636110000001,,557.9172447011213,557.9172447011213,51.93416666666667,46.6926,46.749,1,cpu:unavailable;gpu:nvml,0.0,2.7895862235056062e-05,0.0,2.7895862235056062e-05,0.00019106754955517852,3821.3509911035703,,,,,,,,
lightning_a100_qwen35,2026-05-11T09:47:34.107748+00:00,chat,chat_005,0,docker_model_runner_local,qwen3.5:4b,Qwen 3.5 4B,qwen3.5,4B,cpu,CPU / num_gpu=0,66,96,162,12.305082984000137,0.002316685000137042,0.9783056,11.324460699,2.2199999420990935e-06,10.950302972,0.37415772700000005,12.305085204000079,12.31763429800003,,572.1734106116916,572.1734106116916,52.0130081300813,46.691504065040654,46.749,1,cpu:unavailable;gpu:nvml,0.0,2.8608670530584576e-05,0.0,2.8608670530584576e-05,0.00017659673167027515,3531.934633405503,,,,,,,,
lightning_a100_qwen35,2026-05-11T09:47:46.071092+00:00,chat,chat_001,1,docker_model_runner_local,qwen3.5:4b,Qwen 3.5 4B,qwen3.5,4B,cpu,CPU / num_gpu=0,59,96,155,11.948040256000013,0.002504689000012661,0.759694373,11.185841194,1.6799999684735667e-06,10.813323343,0.37251785099999957,11.948041935999981,11.96088276599994,,553.1775491049453,553.1775491049453,51.90168067226891,46.68217647058824,46.749,1,cpu:unavailable;gpu:nvml,0.0,2.7658877455247267e-05,0.0,2.7658877455247267e-05,0.00017844437067901462,3568.8874135802926,,,,,,,,
lightning_a100_qwen35,2026-05-11T09:47:58.065605+00:00,chat,chat_002,1,docker_model_runner_local,qwen3.5:4b,Qwen 3.5 4B,qwen3.5,4B,cpu,CPU / num_gpu=0,52,96,148,11.981885626000121,0.0024232680001219364,0.694656119,11.284806239,2.100000074278796e-06,10.894384508,0.390421731,11.981887726000195,11.992042163000178,,557.7416064550032,557.7416064550032,51.924166666666665,46.68326666666667,46.749,1,cpu:unavailable;gpu:nvml,0.0,2.788708032275016e-05,0.0,2.788708032275016e-05,0.00018842621839696054,3768.524367939211,,,,,,,,
lightning_a100_qwen35,2026-05-11T09:48:09.999426+00:00,chat,chat_003,1,docker_model_runner_local,qwen3.5:4b,Qwen 3.5 4B,qwen3.5,4B,cpu,CPU / num_gpu=0,54,96,150,11.920393015999935,0.0026693719999340004,0.712860882,11.204862762000001,2.0099998891964788e-06,10.83139335,0.3734694120000004,11.920395025999824,11.93131353800004,,553.1332154068132,553.1332154068132,51.925210084033615,46.683789915966386,46.701,1,cpu:unavailable;gpu:nvml,0.0,2.765666077034066e-05,0.0,2.765666077034066e-05,0.00018437773846893772,3687.5547693787544,,,,,,,,
lightning_a100_qwen35,2026-05-11T09:48:21.910035+00:00,chat,chat_004,1,docker_model_runner_local,qwen3.5:4b,Qwen 3.5 4B,qwen3.5,4B,cpu,CPU / num_gpu=0,50,96,146,11.896751646999974,0.0026556919999745077,0.669103803,11.224992151999999,1.8199998521595262e-06,10.853486432,0.37150571999999826,11.896753466999826,11.908063197000047,,552.6424318075154,552.6424318075154,51.925210084033615,46.65219327731092,46.701,1,cpu:unavailable;gpu:nvml,0.0,2.763212159037577e-05,0.0,2.763212159037577e-05,0.0001892611067833957,3785.222135667914,,,,,,,,
lightning_a100_qwen35,2026-05-11T09:48:34.111656+00:00,chat,chat_005,1,docker_model_runner_local,qwen3.5:4b,Qwen 3.5 4B,qwen3.5,4B,cpu,CPU / num_gpu=0,66,96,162,12.187895406999814,0.003311624999813745,0.972364449,11.212219333,2.1400001060101204e-06,10.843245502,0.3689738309999999,12.18789754699992,12.199084844000026,,566.4587729612542,566.4587729612542,51.94754098360656,46.61168852459016,46.701,1,cpu:unavailable;gpu:nvml,0.0,2.832293864806271e-05,0.0,2.832293864806271e-05,0.00017483295461767105,3496.659092353421,,,,,,,,
lightning_a100_qwen35,2026-05-11T09:48:51.586563+00:00,chat,chat_001,0,docker_model_runner_local,qwen3.5:9b,Qwen 3.5 9B,qwen3.5,9B,cpu,CPU / num_gpu=0,59,96,155,17.46115176000012,0.002687422000121842,1.200508435,16.257955903,1.720000000204891e-06,12.641004666,3.6169512369999985,17.46115348000012,17.472336696999946,,809.3342927323937,809.3342927323937,44.44022988505748,46.585689655172416,46.701,1,cpu:unavailable;gpu:nvml,0.0,4.0466714636619685e-05,0.0,4.0466714636619685e-05,0.0002610755783007721,5221.511566015443,,,,,,,,
lightning_a100_qwen35,2026-05-11T09:49:05.906619+00:00,chat,chat_002,0,docker_model_runner_local,qwen3.5:9b,Qwen 3.5 9B,qwen3.5,9B,cpu,CPU / num_gpu=0,52,96,148,14.302681907000078,0.003774513000077917,1.07246775,13.226439644000001,1.86900001608592e-06,12.832396862,0.3940427820000014,14.302683776000094,14.314808472000095,,665.9374847224535,665.9374847224535,52.21468531468531,46.6963006993007,46.749,1,cpu:unavailable;gpu:nvml,0.0,3.329687423612268e-05,0.0,3.329687423612268e-05,0.00022497887997380186,4499.577599476037,,,,,,,,
lightning_a100_qwen35,2026-05-11T09:49:19.992239+00:00,chat,chat_003,0,docker_model_runner_local,qwen3.5:9b,Qwen 3.5 9B,qwen3.5,9B,cpu,CPU / num_gpu=0,54,96,150,14.069665170999997,0.002422186999996967,1.100562848,12.966680136,2.5099998310906813e-06,12.550706809,0.41597332700000145,14.069667680999828,14.08021378400008,,656.2628405174157,656.2628405174157,52.01985815602837,46.68397872340425,46.749,1,cpu:unavailable;gpu:nvml,0.0,3.2813142025870786e-05,0.0,3.2813142025870786e-05,0.0002187542801724719,4375.085603449438,,,,,,,,
lightning_a100_qwen35,2026-05-11T09:49:33.965301+00:00,chat,chat_004,0,docker_model_runner_local,qwen3.5:9b,Qwen 3.5 9B,qwen3.5,9B,cpu,CPU / num_gpu=0,50,96,146,13.95934000300008,0.003325095000079159,1.03570796,12.920306948,2.240000185338431e-06,12.557400406,0.36290654200000105,13.959342243000265,13.970294316000036,,651.7036488507156,651.7036488507156,52.23714285714286,46.688314285714284,46.749,1,cpu:unavailable;gpu:nvml,0.0,3.258518244253578e-05,0.0,3.258518244253578e-05,0.00022318618111325875,4463.723622265175,,,,,,,,
lightning_a100_qwen35,2026-05-11T09:49:48.610417+00:00,chat,chat_005,0,docker_model_runner_local,qwen3.5:9b,Qwen 3.5 9B,qwen3.5,9B,cpu,CPU / num_gpu=0,66,96,162,14.631375130999913,0.002593470999913805,1.512500107,13.116281553,1.5599998732795939e-06,12.738762442,0.3775191109999998,14.631376690999787,14.641955905000032,,679.5470345720125,679.5470345720125,52.25890410958904,46.66976712328767,46.701,1,cpu:unavailable;gpu:nvml,0.0,3.397735172860063e-05,0.0,3.397735172860063e-05,0.00020973673906543597,4194.73478130872,,,,,,,,
lightning_a100_qwen35,2026-05-11T09:50:02.935678+00:00,chat,chat_001,1,docker_model_runner_local,qwen3.5:9b,Qwen 3.5 9B,qwen3.5,9B,cpu,CPU / num_gpu=0,59,96,155,14.311534914000049,0.0027175130000482994,1.189346876,13.119470525,1.939999947353499e-06,12.74965222,0.3698183050000008,14.311536853999996,14.32272573199998,,665.830304466137,665.830304466137,52.22237762237762,46.68186713286713,46.701,1,cpu:unavailable;gpu:nvml,0.0,3.3291515223306846e-05,0.0,3.3291515223306846e-05,0.00021478396918262483,4295.679383652498,,,,,,,,
lightning_a100_qwen35,2026-05-11T09:50:17.201324+00:00,chat,chat_002,1,docker_model_runner_local,qwen3.5:9b,Qwen 3.5 9B,qwen3.5,9B,cpu,CPU / num_gpu=0,52,96,148,14.252044674000217,0.0030015590002179238,1.075046623,13.173996491999999,2.6779999870996107e-05,12.810295916,0.3637005759999994,14.252071454000088,14.263157367000076,,661.0199675371865,661.0199675371865,52.24014084507043,46.68511267605634,46.749,1,cpu:unavailable;gpu:nvml,0.0,3.3050998376859324e-05,0.0,3.3050998376859324e-05,0.00022331755660040084,4466.351132008017,,,,,,,,
lightning_a100_qwen35,2026-05-11T09:50:31.336051+00:00,chat,chat_003,1,docker_model_runner_local,qwen3.5:9b,Qwen 3.5 9B,qwen3.5,9B,cpu,CPU / num_gpu=0,54,96,150,14.1180783169998,0.006203498999798995,1.103868291,13.008006527000001,2.060000042547472e-06,12.628608881,0.37939764600000103,14.118080376999842,14.12918700299997,,655.8762759393794,655.8762759393794,52.191489361702125,46.65265957446808,46.701,1,cpu:unavailable;gpu:nvml,0.0,3.279381379696897e-05,0.0,3.279381379696897e-05,0.00021862542531312648,4372.508506262529,,,,,,,,
lightning_a100_qwen35,2026-05-11T09:50:45.684708+00:00,chat,chat_004,1,docker_model_runner_local,qwen3.5:9b,Qwen 3.5 9B,qwen3.5,9B,cpu,CPU / num_gpu=0,50,96,146,14.335446518000026,0.002813704000026007,1.035967936,13.296664878,2.269999868076411e-06,12.905634513,0.3910303649999989,14.335448787999894,14.34629924800015,,665.3535925580187,665.3535925580187,52.21818181818182,46.653,46.701,1,cpu:unavailable;gpu:nvml,0.0,3.326767962790093e-05,0.0,3.326767962790093e-05,0.00022786081936918446,4557.21638738369,,,,,,,,
lightning_a100_qwen35,2026-05-11T09:51:00.325605+00:00,chat,chat_005,1,docker_model_runner_local,qwen3.5:9b,Qwen 3.5 9B,qwen3.5,9B,cpu,CPU / num_gpu=0,66,96,162,14.626026756999863,0.002953535999862922,1.506302127,13.116771094,1.8799998997565126e-06,12.717005923,0.3997651710000003,14.626028636999763,14.638346786000056,,679.2907200323626,679.2907200323626,52.20753424657534,46.655410958904106,46.749,1,cpu:unavailable;gpu:nvml,0.0,3.396453600161813e-05,0.0,3.396453600161813e-05,0.0002096576296396181,4193.152592792362,,,,,,,,
lightning_a100_qwen35,2026-05-11T09:51:05.337003+00:00,summarization,classroom_notebooks,0,docker_model_runner_local,qwen3.5:0.8b,Qwen 3.5 0.8B,qwen3.5,0.8B,cpu,CPU / num_gpu=0,144,96,240,4.992268776999936,0.0029262059999357604,0.430044798,4.559297773,1.7499999103165464e-06,4.160147636,0.39915013700000035,4.992270526999846,5.005658298000071,,230.523806225753,230.523806225753,49.916000000000004,46.67412,46.701,1,cpu:unavailable;gpu:nvml,0.0,1.152619031128765e-05,0.0,1.152619031128765e-05,4.8025792963698544e-05,960.5158592739708,,,,,,,,
lightning_a100_qwen35,2026-05-11T09:51:10.351172+00:00,summarization,python_llm_costs,0,docker_model_runner_local,qwen3.5:0.8b,Qwen 3.5 0.8B,qwen3.5,0.8B,cpu,CPU / num_gpu=0,175,96,271,5.001063072000079,0.0027662150000793417,0.475557391,4.522739466,1.68999986271956e-06,4.136152671,0.38658679500000037,5.001064761999942,5.011785938999992,,230.10782826295133,230.10782826295133,49.13399999999999,46.680839999999996,46.701,1,cpu:unavailable;gpu:nvml,0.0,1.1505391413147566e-05,0.0,1.1505391413147566e-05,4.245531886770319e-05,849.106377354064,,,,,,,,
lightning_a100_qwen35,2026-05-11T09:51:15.365718+00:00,summarization,rag_pipeline,0,docker_model_runner_local,qwen3.5:0.8b,Qwen 3.5 0.8B,qwen3.5,0.8B,cpu,CPU / num_gpu=0,159,96,255,5.00196212700007,0.002662932000069951,0.445553717,4.553745478,1.5999999050109182e-06,4.177433636,0.3763118419999998,5.001963726999975,5.012149825000051,,230.15767511872252,230.15767511872252,49.431999999999995,46.67892,46.701,1,cpu:unavailable;gpu:nvml,0.0,1.1507883755936125e-05,0.0,1.1507883755936125e-05,4.512895590563186e-05,902.5791181126374,,,,,,,,
lightning_a100_qwen35,2026-05-11T09:51:20.321152+00:00,summarization,classroom_notebooks,1,docker_model_runner_local,qwen3.5:0.8b,Qwen 3.5 0.8B,qwen3.5,0.8B,cpu,CPU / num_gpu=0,144,96,240,4.939782451999918,0.0027463519999173513,0.418298654,4.518737446,1.669999846853898e-06,4.133642557,0.38509488900000033,4.9397841219997645,4.9529802020001625,,230.28595476571786,230.28595476571786,49.104,46.70004,46.749,1,cpu:unavailable;gpu:nvml,0.0,1.1514297738285891e-05,0.0,1.1514297738285891e-05,4.7976240576191214e-05,959.5248115238244,,,,,,,,
lightning_a100_qwen35,2026-05-11T09:51:25.494197+00:00,summarization,python_llm_costs,1,docker_model_runner_local,qwen3.5:0.8b,Qwen 3.5 0.8B,qwen3.5,0.8B,cpu,CPU / num_gpu=0,175,96,271,5.159124924000025,0.002729643000025206,0.478066851,4.67832843,2.218999952674494e-06,4.301527058,0.3768013720000001,5.159127142999978,5.170608727000172,,239.18665743216155,239.18665743216155,49.36538461538461,46.68069230769231,46.701,1,cpu:unavailable;gpu:nvml,0.0,1.1959332871608077e-05,0.0,1.1959332871608077e-05,4.413037960002981e-05,882.6075920005961,,,,,,,,
lightning_a100_qwen35,2026-05-11T09:51:30.835803+00:00,summarization,rag_pipeline,1,docker_model_runner_local,qwen3.5:0.8b,Qwen 3.5 0.8B,qwen3.5,0.8B,cpu,CPU / num_gpu=0,159,96,255,5.328322035000156,0.0025853600001557453,0.461879383,4.863857292,2.1109999579493888e-06,4.472032909,0.39182438299999944,5.328324146000114,5.339110516000119,,248.58929850936013,248.58929850936013,49.63703703703704,46.68233333333333,46.749,1,cpu:unavailable;gpu:nvml,0.0,1.2429464925468007e-05,0.0,1.2429464925468007e-05,4.874299970771767e-05,974.8599941543534,,,,,,,,
lightning_a100_qwen35,2026-05-11T09:51:44.274332+00:00,summarization,classroom_notebooks,0,docker_model_runner_local,qwen3.5:4b,Qwen 3.5 4B,qwen3.5,4B,cpu,CPU / num_gpu=0,144,96,240,13.424943141999847,0.0027405129998481215,2.036185251,11.386017377999998,2.010000116570154e-06,11.015169516,0.370847861999998,13.424945151999964,13.435982306999904,,623.3474459364497,623.3474459364497,51.77462686567164,46.66697014925373,46.749,1,cpu:unavailable;gpu:nvml,0.0,3.116737229682249e-05,0.0,3.116737229682249e-05,0.00012986405123676037,2597.281024735207,,,,,,,,
lightning_a100_qwen35,2026-05-11T09:51:58.516711+00:00,summarization,python_llm_costs,0,docker_model_runner_local,qwen3.5:4b,Qwen 3.5 4B,qwen3.5,4B,cpu,CPU / num_gpu=0,175,96,271,14.229115558000103,0.0028906170001032905,2.575879704,11.650345237,1.9600001905928366e-06,11.24387332,0.4064719169999993,14.229117518000294,14.23987133799983,,660.435319764339,660.435319764339,52.034507042253516,46.64556338028169,46.701,1,cpu:unavailable;gpu:nvml,0.0,3.3021765988216955e-05,0.0,3.3021765988216955e-05,0.0001218515350118707,2437.0307002374134,,,,,,,,
lightning_a100_qwen35,2026-05-11T09:52:11.983049+00:00,summarization,rag_pipeline,0,docker_model_runner_local,qwen3.5:4b,Qwen 3.5 4B,qwen3.5,4B,cpu,CPU / num_gpu=0,159,96,255,13.453022369999871,0.0027921149998721972,2.151702046,11.298528208999999,1.770999915606808e-06,10.943614198,0.3549140109999982,13.453024140999787,13.463804179999897,,627.831923833746,627.831923833746,52.12888888888889,46.67114074074074,46.749,1,cpu:unavailable;gpu:nvml,0.0,3.13915961916873e-05,0.0,3.13915961916873e-05,0.00012310429879093057,2462.0859758186116,,,,,,,,
lightning_a100_qwen35,2026-05-11T09:52:25.240197+00:00,summarization,classroom_notebooks,1,docker_model_runner_local,qwen3.5:4b,Qwen 3.5 4B,qwen3.5,4B,cpu,CPU / num_gpu=0,144,96,240,13.243913088,0.0027071019999986845,2.00891609,11.232289896000001,2.3699999474047218e-06,10.866259151,0.36603074500000155,13.243915457999947,13.254549306999934,,613.9181258041947,613.9181258041947,52.166666666666664,46.681128787878784,46.701,1,cpu:unavailable;gpu:nvml,0.0,3.069590629020973e-05,0.0,3.069590629020973e-05,0.00012789960954254055,2557.9921908508113,,,,,,,,
lightning_a100_qwen35,2026-05-11T09:52:38.891937+00:00,summarization,python_llm_costs,1,docker_model_runner_local,qwen3.5:4b,Qwen 3.5 4B,qwen3.5,4B,cpu,CPU / num_gpu=0,175,96,271,13.635557462999941,0.005869354999941123,2.26106735,11.368620758,2.2199999420990935e-06,10.987275517,0.381345241,13.635559682999883,13.648290001000078,,632.9278981545649,632.9278981545649,52.13235294117647,46.69652941176471,46.749,1,cpu:unavailable;gpu:nvml,0.0,3.1646394907728244e-05,0.0,3.1646394907728244e-05,0.00011677636497316694,2335.5272994633387,,,,,,,,
lightning_a100_qwen35,2026-05-11T09:52:52.347938+00:00,summarization,rag_pipeline,1,docker_model_runner_local,qwen3.5:4b,Qwen 3.5 4B,qwen3.5,4B,cpu,CPU / num_gpu=0,159,96,255,13.442728178000152,0.002620841000151586,2.14525238,11.294854957,1.8099999579135329e-06,10.932697163,0.3621577939999998,13.44272998800011,13.45340907800005,,623.5788861584433,623.5788861584433,52.12686567164179,46.70064179104478,46.749,1,cpu:unavailable;gpu:nvml,0.0,3.1178944307922166e-05,0.0,3.1178944307922166e-05,0.0001222703698349889,2445.407396699778,,,,,,,,
lightning_a100_qwen35,2026-05-11T09:53:08.663525+00:00,summarization,classroom_notebooks,0,docker_model_runner_local,qwen3.5:9b,Qwen 3.5 9B,qwen3.5,9B,cpu,CPU / num_gpu=0,144,96,240,16.299933964000047,0.0028180640000456947,2.951787972,13.345327928000001,2.739999899858958e-06,12.969806768,0.3755211600000017,16.299936703999947,16.31122781399995,,759.3439991582088,759.3439991582088,52.30920245398773,46.683920245398774,46.749,1,cpu:unavailable;gpu:nvml,0.0,3.7967199957910436e-05,0.0,3.7967199957910436e-05,0.00015819666649129348,3163.9333298258703,,,,,,,,
lightning_a100_qwen35,2026-05-11T09:53:25.593955+00:00,summarization,python_llm_costs,0,docker_model_runner_local,qwen3.5:9b,Qwen 3.5 9B,qwen3.5,9B,cpu,CPU / num_gpu=0,175,96,271,16.91571190800005,0.006803013000048708,3.623762147,13.285146747999999,1.900999905046774e-06,12.806846416,0.4783003319999981,16.915713808999953,16.927653000999953,,787.6727363246351,787.6727363246351,52.16508875739645,46.693615384615384,46.749,1,cpu:unavailable;gpu:nvml,0.0,3.938363681623175e-05,0.0,3.938363681623175e-05,0.0001453270731226264,2906.541462452528,,,,,,,,
lightning_a100_qwen35,2026-05-11T09:53:42.220979+00:00,summarization,rag_pipeline,0,docker_model_runner_local,qwen3.5:9b,Qwen 3.5 9B,qwen3.5,9B,cpu,CPU / num_gpu=0,159,96,255,16.613772141000027,0.0059960580000257835,3.541550822,13.066225261000001,1.8400000953988638e-06,12.708676749,0.35754851200000104,16.613773981000122,16.624530620000087,,773.5328894030379,773.5328894030379,52.453012048192775,46.68278313253012,46.749,1,cpu:unavailable;gpu:nvml,0.0,3.8676644470151894e-05,0.0,3.8676644470151894e-05,0.00015167311556922312,3033.4623113844623,,,,,,,,
lightning_a100_qwen35,2026-05-11T09:53:58.206087+00:00,summarization,classroom_notebooks,1,docker_model_runner_local,qwen3.5:9b,Qwen 3.5 9B,qwen3.5,9B,cpu,CPU / num_gpu=0,144,96,240,15.97180133400002,0.0028502950000195426,2.949308208,13.019642831,2.069999936793465e-06,12.633615836,0.38602699499999993,15.971803403999957,15.982619906000082,,745.486850590523,745.486850590523,52.355,46.6947,46.749,1,cpu:unavailable;gpu:nvml,0.0,3.727434252952615e-05,0.0,3.727434252952615e-05,0.0001553097605396923,3106.1952107938455,,,,,,,,
lightning_a100_qwen35,2026-05-11T09:54:14.769770+00:00,summarization,python_llm_costs,1,docker_model_runner_local,qwen3.5:9b,Qwen 3.5 9B,qwen3.5,9B,cpu,CPU / num_gpu=0,175,96,271,16.550270340000225,0.0026721640002236313,3.491545325,13.056052851,2.1200000901444582e-06,12.682735249,0.3733176020000002,16.550272460000315,16.561112181999988,,769.2885642918784,769.2885642918784,52.383636363636356,46.71205454545455,46.749,1,cpu:unavailable;gpu:nvml,0.0,3.846442821459392e-05,0.0,3.846442821459392e-05,0.00014193515946344618,2838.703189268924,,,,,,,,
lightning_a100_qwen35,2026-05-11T09:54:31.005970+00:00,summarization,rag_pipeline,1,docker_model_runner_local,qwen3.5:9b,Qwen 3.5 9B,qwen3.5,9B,cpu,CPU / num_gpu=0,159,96,255,16.222639785999945,0.005656540999943616,3.217952368,12.999030877000001,2.179999910367769e-06,12.640532176,0.35849870100000025,16.222641965999856,16.233652671000073,,755.4908587504004,755.4908587504004,52.376543209876544,46.7172962962963,46.749,1,cpu:unavailable;gpu:nvml,0.0,3.777454293752002e-05,0.0,3.777454293752002e-05,0.0001481354625000785,2962.7092500015706,,,,,,,,
lightning_a100_qwen35,2026-05-11T09:54:35.780676+00:00,classification,cls_001,0,docker_model_runner_local,qwen3.5:0.8b,Qwen 3.5 0.8B,qwen3.5,0.8B,cpu,CPU / num_gpu=0,65,96,161,4.761439501000041,0.002347475000040511,0.230173859,4.5289181670000005,5.7100000958598685e-06,4.140155085,0.38876308200000054,4.761445211000137,4.772124661000134,,220.7688409606356,220.7688409606356,49.91458333333333,46.711999999999996,46.749,1,cpu:unavailable;gpu:nvml,0.0,1.103844204803178e-05,0.0,1.103844204803178e-05,6.856175185112907e-05,1371.2350370225815,,False,,,,,,
lightning_a100_qwen35,2026-05-11T09:54:40.559480+00:00,classification,cls_002,0,docker_model_runner_local,qwen3.5:0.8b,Qwen 3.5 0.8B,qwen3.5,0.8B,cpu,CPU / num_gpu=0,66,96,162,4.76625405499999,0.00275129299999044,0.234954272,4.5285484899999995,5.770000143456855e-06,4.146803418,0.3817450719999993,4.766259825000134,4.776297452000108,,220.7166301603651,220.7166301603651,49.03958333333333,46.699000000000005,46.749,1,cpu:unavailable;gpu:nvml,0.0,1.1035831508018254e-05,0.0,1.1035831508018254e-05,6.812241671616206e-05,1362.4483343232414,,False,,,,,,
lightning_a100_qwen35,2026-05-11T09:54:45.515804+00:00,classification,cls_003,0,docker_model_runner_local,qwen3.5:0.8b,Qwen 3.5 0.8B,qwen3.5,0.8B,cpu,CPU / num_gpu=0,61,96,157,4.943137052999873,0.005589549999872823,0.179810815,4.7577366880000005,4.819999958272092e-06,4.390742739,0.36699394900000026,4.943141872999831,4.9538744819999465,,230.1972251281909,230.1972251281909,49.214,46.68724,46.701,1,cpu:unavailable;gpu:nvml,0.0,1.1509861256409546e-05,0.0,1.1509861256409546e-05,7.331121819369138e-05,1466.2243638738273,,False,,,,,,
lightning_a100_qwen35,2026-05-11T09:54:50.277280+00:00,classification,cls_004,0,docker_model_runner_local,qwen3.5:0.8b,Qwen 3.5 0.8B,qwen3.5,0.8B,cpu,CPU / num_gpu=0,68,96,164,4.74837669600015,0.0024578770001504324,0.24152417,4.504394649,5.408999868450337e-06,4.128685564,0.37570908499999955,4.748382105000019,4.75903561500013,,220.7485530088399,220.7485530088399,49.13958333333333,46.68166666666667,46.749,1,cpu:unavailable;gpu:nvml,0.0,1.1037427650441995e-05,0.0,1.1037427650441995e-05,6.730138811245119e-05,1346.0277622490237,,False,,,,,,
lightning_a100_qwen35,2026-05-11T09:54:55.028342+00:00,classification,cls_005,0,docker_model_runner_local,qwen3.5:0.8b,Qwen 3.5 0.8B,qwen3.5,0.8B,cpu,CPU / num_gpu=0,66,96,162,4.737860260999923,0.0023873769999234185,0.234584004,4.50088888,4.580999984682421e-06,4.137711585,0.36317729499999984,4.737864841999908,4.748637131999885,,220.97975477835465,220.97975477835465,49.27291666666667,46.69433333333333,46.749,1,cpu:unavailable;gpu:nvml,0.0,1.1048987738917731e-05,0.0,1.1048987738917731e-05,6.820362801801068e-05,1364.0725603602139,,False,,,,,,
lightning_a100_qwen35,2026-05-11T09:55:00.083948+00:00,classification,cls_006,0,docker_model_runner_local,qwen3.5:0.8b,Qwen 3.5 0.8B,qwen3.5,0.8B,cpu,CPU / num_gpu=0,66,96,162,5.042485994000117,0.0023510350001165747,0.238371359,4.8017636,4.600000011123484e-06,4.40870119,0.39306240999999975,5.042490594000128,5.053178813999921,,234.87234021168507,234.87234021168507,49.088235294117645,46.6693137254902,46.749,1,cpu:unavailable;gpu:nvml,0.0,1.1743617010584253e-05,0.0,1.1743617010584253e-05,7.249146302829785e-05,1449.8292605659574,,False,,,,,,
lightning_a100_qwen35,2026-05-11T09:55:04.776119+00:00,classification,cls_007,0,docker_model_runner_local,qwen3.5:0.8b,Qwen 3.5 0.8B,qwen3.5,0.8B,cpu,CPU / num_gpu=0,61,96,157,4.6793373670000165,0.0026744010000161467,0.173204965,4.503458001,4.929999931846396e-06,4.126920134,0.3765378670000006,4.679342296999948,4.689663440000004,,215.80709345039642,215.80709345039642,49.131914893617015,46.69010638297872,46.749,1,cpu:unavailable;gpu:nvml,0.0,1.0790354672519822e-05,0.0,1.0790354672519822e-05,6.872837371031734e-05,1374.5674742063468,,False,,,,,,
lightning_a100_qwen35,2026-05-11T09:55:09.540757+00:00,classification,cls_008,0,docker_model_runner_local,qwen3.5:0.8b,Qwen 3.5 0.8B,qwen3.5,0.8B,cpu,CPU / num_gpu=0,65,96,161,4.75115442099991,0.002718373999909929,0.237145264,4.511290783000001,4.55999997939216e-06,4.117385509,0.39390527400000064,4.7511589809998895,4.762172755999927,,221.0820371413847,221.0820371413847,48.81666666666666,46.687999999999995,46.701,1,cpu:unavailable;gpu:nvml,0.0,1.1054101857069235e-05,0.0,1.1054101857069235e-05,6.865901774577164e-05,1373.1803549154329,,False,,,,,,
lightning_a100_qwen35,2026-05-11T09:55:14.297749+00:00,classification,cls_001,1,docker_model_runner_local,qwen3.5:0.8b,Qwen 3.5 0.8B,qwen3.5,0.8B,cpu,CPU / num_gpu=0,65,96,161,4.742964330999939,0.0024017269999392354,0.232599906,4.507962698,4.501000148593448e-06,4.125479786,0.3824829120000004,4.742968832000088,4.754366634000007,,220.57285415729456,220.57285415729456,49.06875,46.661,46.701,1,cpu:unavailable;gpu:nvml,0.0,1.1028642707864727e-05,0.0,1.1028642707864727e-05,6.850088638425295e-05,1370.0177276850593,,False,,,,,,
lightning_a100_qwen35,2026-05-11T09:55:19.093174+00:00,classification,cls_002,1,docker_model_runner_local,qwen3.5:0.8b,Qwen 3.5 0.8B,qwen3.5,0.8B,cpu,CPU / num_gpu=0,66,96,162,4.77714350999986,0.002488429999860209,0.237601124,4.537053955999999,4.86999988424941e-06,4.161405745,0.3756482109999997,4.777148379999744,4.792912286999808,,220.77549540462687,220.77549540462687,49.02708333333334,46.671,46.701,1,cpu:unavailable;gpu:nvml,0.0,1.1038774770231342e-05,0.0,1.1038774770231342e-05,6.814058500142803e-05,1362.8117000285608,,False,,,,,,
lightning_a100_qwen35,2026-05-11T09:55:23.887722+00:00,classification,cls_003,1,docker_model_runner_local,qwen3.5:0.8b,Qwen 3.5 0.8B,qwen3.5,0.8B,cpu,CPU / num_gpu=0,61,96,157,4.781796249999843,0.0028916759998427466,0.17654628,4.602358294,5.289999990054639e-06,4.211154069,0.39120422500000007,4.781801539999833,4.792132312999911,,220.50983174408748,220.50983174408748,49.11666666666667,46.62566666666667,46.749,1,cpu:unavailable;gpu:nvml,0.0,1.1025491587204373e-05,0.0,1.1025491587204373e-05,7.022606106499601e-05,1404.5212212999204,,False,,,,,,
lightning_a100_qwen35,2026-05-11T09:55:28.770526+00:00,classification,cls_004,1,docker_model_runner_local,qwen3.5:0.8b,Qwen 3.5 0.8B,qwen3.5,0.8B,cpu,CPU / num_gpu=0,68,96,164,4.866730180000104,0.002500448000104072,0.241179784,4.623049948,4.669999952966464e-06,4.265709107,0.3573408410000001,4.866734850000057,4.879974297999979,,225.14628540365325,225.14628540365325,49.289795918367346,46.66083673469387,46.701,1,cpu:unavailable;gpu:nvml,0.0,1.1257314270182663e-05,0.0,1.1257314270182663e-05,6.864216018404063e-05,1372.8432036808124,,False,,,,,,
lightning_a100_qwen35,2026-05-11T09:55:33.786518+00:00,classification,cls_005,1,docker_model_runner_local,qwen3.5:0.8b,Qwen 3.5 0.8B,qwen3.5,0.8B,cpu,CPU / num_gpu=0,66,96,162,5.002867164000008,0.0023350260000087886,0.246167562,4.7543645759999995,4.689999968832126e-06,4.37824211,0.3761224659999991,5.002871853999977,5.013443142000142,,230.10680723657384,230.10680723657384,49.233999999999995,46.66804,46.701,1,cpu:unavailable;gpu:nvml,0.0,1.1505340361828693e-05,0.0,1.1505340361828693e-05,7.102061951746106e-05,1420.4123903492211,,False,,,,,,
lightning_a100_qwen35,2026-05-11T09:55:38.540829+00:00,classification,cls_006,1,docker_model_runner_local,qwen3.5:0.8b,Qwen 3.5 0.8B,qwen3.5,0.8B,cpu,CPU / num_gpu=0,66,96,162,4.740651860000071,0.0026690950000709535,0.234818999,4.503163766,5.030000011174707e-06,4.147097131,0.35606663500000035,4.740656890000082,4.751914559000397,,220.4015772338005,220.4015772338005,49.324999999999996,46.677,46.701,1,cpu:unavailable;gpu:nvml,0.0,1.1020078861690025e-05,0.0,1.1020078861690025e-05,6.80251781585804e-05,1360.503563171608,,False,,,,,,
lightning_a100_qwen35,2026-05-11T09:55:43.221984+00:00,classification,cls_007,1,docker_model_runner_local,qwen3.5:0.8b,Qwen 3.5 0.8B,qwen3.5,0.8B,cpu,CPU / num_gpu=0,61,96,157,4.6655756010000005,0.002361577000000281,0.177819686,4.485394338,5.069000053481432e-06,4.133289459,0.35210487899999965,4.665580670000054,4.678755110000111,,215.87178573116927,215.87178573116927,49.19574468085106,46.65708510638297,46.701,1,cpu:unavailable;gpu:nvml,0.0,1.0793589286558464e-05,0.0,1.0793589286558464e-05,6.874897634750614e-05,1374.9795269501228,,False,,,,,,
lightning_a100_qwen35,2026-05-11T09:55:47.986183+00:00,classification,cls_008,1,docker_model_runner_local,qwen3.5:0.8b,Qwen 3.5 0.8B,qwen3.5,0.8B,cpu,CPU / num_gpu=0,65,96,161,4.7481846149999,0.0024357169998996397,0.232981894,4.5127670040000005,5.379999947763281e-06,4.142601004,0.3701660000000002,4.748189994999848,4.7616635499998665,,220.68826511757885,220.68826511757885,49.19166666666666,46.644,46.701,1,cpu:unavailable;gpu:nvml,0.0,1.1034413255878942e-05,0.0,1.1034413255878942e-05,6.853672829738474e-05,1370.7345659476948,,False,,,,,,
lightning_a100_qwen35,2026-05-11T09:56:00.257716+00:00,classification,cls_001,0,docker_model_runner_local,qwen3.5:4b,Qwen 3.5 4B,qwen3.5,4B,cpu,CPU / num_gpu=0,65,96,161,12.25882951299991,0.002850596999909527,0.951617143,11.304361773,4.4299999899521936e-06,10.916483927,0.3878778460000003,12.2588339429999,12.269035681999867,,571.9107547253533,571.9107547253533,51.56260162601626,46.676804878048785,46.749,1,cpu:unavailable;gpu:nvml,0.0,2.859553773626766e-05,0.0,2.859553773626766e-05,0.00017761203562899168,3552.240712579834,,False,,,,,,
lightning_a100_qwen35,2026-05-11T09:56:12.454264+00:00,classification,cls_002,0,docker_model_runner_local,qwen3.5:4b,Qwen 3.5 4B,qwen3.5,4B,cpu,CPU / num_gpu=0,66,96,162,12.18298004999997,0.002537499999968773,0.964215848,11.216226702,5.0199996621813625e-06,10.860471786,0.3557549160000004,12.182985069999631,12.194060276000073,,567.2351549448559,567.2351549448559,51.985245901639345,46.68132786885246,46.701,1,cpu:unavailable;gpu:nvml,0.0,2.8361757747242795e-05,0.0,2.8361757747242795e-05,0.0001750725786866839,3501.4515737336787,,False,,,,,,
lightning_a100_qwen35,2026-05-11T09:56:24.510155+00:00,classification,cls_003,0,docker_model_runner_local,qwen3.5:4b,Qwen 3.5 4B,qwen3.5,4B,cpu,CPU / num_gpu=0,61,96,157,12.042399840999678,0.002491797999677914,0.771520932,11.268387111000001,4.640000042854808e-06,10.889384312,0.3790027990000002,12.042404480999721,12.053327784999965,,557.8241442240476,557.8241442240476,51.983333333333334,46.697,46.749,1,cpu:unavailable;gpu:nvml,0.0,2.789120721120238e-05,0.0,2.789120721120238e-05,0.0001776510013452381,3553.0200269047614,,False,,,,,,
lightning_a100_qwen35,2026-05-11T09:56:36.754952+00:00,classification,cls_004,0,docker_model_runner_local,qwen3.5:4b,Qwen 3.5 4B,qwen3.5,4B,cpu,CPU / num_gpu=0,68,96,164,12.231539137999789,0.005759412999788438,1.004538086,11.221241639,4.779999926540768e-06,10.850018721,0.37122291800000085,12.231543917999716,12.242294037999727,,567.3438445858026,567.3438445858026,51.98770491803279,46.696278688524586,46.749,1,cpu:unavailable;gpu:nvml,0.0,2.8367192229290128e-05,0.0,2.8367192229290128e-05,0.0001729706843249398,3459.4136864987963,,False,,,,,,
lightning_a100_qwen35,2026-05-11T09:56:48.990073+00:00,classification,cls_005,0,docker_model_runner_local,qwen3.5:4b,Qwen 3.5 4B,qwen3.5,4B,cpu,CPU / num_gpu=0,66,96,162,12.221727076999741,0.0025208699997421036,0.959182561,11.260023645999999,5.031000000599306e-06,10.897276175,0.3627474709999987,12.221732107999742,12.232586297000125,,567.1110693649085,567.1110693649085,51.97377049180328,46.695098360655734,46.749,1,cpu:unavailable;gpu:nvml,0.0,2.8355553468245422e-05,0.0,2.8355553468245422e-05,0.0001750342806681816,3500.685613363633,,False,,,,,,
lightning_a100_qwen35,2026-05-11T09:57:01.190942+00:00,classification,cls_006,0,docker_model_runner_local,qwen3.5:4b,Qwen 3.5 4B,qwen3.5,4B,cpu,CPU / num_gpu=0,66,96,162,12.187999227000091,0.00741287500009058,0.96529581,11.215290542,4.580000222631497e-06,10.836243851,0.3790466909999992,12.188003807000314,12.198372751000079,,567.4592523167023,567.4592523167023,51.94426229508196,46.7002131147541,46.749,1,cpu:unavailable;gpu:nvml,0.0,2.8372962615835115e-05,0.0,2.8372962615835115e-05,0.00017514174454219206,3502.8348908438415,,False,,,,,,
lightning_a100_qwen35,2026-05-11T09:57:13.249754+00:00,classification,cls_007,0,docker_model_runner_local,qwen3.5:4b,Qwen 3.5 4B,qwen3.5,4B,cpu,CPU / num_gpu=0,61,96,157,12.045620245999999,0.002470719999998039,0.769574894,11.273574632,4.551000074570766e-06,10.896537239,0.37703739300000016,12.045624797000073,12.056360012999903,,557.8936085948128,557.8936085948128,51.9425,46.69179999999999,46.749,1,cpu:unavailable;gpu:nvml,0.0,2.789468042974064e-05,0.0,2.789468042974064e-05,0.0001776731237563098,3553.4624751261963,,False,,,,,,
lightning_a100_qwen35,2026-05-11T09:57:25.733792+00:00,classification,cls_008,0,docker_model_runner_local,qwen3.5:4b,Qwen 3.5 4B,qwen3.5,4B,cpu,CPU / num_gpu=0,65,96,161,12.471002417999898,0.0030484469998981467,0.970176495,11.497777476,4.708999767899513e-06,11.139824668,0.3579528080000003,12.471007126999666,12.481474123000226,,581.4436265900829,581.4436265900829,52.0152,46.682184,46.749,1,cpu:unavailable;gpu:nvml,0.0,2.9072181329504142e-05,0.0,2.9072181329504142e-05,0.00018057255484164064,3611.451096832813,,False,,,,,,
lightning_a100_qwen35,2026-05-11T09:57:37.915032+00:00,classification,cls_001,1,docker_model_runner_local,qwen3.5:4b,Qwen 3.5 4B,qwen3.5,4B,cpu,CPU / num_gpu=0,65,96,161,12.167824038000163,0.0026904320001630566,0.961092898,11.204040707999999,5.200000032345997e-06,10.831836395,0.37220431299999923,12.167829238000195,12.178311772999677,,567.1739753267967,567.1739753267967,51.96229508196721,46.68775409836066,46.749,1,cpu:unavailable;gpu:nvml,0.0,2.8358698766339836e-05,0.0,2.8358698766339836e-05,0.0001761409861263344,3522.8197225266877,,False,,,,,,
lightning_a100_qwen35,2026-05-11T09:57:50.404691+00:00,classification,cls_002,1,docker_model_runner_local,qwen3.5:4b,Qwen 3.5 4B,qwen3.5,4B,cpu,CPU / num_gpu=0,66,96,162,12.476702300999932,0.002464495999932481,0.969660356,11.504577449,4.259999968780903e-06,11.132632799,0.37194464999999965,12.4767065609999,12.487085203999868,,581.4283689693114,581.4283689693114,52.0088,46.677576,46.749,1,cpu:unavailable;gpu:nvml,0.0,2.9071418448465568e-05,0.0,2.9071418448465568e-05,0.00017945320029917017,3589.0640059834036,,False,,,,,,
lightning_a100_qwen35,2026-05-11T09:58:02.414589+00:00,classification,cls_003,1,docker_model_runner_local,qwen3.5:4b,Qwen 3.5 4B,qwen3.5,4B,cpu,CPU / num_gpu=0,61,96,157,11.996493224000005,0.002413436000004765,0.769536023,11.224543765,5.2400000640773214e-06,10.864879556,0.35966420899999996,11.99649846400007,12.007411177999984,,557.8366085360956,557.8366085360956,51.973333333333336,46.6834,46.749,1,cpu:unavailable;gpu:nvml,0.0,2.7891830426804776e-05,0.0,2.7891830426804776e-05,0.000177654970871368,3553.09941742736,,False,,,,,,
lightning_a100_qwen35,2026-05-11T09:58:14.685342+00:00,classification,cls_004,1,docker_model_runner_local,qwen3.5:4b,Qwen 3.5 4B,qwen3.5,4B,cpu,CPU / num_gpu=0,68,96,164,12.257421047000207,0.0024169950002068674,0.999447184,11.255556868000001,5.0499997996666934e-06,10.885361189,0.37019567900000183,12.257426097000007,12.268247498000164,,572.0057578827132,572.0057578827132,51.96991869918699,46.68578048780488,46.749,1,cpu:unavailable;gpu:nvml,0.0,2.860028789413566e-05,0.0,2.860028789413566e-05,0.00017439199935448573,3487.8399870897147,,False,,,,,,
lightning_a100_qwen35,2026-05-11T09:58:26.876294+00:00,classification,cls_005,1,docker_model_runner_local,qwen3.5:4b,Qwen 3.5 4B,qwen3.5,4B,cpu,CPU / num_gpu=0,66,96,162,12.177507233999677,0.0024639679996774078,0.960910374,11.214132891999999,4.161000106250867e-06,10.834535718,0.3795971739999988,12.177511394999783,12.18845342700024,,567.1110884228007,567.1110884228007,51.916393442622955,46.682901639344266,46.701,1,cpu:unavailable;gpu:nvml,0.0,2.8355554421140032e-05,0.0,2.8355554421140032e-05,0.00017503428655024712,3500.685731004942,,False,,,,,,
lightning_a100_qwen35,2026-05-11T09:58:39.078775+00:00,classification,cls_006,1,docker_model_runner_local,qwen3.5:4b,Qwen 3.5 4B,qwen3.5,4B,cpu,CPU / num_gpu=0,66,96,162,12.187999406999552,0.002461796999551069,0.962878952,11.222658658,4.941000042890664e-06,10.865239614,0.35741904400000024,12.188004347999595,12.198927860999902,,567.0169065973805,567.0169065973805,52.02540983606558,46.68447540983607,46.749,1,cpu:unavailable;gpu:nvml,0.0,2.8350845329869022e-05,0.0,2.8350845329869022e-05,0.00017500521808561125,3500.1043617122255,,False,,,,,,
lightning_a100_qwen35,2026-05-11T09:58:51.092196+00:00,classification,cls_007,1,docker_model_runner_local,qwen3.5:4b,Qwen 3.5 4B,qwen3.5,4B,cpu,CPU / num_gpu=0,61,96,157,11.996949044999837,0.0024913799998369512,0.765569087,11.228888578000001,4.520000402408186e-06,10.846677856,0.3822107220000017,11.99695356500024,12.010922246000064,,557.806373784111,557.806373784111,51.899166666666666,46.682199999999995,46.749,1,cpu:unavailable;gpu:nvml,0.0,2.7890318689205548e-05,0.0,2.7890318689205548e-05,0.00017764534196946206,3552.9068393892417,,False,,,,,,
lightning_a100_qwen35,2026-05-11T09:59:03.342109+00:00,classification,cls_008,1,docker_model_runner_local,qwen3.5:4b,Qwen 3.5 4B,qwen3.5,4B,cpu,CPU / num_gpu=0,65,96,161,12.23709701200005,0.005806961000049071,0.951270108,11.280019943000001,4.470000021683518e-06,10.90130087,0.37871907300000096,12.237101482000071,12.247245140999894,,567.1414496587334,567.1414496587334,52.01147540983606,46.68211475409836,46.749,1,cpu:unavailable;gpu:nvml,0.0,2.8357072482936672e-05,0.0,2.8357072482936672e-05,0.0001761308849871843,3522.617699743686,,False,,,,,,
lightning_a100_qwen35,2026-05-11T09:59:17.849192+00:00,classification,cls_001,0,docker_model_runner_local,qwen3.5:9b,Qwen 3.5 9B,qwen3.5,9B,cpu,CPU / num_gpu=0,65,96,161,14.492216733000078,0.002492239000076779,1.428521697,13.061202797,4.660000286094146e-06,12.674566219,0.3866365779999992,14.492221393000364,14.503178785999808,,675.1033321887536,675.1033321887536,52.0448275862069,46.68775862068966,46.749,1,cpu:unavailable;gpu:nvml,0.0,3.3755166609437683e-05,0.0,3.3755166609437683e-05,0.00020965941993439556,4193.18839868791,,False,,,,,,
lightning_a100_qwen35,2026-05-11T09:59:32.429223+00:00,classification,cls_002,0,docker_model_runner_local,qwen3.5:9b,Qwen 3.5 9B,qwen3.5,9B,cpu,CPU / num_gpu=0,66,96,162,14.563471817999925,0.0025204199999251387,1.495011639,13.065939759,4.649999937100802e-06,12.694206318,0.37173344099999994,14.563476467999863,14.577526139999918,,679.7294624064581,679.7294624064581,52.413698630136984,46.682589041095895,46.749,1,cpu:unavailable;gpu:nvml,0.0,3.3986473120322904e-05,0.0,3.3986473120322904e-05,0.00020979304395261051,4195.86087905221,,False,,,,,,
lightning_a100_qwen35,2026-05-11T09:59:46.685506+00:00,classification,cls_003,0,docker_model_runner_local,qwen3.5:9b,Qwen 3.5 9B,qwen3.5,9B,cpu,CPU / num_gpu=0,61,96,157,14.242615406999903,0.0027370739999028615,1.216054105,13.023824228,4.800999704457354e-06,12.648432791,0.3753914370000011,14.242620207999607,14.253719862999787,,661.1044774519088,661.1044774519088,52.208450704225356,46.686802816901405,46.749,1,cpu:unavailable;gpu:nvml,0.0,3.305522387259544e-05,0.0,3.305522387259544e-05,0.00021054282721398368,4210.8565442796735,,False,,,,,,
lightning_a100_qwen35,2026-05-11T10:00:01.182510+00:00,classification,cls_004,0,docker_model_runner_local,qwen3.5:9b,Qwen 3.5 9B,qwen3.5,9B,cpu,CPU / num_gpu=0,68,96,164,14.483437146000142,0.0032464860001422124,1.493387252,12.986803408,5.060000148660038e-06,12.619152637,0.367650771000001,14.48344220600029,14.494512400000076,,675.3255343466129,675.3255343466129,52.288275862068964,46.694710344827584,46.749,1,cpu:unavailable;gpu:nvml,0.0,3.3766276717330644e-05,0.0,3.3766276717330644e-05,0.00020589193120323565,4117.838624064712,,False,,,,,,
lightning_a100_qwen35,2026-05-11T10:00:15.718046+00:00,classification,cls_005,0,docker_model_runner_local,qwen3.5:9b,Qwen 3.5 9B,qwen3.5,9B,cpu,CPU / num_gpu=0,66,96,162,14.518846535000193,0.005980606000193234,1.503265365,13.009600564,4.369999714981532e-06,12.607449309,0.4021512549999997,14.518850904999908,14.529944120999971,,674.8566016843915,674.8566016843915,52.24689655172414,46.68444827586207,46.749,1,cpu:unavailable;gpu:nvml,0.0,3.374283008421958e-05,0.0,3.374283008421958e-05,0.00020828907459394803,4165.78149187896,,False,,,,,,
lightning_a100_qwen35,2026-05-11T10:00:30.236219+00:00,classification,cls_006,0,docker_model_runner_local,qwen3.5:9b,Qwen 3.5 9B,qwen3.5,9B,cpu,CPU / num_gpu=0,66,96,162,14.504895513000065,0.0023534270000649116,1.493546845,13.008995241000001,4.58999966213014e-06,12.64381077,0.36518447100000095,14.504900102999727,14.51564399300014,,675.2697106028005,675.2697106028005,52.26482758620689,46.69305517241379,46.749,1,cpu:unavailable;gpu:nvml,0.0,3.376348553014002e-05,0.0,3.376348553014002e-05,0.00020841657734654335,4168.331546930867,,False,,,,,,
lightning_a100_qwen35,2026-05-11T10:00:44.418030+00:00,classification,cls_007,0,docker_model_runner_local,qwen3.5:9b,Qwen 3.5 9B,qwen3.5,9B,cpu,CPU / num_gpu=0,61,96,157,14.168482163000135,0.0026886030001360695,1.214097996,12.951695564,5.300000339047983e-06,12.592926252,0.35876931199999973,14.168487463000474,14.179244763000042,,660.892742702718,660.892742702718,52.274647887323944,46.68139436619718,46.749,1,cpu:unavailable;gpu:nvml,0.0,3.30446371351359e-05,0.0,3.30446371351359e-05,0.00021047539576519683,4209.507915303936,,False,,,,,,
lightning_a100_qwen35,2026-05-11T10:00:58.801809+00:00,classification,cls_008,0,docker_model_runner_local,qwen3.5:9b,Qwen 3.5 9B,qwen3.5,9B,cpu,CPU / num_gpu=0,65,96,161,14.37013451699977,0.005514579999768898,1.422853846,12.941766091,4.439999884198187e-06,12.563013258,0.37875283300000007,14.370138956999654,14.381333452000035,,670.3185990535137,670.3185990535137,52.294444444444444,46.68233333333333,46.749,1,cpu:unavailable;gpu:nvml,0.0,3.3515929952675684e-05,0.0,3.3515929952675684e-05,0.00020817347796692973,4163.469559338594,,False,,,,,,
lightning_a100_qwen35,2026-05-11T10:01:13.213146+00:00,classification,cls_001,1,docker_model_runner_local,qwen3.5:9b,Qwen 3.5 9B,qwen3.5,9B,cpu,CPU / num_gpu=0,65,96,161,14.398702062999746,0.002693572999746152,1.428386143,12.967622346999999,5.101000169815961e-06,12.591086044,0.3765363029999982,14.398707163999916,14.4088343909998,,670.4164609700337,670.4164609700337,52.15416666666667,46.669666666666664,46.749,1,cpu:unavailable;gpu:nvml,0.0,3.352082304850168e-05,0.0,3.352082304850168e-05,0.00020820386986647005,4164.077397329401,,False,,,,,,
lightning_a100_qwen35,2026-05-11T10:01:27.751120+00:00,classification,cls_002,1,docker_model_runner_local,qwen3.5:9b,Qwen 3.5 9B,qwen3.5,9B,cpu,CPU / num_gpu=0,66,96,162,14.524462394000238,0.0028048040002381924,1.497196055,13.024461535,4.129999979340937e-06,12.652471351,0.3719901839999995,14.524466524000218,14.535463439000068,,674.6231561900065,674.6231561900065,52.257241379310344,46.65675172413793,46.749,1,cpu:unavailable;gpu:nvml,0.0,3.373115780950032e-05,0.0,3.373115780950032e-05,0.0002082170235154341,4164.340470308682,,False,,,,,,
lightning_a100_qwen35,2026-05-11T10:01:42.008063+00:00,classification,cls_003,1,docker_model_runner_local,qwen3.5:9b,Qwen 3.5 9B,qwen3.5,9B,cpu,CPU / num_gpu=0,61,96,157,14.237669601000107,0.002985348000107635,1.213448153,13.0212361,4.720000106317457e-06,12.654143426,0.36709267400000023,14.237674321000213,14.251578173000325,,660.7291473721917,660.7291473721917,52.23380281690141,46.65333802816901,46.701,1,cpu:unavailable;gpu:nvml,0.0,3.3036457368609586e-05,0.0,3.3036457368609586e-05,0.00021042329534146233,4208.465906829247,,False,,,,,,
lightning_a100_qwen35,2026-05-11T10:01:56.830922+00:00,classification,cls_004,1,docker_model_runner_local,qwen3.5:9b,Qwen 3.5 9B,qwen3.5,9B,cpu,CPU / num_gpu=0,68,96,164,14.809689335999792,0.0024803079997912647,1.492643477,13.314565551000001,4.330999672674807e-06,12.94610503,0.36846052100000115,14.809693666999465,14.820364874000006,,689.1252764419239,689.1252764419239,52.25337837837838,46.67927027027027,46.749,1,cpu:unavailable;gpu:nvml,0.0,3.445626382209619e-05,0.0,3.445626382209619e-05,0.00021009916964692798,4201.98339293856,,False,,,,,,
lightning_a100_qwen35,2026-05-11T10:02:11.383028+00:00,classification,cls_005,1,docker_model_runner_local,qwen3.5:9b,Qwen 3.5 9B,qwen3.5,9B,cpu,CPU / num_gpu=0,66,96,162,14.53265178499987,0.0026366819998706603,1.49949424,13.030520863,4.050999905302888e-06,12.659114219,0.37140664400000034,14.532655835999776,14.546778760000052,,674.8454988614695,674.8454988614695,52.204827586206896,46.676944827586205,46.749,1,cpu:unavailable;gpu:nvml,0.0,3.374227494307348e-05,0.0,3.374227494307348e-05,0.00020828564779674987,4165.712955934997,,False,,,,,,
lightning_a100_qwen35,2026-05-11T10:02:25.899066+00:00,classification,cls_006,1,docker_model_runner_local,qwen3.5:9b,Qwen 3.5 9B,qwen3.5,9B,cpu,CPU / num_gpu=0,66,96,162,14.502249401999961,0.0025554509999619057,1.508548648,12.991145303,4.590999651554739e-06,12.612062849,0.37908245399999885,14.502253992999613,14.513527132000036,,674.7842208378422,674.7842208378422,52.23586206896552,46.66304827586207,46.749,1,cpu:unavailable;gpu:nvml,0.0,3.373921104189211e-05,0.0,3.373921104189211e-05,0.0002082667348264945,4165.334696529891,,False,,,,,,
lightning_a100_qwen35,2026-05-11T10:02:40.088089+00:00,classification,cls_007,1,docker_model_runner_local,qwen3.5:9b,Qwen 3.5 9B,qwen3.5,9B,cpu,CPU / num_gpu=0,61,96,157,14.175693752999905,0.002486937999904626,1.215701567,12.957505248,4.629999693861464e-06,12.582316315,0.37518893300000045,14.175698382999599,14.18648393400008,,660.6593946400822,660.6593946400822,52.261267605633805,46.65987323943662,46.701,1,cpu:unavailable;gpu:nvml,0.0,3.303296973200411e-05,0.0,3.303296973200411e-05,0.00021040108109556755,4208.021621911352,,False,,,,,,
lightning_a100_qwen35,2026-05-11T10:02:54.797961+00:00,classification,cls_008,1,docker_model_runner_local,qwen3.5:9b,Qwen 3.5 9B,qwen3.5,9B,cpu,CPU / num_gpu=0,65,96,161,14.696401717999834,0.005834493999833157,1.430872543,13.259694681000001,4.00099997932557e-06,12.878725045,0.38096963600000144,14.696405718999813,14.707344031000048,,684.401974105579,684.401974105579,52.250340136054426,46.67748979591837,46.749,1,cpu:unavailable;gpu:nvml,0.0,3.422009870527895e-05,0.0,3.422009870527895e-05,0.00021254719692719845,4250.943938543969,,False,,,,,,
lightning_a100_qwen35,2026-05-11T10:02:56.436501+00:00,rag_rank,rag_001,0,docker_model_runner_local,qwen3-embedding:0.6b,Qwen3 Embed 0.6B,qwen3-embedding,0.6B,cpu,CPU / num_gpu=0,14,0,14,0.12388163500008886,0.001739644000088858,0.0,0.122141991,0.0005612609998024709,0.0,0.0,0.12444289599989133,0.13543307999998433,,4.729718742305149,4.729718742305149,18.45,46.653,46.653,1,cpu:unavailable;gpu:nvml,0.0,2.3648593711525744e-07,0.0,2.3648593711525744e-07,1.6891852651089817e-05,337.83705302179635,,,How should I explain CPU and GPU energy measurement on the poster?,doc_energy,doc_cpu_gpu|doc_energy|doc_cost,True,,
lightning_a100_qwen35,2026-05-11T10:02:56.578650+00:00,rag_rank,rag_002,0,docker_model_runner_local,qwen3-embedding:0.6b,Qwen3 Embed 0.6B,qwen3-embedding,0.6B,cpu,CPU / num_gpu=0,11,0,11,0.1292001589999927,0.0017973439999927066,0.0,0.127402815,0.0004335799999353185,0.0,0.0,0.12963373899992803,0.1399290489998748,,4.73966753215963,4.73966753215963,17.7,46.677,46.701,1,cpu:unavailable;gpu:nvml,0.0,2.369833766079815e-07,0.0,2.369833766079815e-07,2.1543943327998316e-05,430.87886655996635,,,Why can batching make embedding jobs cheaper or faster?,doc_batching,doc_batching|doc_latency|doc_rag,True,,
lightning_a100_qwen35,2026-05-11T10:02:56.726444+00:00,rag_rank,rag_003,0,docker_model_runner_local,qwen3-embedding:0.6b,Qwen3 Embed 0.6B,qwen3-embedding,0.6B,cpu,CPU / num_gpu=0,15,0,15,0.1349917419997837,0.0016455609997836906,0.0,0.133346181,0.00047614000004614354,0.0,0.0,0.13546788199982984,0.1455860579999353,,4.733256424256819,4.733256424256819,20.099999999999998,46.701,46.701,1,cpu:unavailable;gpu:nvml,0.0,2.3666282121284095e-07,0.0,2.3666282121284095e-07,1.5777521414189398e-05,315.55042828378794,,,Which latency buckets should a Python developer inspect for an LLM call?,doc_latency,doc_latency|doc_classification|doc_cost,True,,
lightning_a100_qwen35,2026-05-11T10:02:56.865219+00:00,rag_rank,rag_004,0,docker_model_runner_local,qwen3-embedding:0.6b,Qwen3 Embed 0.6B,qwen3-embedding,0.6B,cpu,CPU / num_gpu=0,13,0,13,0.12459678000004715,0.0017315530000471535,0.0,0.122865227,0.00041939699985960033,0.0,0.0,0.12501617699990675,0.13513261600019177,,4.742789639485028,4.742789639485028,20.549999999999997,46.701,46.701,1,cpu:unavailable;gpu:nvml,0.0,2.371394819742514e-07,0.0,2.371394819742514e-07,1.8241498613403953e-05,364.8299722680791,,,"For a short classification task, what usually dominates the request?",doc_classification,doc_classification|doc_latency|doc_rag,True,,
lightning_a100_qwen35,2026-05-11T10:02:57.002320+00:00,rag_rank,rag_001,1,docker_model_runner_local,qwen3-embedding:0.6b,Qwen3 Embed 0.6B,qwen3-embedding,0.6B,cpu,CPU / num_gpu=0,14,0,14,0.12423424300004626,0.0017183430000462657,0.0,0.1225159,0.0005020599996896635,0.0,0.0,0.12473630299973593,0.13491970000040965,,4.733731373437247,4.733731373437247,19.45,46.701,46.701,1,cpu:unavailable;gpu:nvml,0.0,2.3668656867186235e-07,0.0,2.3668656867186235e-07,1.6906183476561594e-05,338.1236695312319,,,How should I explain CPU and GPU energy measurement on the poster?,doc_energy,doc_cpu_gpu|doc_energy|doc_cost,True,,
lightning_a100_qwen35,2026-05-11T10:02:57.135680+00:00,rag_rank,rag_002,1,docker_model_runner_local,qwen3-embedding:0.6b,Qwen3 Embed 0.6B,qwen3-embedding,0.6B,cpu,CPU / num_gpu=0,11,0,11,0.12029981600016981,0.0016323720001698155,0.0,0.118667444,0.0004148879997956101,0.0,0.0,0.12071470399996542,0.1311675679999098,,4.73279637270774,4.73279637270774,19.85,46.701,46.701,1,cpu:unavailable;gpu:nvml,0.0,2.36639818635387e-07,0.0,2.36639818635387e-07,2.1512710785035183e-05,430.2542157007036,,,Why can batching make embedding jobs cheaper or faster?,doc_batching,doc_batching|doc_latency|doc_rag,True,,
lightning_a100_qwen35,2026-05-11T10:02:57.279521+00:00,rag_rank,rag_003,1,docker_model_runner_local,qwen3-embedding:0.6b,Qwen3 Embed 0.6B,qwen3-embedding,0.6B,cpu,CPU / num_gpu=0,15,0,15,0.13053768599957039,0.0016306219995703974,0.0,0.128907064,0.00046806000000287895,0.0,0.0,0.13100574599957326,0.1416557229999853,,4.733001390095788,4.733001390095788,18.8,46.701,46.701,1,cpu:unavailable;gpu:nvml,0.0,2.3665006950478942e-07,0.0,2.3665006950478942e-07,1.5776671300319294e-05,315.5334260063859,,,Which latency buckets should a Python developer inspect for an LLM call?,doc_latency,doc_latency|doc_classification|doc_cost,True,,
lightning_a100_qwen35,2026-05-11T10:02:57.416466+00:00,rag_rank,rag_004,1,docker_model_runner_local,qwen3-embedding:0.6b,Qwen3 Embed 0.6B,qwen3-embedding,0.6B,cpu,CPU / num_gpu=0,13,0,13,0.12357665900026404,0.0016003500002640392,0.0,0.121976309,0.00037176799969529384,0.0,0.0,0.12394842699995934,0.13488067099979162,,4.730693738856335,4.730693738856335,20.8,46.677,46.701,1,cpu:unavailable;gpu:nvml,0.0,2.3653468694281675e-07,0.0,2.3653468694281675e-07,1.8194975918678212e-05,363.8995183735642,,,"For a short classification task, what usually dominates the request?",doc_classification,doc_classification|doc_latency|doc_rag,True,,
lightning_a100_qwen35,2026-05-11T10:03:02.788681+00:00,rag_rank,rag_001,0,docker_model_runner_local,qwen3-embedding:4b,Qwen3 Embed 4B,qwen3-embedding,4B,cpu,CPU / num_gpu=0,14,0,14,0.2596998149997489,0.0018812679997489146,0.0,0.257818547,0.0008813780000309634,0.0,0.0,0.2605811929997799,0.27190172300015547,,9.431365327373658,9.431365327373658,33.833333333333336,46.685,46.701,1,cpu:unavailable;gpu:nvml,0.0,4.7156826636868294e-07,0.0,4.7156826636868294e-07,3.368344759776307e-05,673.6689519552614,,,How should I explain CPU and GPU energy measurement on the poster?,doc_energy,doc_energy|doc_cpu_gpu|doc_cost,True,,
lightning_a100_qwen35,2026-05-11T10:03:03.028390+00:00,rag_rank,rag_002,0,docker_model_runner_local,qwen3-embedding:4b,Qwen3 Embed 4B,qwen3-embedding,4B,cpu,CPU / num_gpu=0,11,0,11,0.2262488520000261,0.0019209670000260859,0.0,0.224327885,0.0008276969997496053,0.0,0.0,0.2270765489997757,0.23751844100024755,,9.409033852738059,9.409033852738059,33.800000000000004,46.669000000000004,46.701,1,cpu:unavailable;gpu:nvml,0.0,4.704516926369029e-07,0.0,4.704516926369029e-07,4.27683356942639e-05,855.366713885278,,,Why can batching make embedding jobs cheaper or faster?,doc_batching,doc_batching|doc_cost|doc_rag,True,,
lightning_a100_qwen35,2026-05-11T10:03:03.304763+00:00,rag_rank,rag_003,0,docker_model_runner_local,qwen3-embedding:4b,Qwen3 Embed 4B,qwen3-embedding,4B,cpu,CPU / num_gpu=0,15,0,15,0.26298241800031974,0.0019204860003197433,0.0,0.261061932,0.0008620969997537031,0.0,0.0,0.26384451500007344,0.27416262700035077,,9.422162575079508,9.422162575079508,30.833333333333332,46.685,46.701,1,cpu:unavailable;gpu:nvml,0.0,4.7110812875397534e-07,0.0,4.7110812875397534e-07,3.140720858359835e-05,628.1441716719672,,,Which latency buckets should a Python developer inspect for an LLM call?,doc_latency,doc_latency|doc_batching|doc_classification,True,,
lightning_a100_qwen35,2026-05-11T10:03:03.562338+00:00,rag_rank,rag_004,0,docker_model_runner_local,qwen3-embedding:4b,Qwen3 Embed 4B,qwen3-embedding,4B,cpu,CPU / num_gpu=0,13,0,13,0.24396384700003182,0.0021325210000318062,0.0,0.241831326,0.0008218759999181202,0.0,0.0,0.24478572299994994,0.25536228900000424,,9.422502727827947,9.422502727827947,33.96666666666667,46.669000000000004,46.701,1,cpu:unavailable;gpu:nvml,0.0,4.7112513639139735e-07,0.0,4.7112513639139735e-07,3.624039510703056e-05,724.8079021406113,,,"For a short classification task, what usually dominates the request?",doc_classification,doc_classification|doc_summarization|doc_batching,True,,
lightning_a100_qwen35,2026-05-11T10:03:03.837218+00:00,rag_rank,rag_001,1,docker_model_runner_local,qwen3-embedding:4b,Qwen3 Embed 4B,qwen3-embedding,4B,cpu,CPU / num_gpu=0,14,0,14,0.26099329999988186,0.0018681079998818517,0.0,0.259125192,0.0008854759998939699,0.0,0.0,0.2618787759997758,0.2726415160000215,,9.420237081191186,9.420237081191186,32.666666666666664,46.685,46.701,1,cpu:unavailable;gpu:nvml,0.0,4.710118540595592e-07,0.0,4.710118540595592e-07,3.364370386139709e-05,672.8740772279418,,,How should I explain CPU and GPU energy measurement on the poster?,doc_energy,doc_energy|doc_cpu_gpu|doc_cost,True,,
lightning_a100_qwen35,2026-05-11T10:03:04.082836+00:00,rag_rank,rag_002,1,docker_model_runner_local,qwen3-embedding:4b,Qwen3 Embed 4B,qwen3-embedding,4B,cpu,CPU / num_gpu=0,11,0,11,0.23214247799978693,0.001890647999786943,0.0,0.23025183,0.0008593060001658159,0.0,0.0,0.23300178399995275,0.24340265699993324,,9.429612101857574,9.429612101857574,32.9,46.685,46.701,1,cpu:unavailable;gpu:nvml,0.0,4.7148060509287865e-07,0.0,4.7148060509287865e-07,4.2861873190261696e-05,857.2374638052339,,,Why can batching make embedding jobs cheaper or faster?,doc_batching,doc_batching|doc_cost|doc_rag,True,,
lightning_a100_qwen35,2026-05-11T10:03:04.359353+00:00,rag_rank,rag_003,1,docker_model_runner_local,qwen3-embedding:4b,Qwen3 Embed 4B,qwen3-embedding,4B,cpu,CPU / num_gpu=0,15,0,15,0.26262866199977,0.001862745999769988,0.0,0.260765916,0.0009495780000179366,0.0,0.0,0.2635782399997879,0.27428811900017536,,9.422221246500362,9.422221246500362,31.566666666666666,46.701,46.701,1,cpu:unavailable;gpu:nvml,0.0,4.7111106232501806e-07,0.0,4.7111106232501806e-07,3.1407404155001206e-05,628.1480831000241,,,Which latency buckets should a Python developer inspect for an LLM call?,doc_latency,doc_latency|doc_batching|doc_classification,True,,
lightning_a100_qwen35,2026-05-11T10:03:04.618279+00:00,rag_rank,rag_004,1,docker_model_runner_local,qwen3-embedding:4b,Qwen3 Embed 4B,qwen3-embedding,4B,cpu,CPU / num_gpu=0,13,0,13,0.24539037600015945,0.001918868000159446,0.0,0.243471508,0.0008796770002845733,0.0,0.0,0.24627005300044402,0.25671984600012365,,9.416297213615689,9.416297213615689,34.13333333333333,46.685,46.701,1,cpu:unavailable;gpu:nvml,0.0,4.7081486068078443e-07,0.0,4.7081486068078443e-07,3.6216527744675726e-05,724.3305548935145,,,"For a short classification task, what usually dominates the request?",doc_classification,doc_classification|doc_summarization|doc_batching,True,,
lightning_a100_qwen35,2026-05-11T10:03:06.159786+00:00,batch_embeddings,batch_0,0,docker_model_runner_local,qwen3-embedding:0.6b,Qwen3 Embed 0.6B,qwen3-embedding,0.6B,cpu,CPU / num_gpu=0,196,0,196,1.528090678999888,0.0020354309998880105,0.0,1.526055248,1.439999778085621e-06,0.0,0.0,1.5280921189996661,1.538629063999906,,70.33032990557794,70.33032990557794,16.31875,46.689,46.701,1,cpu:unavailable;gpu:nvml,0.0,3.5165164952788965e-06,0.0,3.5165164952788965e-06,1.7941410690198453e-05,358.82821380396905,,,,,,,4.0,1024.0
lightning_a100_qwen35,2026-05-11T10:03:06.547068+00:00,batch_embeddings,batch_1,0,docker_model_runner_local,qwen3-embedding:0.6b,Qwen3 Embed 0.6B,qwen3-embedding,0.6B,cpu,CPU / num_gpu=0,163,0,163,0.3734319929999401,0.0020661909999400985,0.0,0.371365802,1.1699999049596954e-06,0.0,0.0,0.3734331629998451,0.38500847899967994,,14.103259114198991,14.103259114198991,35.1,46.665,46.701,1,cpu:unavailable;gpu:nvml,0.0,7.051629557099496e-07,0.0,7.051629557099496e-07,4.326153102515028e-06,86.52306205030055,,,,,,,4.0,1024.0
lightning_a100_qwen35,2026-05-11T10:03:07.146056+00:00,batch_embeddings,batch_2,0,docker_model_runner_local,qwen3-embedding:0.6b,Qwen3 Embed 0.6B,qwen3-embedding,0.6B,cpu,CPU / num_gpu=0,330,0,330,0.58624046299974,0.0018943879997399549,0.0,0.584346075,7.199996616691351e-07,0.0,0.0,0.5862411829994016,0.5967323569998371,,23.456451269711327,23.456451269711327,43.449999999999996,46.661,46.701,1,cpu:unavailable;gpu:nvml,0.0,1.1728225634855663e-06,0.0,1.1728225634855663e-06,3.55400776813808e-06,71.08015536276159,,,,,,,3.0,1024.0
lightning_a100_qwen35,2026-05-11T10:03:07.571419+00:00,batch_embeddings,batch_0,1,docker_model_runner_local,qwen3-embedding:0.6b,Qwen3 Embed 0.6B,qwen3-embedding,0.6B,cpu,CPU / num_gpu=0,196,0,196,0.4119693850002477,0.0020741910002476938,0.0,0.409895194,7.600001481478103e-07,0.0,0.0,0.41197014500039586,0.42312431100026515,,18.7726990838027,18.7726990838027,41.9,46.653,46.653,1,cpu:unavailable;gpu:nvml,0.0,9.386349541901349e-07,0.0,9.386349541901349e-07,4.788953847908852e-06,95.77907695817704,,,,,,,4.0,1024.0
lightning_a100_qwen35,2026-05-11T10:03:07.952535+00:00,batch_embeddings,batch_1,1,docker_model_runner_local,qwen3-embedding:0.6b,Qwen3 Embed 0.6B,qwen3-embedding,0.6B,cpu,CPU / num_gpu=0,163,0,163,0.3683861539998361,0.0019994889998360965,0.0,0.366386665,7.099997674231417e-07,0.0,0.0,0.3683868639996035,0.378891090000252,,14.087841114660598,14.087841114660598,31.8,46.665,46.701,1,cpu:unavailable;gpu:nvml,0.0,7.043920557330299e-07,0.0,7.043920557330299e-07,4.321423654803864e-06,86.4284730960773,,,,,,,4.0,1024.0
lightning_a100_qwen35,2026-05-11T10:03:08.545426+00:00,batch_embeddings,batch_2,1,docker_model_runner_local,qwen3-embedding:0.6b,Qwen3 Embed 0.6B,qwen3-embedding,0.6B,cpu,CPU / num_gpu=0,330,0,330,0.5794129589999102,0.0019801779999102376,0.0,0.577432781,6.800000846851617e-07,0.0,0.0,0.5794136389999949,0.5906317679996391,,23.476874211611534,23.476874211611534,43.25,46.661,46.701,1,cpu:unavailable;gpu:nvml,0.0,1.1738437105805768e-06,0.0,1.1738437105805768e-06,3.557102153274475e-06,71.14204306548949,,,,,,,3.0,1024.0
lightning_a100_qwen35,2026-05-11T10:03:11.934269+00:00,batch_embeddings,batch_0,0,docker_model_runner_local,qwen3-embedding:4b,Qwen3 Embed 4B,qwen3-embedding,4B,cpu,CPU / num_gpu=0,196,0,196,3.3751734190000207,0.0027705350000206685,0.0,3.372402884,7.310000000870787e-07,0.0,0.0,3.3751741500000207,3.3865544899999804,,154.77013230290726,154.77013230290726,36.220588235294116,46.69817647058824,46.749,1,cpu:unavailable;gpu:nvml,0.0,7.738506615145362e-06,0.0,7.738506615145362e-06,3.9482176607884505e-05,789.6435321576902,,,,,,,4.0,2560.0
lightning_a100_qwen35,2026-05-11T10:03:13.754100+00:00,batch_embeddings,batch_1,0,docker_model_runner_local,qwen3-embedding:4b,Qwen3 Embed 4B,qwen3-embedding,4B,cpu,CPU / num_gpu=0,163,0,163,1.80608372100005,0.00276871600005002,0.0,1.803315005,9.499999578110874e-07,0.0,0.0,1.8060846710000078,1.8175429829998393,,79.70543143955719,79.70543143955719,49.83888888888889,46.662777777777784,46.749,1,cpu:unavailable;gpu:nvml,0.0,3.985271571977859e-06,0.0,3.985271571977859e-06,2.444951884648993e-05,488.9903769297987,,,,,,,4.0,2560.0
lightning_a100_qwen35,2026-05-11T10:03:17.162327+00:00,batch_embeddings,batch_2,0,docker_model_runner_local,qwen3-embedding:4b,Qwen3 Embed 4B,qwen3-embedding,4B,cpu,CPU / num_gpu=0,330,0,330,3.3942203000001427,0.002383698000142598,0.0,3.391836602,7.900002856331412e-07,0.0,0.0,3.3942210900004284,3.405963086999691,,154.73208301111794,154.73208301111794,51.75588235294118,46.69535294117647,46.749,1,cpu:unavailable;gpu:nvml,0.0,7.736604150555897e-06,0.0,7.736604150555897e-06,2.3444255001684537e-05,468.8851000336907,,,,,,,3.0,2560.0
lightning_a100_qwen35,2026-05-11T10:03:19.309837+00:00,batch_embeddings,batch_0,1,docker_model_runner_local,qwen3-embedding:4b,Qwen3 Embed 4B,qwen3-embedding,4B,cpu,CPU / num_gpu=0,196,0,196,2.1339497439998922,0.0028437159998921935,0.0,2.131106028,8.699998943484388e-07,0.0,0.0,2.1339506139997866,2.145270182999866,,98.49088881740529,98.49088881740529,50.65,46.696636363636365,46.701,1,cpu:unavailable;gpu:nvml,0.0,4.924544440870264e-06,0.0,4.924544440870264e-06,2.5125226739134e-05,502.5045347826801,,,,,,,4.0,2560.0
lightning_a100_qwen35,2026-05-11T10:03:21.140506+00:00,batch_embeddings,batch_1,1,docker_model_runner_local,qwen3-embedding:4b,Qwen3 Embed 4B,qwen3-embedding,4B,cpu,CPU / num_gpu=0,163,0,163,1.8168103289999635,0.0026614119999635033,0.0,1.814148917,7.500002539018169e-07,0.0,0.0,1.8168110790002174,1.8283721530001458,,84.36308939467574,84.36308939467574,49.54210526315789,46.67826315789473,46.701,1,cpu:unavailable;gpu:nvml,0.0,4.218154469733787e-06,0.0,4.218154469733787e-06,2.587824828057538e-05,517.5649656115075,,,,,,,4.0,2560.0
lightning_a100_qwen35,2026-05-11T10:03:24.551249+00:00,batch_embeddings,batch_2,1,docker_model_runner_local,qwen3-embedding:4b,Qwen3 Embed 4B,qwen3-embedding,4B,cpu,CPU / num_gpu=0,330,0,330,3.3974572130000524,0.0024078870000523445,0.0,3.395049326,8.590000106778461e-07,0.0,0.0,3.397458072000063,3.4085005679999085,,154.6948814807993,154.6948814807993,50.77058823529412,46.69958823529412,46.749,1,cpu:unavailable;gpu:nvml,0.0,7.734744074039964e-06,0.0,7.734744074039964e-06,2.343861840618171e-05,468.77236812363424,,,,,,,3.0,2560.0
lightning_a100_qwen35,2026-05-11T10:03:29.636102+00:00,chat,chat_001,0,docker_model_runner_local,qwen3.5:0.8b,Qwen 3.5 0.8B,qwen3.5,0.8B,gpu,A100 40GB / Docker Model Runner GPU,59,96,155,3.761073142999976,0.0024935079999761633,0.030399283,3.728180352,1.7300003491982352e-06,0.460488214,3.2676921379999997,3.761074873000325,3.7719671049999306,,205.3191317299598,205.3191317299598,4.752631578947368,56.09257894736842,128.731,1,cpu:unavailable;gpu:nvml,0.0,1.0265956586497989e-05,0.0,1.0265956586497989e-05,6.623197797740638e-05,1324.6395595481276,,,,,,,,
lightning_a100_qwen35,2026-05-11T10:03:30.456975+00:00,chat,chat_002,0,docker_model_runner_local,qwen3.5:0.8b,Qwen 3.5 0.8B,qwen3.5,0.8B,gpu,A100 40GB / Docker Model Runner GPU,52,96,148,0.8088144319999628,0.002854725999962837,0.023422127,0.782537579,2.1500000002561137e-06,0.418979385,0.363558194,0.8088165819999631,0.818561592000151,,83.17160982077588,83.17160982077588,5.422222222222222,105.80988888888889,130.352,1,cpu:unavailable;gpu:nvml,0.0,4.158580491038794e-06,0.0,4.158580491038794e-06,2.8098516831343203e-05,561.9703366268641,,,,,,,,
lightning_a100_qwen35,2026-05-11T10:03:31.273083+00:00,chat,chat_003,0,docker_model_runner_local,qwen3.5:0.8b,Qwen 3.5 0.8B,qwen3.5,0.8B,gpu,A100 40GB / Docker Model Runner GPU,54,96,150,0.8036348509999698,0.0027489929999697793,0.024185962,0.776699896,2.27999998969608e-06,0.41851811,0.358181786,0.8036371309999595,0.813836430000265,,70.38334498389493,70.38334498389493,5.575,102.9445,126.106,1,cpu:unavailable;gpu:nvml,0.0,3.5191672491947462e-06,0.0,3.5191672491947462e-06,2.3461114994631643e-05,469.22229989263286,,,,,,,,
lightning_a100_qwen35,2026-05-11T10:03:32.081562+00:00,chat,chat_004,0,docker_model_runner_local,qwen3.5:0.8b,Qwen 3.5 0.8B,qwen3.5,0.8B,gpu,A100 40GB / Docker Model Runner GPU,50,96,146,0.7950330329999815,0.002600310999981481,0.022908577,0.769524145,2.0900001800328027e-06,0.419687952,0.349836193,0.7950351230001615,0.8048006929998337,,71.49639043509951,71.49639043509951,5.4125,105.052,132.424,1,cpu:unavailable;gpu:nvml,0.0,3.5748195217549753e-06,0.0,3.5748195217549753e-06,2.448506521749983e-05,489.70130434999663,,,,,,,,
lightning_a100_qwen35,2026-05-11T10:03:32.962393+00:00,chat,chat_005,0,docker_model_runner_local,qwen3.5:0.8b,Qwen 3.5 0.8B,qwen3.5,0.8B,gpu,A100 40GB / Docker Model Runner GPU,66,96,162,0.8688584239998818,0.002759734999881802,0.087489054,0.778609635,2.0690004021162167e-06,0.416558941,0.362050694,0.8688604930002839,0.8785885830002371,,77.68273395206378,77.68273395206378,11.855555555555556,100.009,129.939,1,cpu:unavailable;gpu:nvml,0.0,3.884136697603189e-06,0.0,3.884136697603189e-06,2.3976152454340675e-05,479.5230490868135,,,,,,,,
lightning_a100_qwen35,2026-05-11T10:03:33.825012+00:00,chat,chat_001,1,docker_model_runner_local,qwen3.5:0.8b,Qwen 3.5 0.8B,qwen3.5,0.8B,gpu,A100 40GB / Docker Model Runner GPU,59,96,155,0.8505343059996449,0.0028592759996448613,0.07899913,0.7686759,2.159999894502107e-06,0.415749868,0.35292603199999995,0.8505364659995394,0.860366177999822,,78.00149229241666,78.00149229241666,11.511111111111111,100.41955555555555,129.939,1,cpu:unavailable;gpu:nvml,0.0,3.9000746146208326e-06,0.0,3.9000746146208326e-06,2.516177170723118e-05,503.2354341446236,,,,,,,,
lightning_a100_qwen35,2026-05-11T10:03:34.639459+00:00,chat,chat_002,1,docker_model_runner_local,qwen3.5:0.8b,Qwen 3.5 0.8B,qwen3.5,0.8B,gpu,A100 40GB / Docker Model Runner GPU,52,96,148,0.8025266800000281,0.002580251000028122,0.025553718,0.7743927110000001,2.2500003069581e-06,0.416755698,0.35763701300000006,0.8025289300003351,0.8121924369997942,,68.96141979039763,68.96141979039763,5.5249999999999995,101.210625,124.373,1,cpu:unavailable;gpu:nvml,0.0,3.448070989519881e-06,0.0,3.448070989519881e-06,2.3297776956215413e-05,465.9555391243083,,,,,,,,
lightning_a100_qwen35,2026-05-11T10:03:35.446468+00:00,chat,chat_003,1,docker_model_runner_local,qwen3.5:0.8b,Qwen 3.5 0.8B,qwen3.5,0.8B,gpu,A100 40GB / Docker Model Runner GPU,54,96,150,0.7946110550001322,0.0025328600001321977,0.022551449,0.7695267459999999,2.0409997887327336e-06,0.415275427,0.35425131899999995,0.7946130959999209,0.8046818110001368,,71.78214937467533,71.78214937467533,5.3875,104.825,130.073,1,cpu:unavailable;gpu:nvml,0.0,3.5891074687337665e-06,0.0,3.5891074687337665e-06,2.3927383124891777e-05,478.5476624978355,,,,,,,,
lightning_a100_qwen35,2026-05-11T10:03:36.273116+00:00,chat,chat_004,1,docker_model_runner_local,qwen3.5:0.8b,Qwen 3.5 0.8B,qwen3.5,0.8B,gpu,A100 40GB / Docker Model Runner GPU,50,96,146,0.8145356939999147,0.0024634779999146428,0.034158706,0.77791351,2.010000116570154e-06,0.41656034,0.36135317,0.8145377040000312,0.8243109939999158,,83.44409267125239,83.44409267125239,7.066666666666666,105.759,133.301,1,cpu:unavailable;gpu:nvml,0.0,4.172204633562619e-06,0.0,4.172204633562619e-06,2.8576744065497396e-05,571.5348813099479,,,,,,,,
lightning_a100_qwen35,2026-05-11T10:03:37.084543+00:00,chat,chat_005,1,docker_model_runner_local,qwen3.5:0.8b,Qwen 3.5 0.8B,qwen3.5,0.8B,gpu,A100 40GB / Docker Model Runner GPU,66,96,162,0.7994938410001851,0.0025841600001850207,0.025543557,0.771366124,1.7789998310036026e-06,0.417692381,0.35367374300000004,0.7994956200000161,0.8090726169998561,,70.25800145066606,70.25800145066606,5.25,103.399125,130.218,1,cpu:unavailable;gpu:nvml,0.0,3.512900072533303e-06,0.0,3.512900072533303e-06,2.1684568348971006e-05,433.69136697942014,,,,,,,,
lightning_a100_qwen35,2026-05-11T10:03:41.594963+00:00,chat,chat_001,0,docker_model_runner_local,qwen3.5:4b,Qwen 3.5 4B,qwen3.5,4B,gpu,A100 40GB / Docker Model Runner GPU,59,96,155,4.498030412999924,0.0025250679999242465,0.053770929,4.441734416,1.8199998521595262e-06,0.790099214,3.651635202,4.498032232999776,4.507794095000008,,376.83173170860584,376.83173170860584,4.866666666666666,86.96526666666666,189.08,1,cpu:unavailable;gpu:nvml,0.0,1.8841586585430292e-05,0.0,1.8841586585430292e-05,0.00012155862313180832,2431.172462636167,,,,,,,,
lightning_a100_qwen35,2026-05-11T10:03:42.824364+00:00,chat,chat_002,0,docker_model_runner_local,qwen3.5:4b,Qwen 3.5 4B,qwen3.5,4B,gpu,A100 40GB / Docker Model Runner GPU,52,96,148,1.2160295040002893,0.0029654490002892775,0.050897622,1.162166433,2.781000148388557e-06,0.779578826,0.38258760700000016,1.2160322850004377,1.225980716000322,,183.256796296059,183.256796296059,5.769230769230769,154.6966153846154,187.932,1,cpu:unavailable;gpu:nvml,0.0,9.16283981480295e-06,0.0,9.16283981480295e-06,6.191107982974966e-05,1238.2215965949931,,,,,,,,
lightning_a100_qwen35,2026-05-11T10:03:44.029662+00:00,chat,chat_003,0,docker_model_runner_local,qwen3.5:4b,Qwen 3.5 4B,qwen3.5,4B,gpu,A100 40GB / Docker Model Runner GPU,54,96,150,1.192905482000242,0.0030237380002420267,0.059177564,1.13070418,2.0190000213915482e-06,0.77812976,0.35257441999999994,1.1929075010002634,1.2027302940000482,,165.0064506428149,165.0064506428149,6.216666666666666,152.44508333333332,192.301,1,cpu:unavailable;gpu:nvml,0.0,8.250322532140744e-06,0.0,8.250322532140744e-06,5.500215021427163e-05,1100.0430042854327,,,,,,,,
lightning_a100_qwen35,2026-05-11T10:03:45.212699+00:00,chat,chat_004,0,docker_model_runner_local,qwen3.5:4b,Qwen 3.5 4B,qwen3.5,4B,gpu,A100 40GB / Docker Model Runner GPU,50,96,146,1.1706542070000978,0.0027528320000977935,0.03787291,1.130028465,1.9899998733308166e-06,0.776235447,0.35379301800000007,1.1706561969999711,1.1804218590000346,,155.60790827484996,155.60790827484996,4.833333333333333,144.81825,193.177,1,cpu:unavailable;gpu:nvml,0.0,7.780395413742497e-06,0.0,7.780395413742497e-06,5.3290379546181484e-05,1065.80759092363,,,,,,,,
lightning_a100_qwen35,2026-05-11T10:03:46.414520+00:00,chat,chat_005,0,docker_model_runner_local,qwen3.5:4b,Qwen 3.5 4B,qwen3.5,4B,gpu,A100 40GB / Docker Model Runner GPU,66,96,162,1.1892859330000647,0.0028604570000647644,0.046334085,1.140091391,2.5600002118153498e-06,0.778411916,0.36167947499999986,1.1892884930002765,1.1992181059999893,,169.0752407230717,169.0752407230717,4.991666666666666,155.669,189.211,1,cpu:unavailable;gpu:nvml,0.0,8.453762036153583e-06,0.0,8.453762036153583e-06,5.218371627255298e-05,1043.6743254510598,,,,,,,,
lightning_a100_qwen35,2026-05-11T10:03:47.594967+00:00,chat,chat_001,1,docker_model_runner_local,qwen3.5:4b,Qwen 3.5 4B,qwen3.5,4B,gpu,A100 40GB / Docker Model Runner GPU,59,96,155,1.1679813980003928,0.004451058000392694,0.036542882,1.126987458,1.9899998733308166e-06,0.778055086,0.34893237200000016,1.1679833880002661,1.1778537489999508,,172.1051821545177,172.1051821545177,4.666666666666667,158.34366666666668,196.25,1,cpu:unavailable;gpu:nvml,0.0,8.605259107725884e-06,0.0,8.605259107725884e-06,5.5517800695005704e-05,1110.3560139001142,,,,,,,,
lightning_a100_qwen35,2026-05-11T10:03:48.778190+00:00,chat,chat_002,1,docker_model_runner_local,qwen3.5:4b,Qwen 3.5 4B,qwen3.5,4B,gpu,A100 40GB / Docker Model Runner GPU,52,96,148,1.170767036000143,0.0025295100001430093,0.034205268,1.134032258,2.051000137726078e-06,0.776976841,0.357055417,1.1707690870002807,1.1805734980002853,,169.52913127310828,169.52913127310828,5.291666666666667,156.30341666666666,189.406,1,cpu:unavailable;gpu:nvml,0.0,8.476456563655412e-06,0.0,8.476456563655412e-06,5.727335515983386e-05,1145.4671031966775,,,,,,,,
lightning_a100_qwen35,2026-05-11T10:03:49.953095+00:00,chat,chat_003,1,docker_model_runner_local,qwen3.5:4b,Qwen 3.5 4B,qwen3.5,4B,gpu,A100 40GB / Docker Model Runner GPU,54,96,150,1.162558443999842,0.0035756679998419916,0.035835737,1.123147039,2.2300000637187622e-06,0.776089659,0.34705737999999997,1.1625606739999057,1.1723351149998962,,167.6466716428297,167.6466716428297,4.675,154.60741666666667,197.329,1,cpu:unavailable;gpu:nvml,0.0,8.382333582141484e-06,0.0,8.382333582141484e-06,5.588222388094322e-05,1117.6444776188646,,,,,,,,
lightning_a100_qwen35,2026-05-11T10:03:51.131098+00:00,chat,chat_004,1,docker_model_runner_local,qwen3.5:4b,Qwen 3.5 4B,qwen3.5,4B,gpu,A100 40GB / Docker Model Runner GPU,50,96,146,1.1656716050001705,0.002504988000170627,0.03601972,1.1271468969999998,2.0109996512474027e-06,0.779961788,0.34718510899999977,1.1656736159998218,1.1754670649997934,,169.68652830159004,169.68652830159004,5.141666666666667,156.28383333333332,189.211,1,cpu:unavailable;gpu:nvml,0.0,8.484326415079503e-06,0.0,8.484326415079503e-06,5.8111824760818506e-05,1162.2364952163703,,,,,,,,
lightning_a100_qwen35,2026-05-11T10:03:52.310960+00:00,chat,chat_005,1,docker_model_runner_local,qwen3.5:4b,Qwen 3.5 4B,qwen3.5,4B,gpu,A100 40GB / Docker Model Runner GPU,66,96,162,1.16750963100003,0.0039941070000300005,0.044004037,1.1195114869999998,2.34099979934399e-06,0.776783641,0.34272784599999984,1.1675119719998293,1.1773189929999717,,173.25898674667917,173.25898674667917,4.716666666666667,159.311,195.653,1,cpu:unavailable;gpu:nvml,0.0,8.662949337333958e-06,0.0,8.662949337333958e-06,5.347499590946888e-05,1069.4999181893777,,,,,,,,
lightning_a100_qwen35,2026-05-11T10:03:56.864416+00:00,chat,chat_001,0,docker_model_runner_local,qwen3.5:9b,Qwen 3.5 9B,qwen3.5,9B,gpu,A100 40GB / Docker Model Runner GPU,59,96,155,4.540756387999863,0.0027746739998635306,0.060796423,4.477185291,1.7400002434442285e-06,0.958524152,3.5186611389999998,4.540758128000107,4.550702193000234,,459.51661704840166,459.51661704840166,5.743478260869565,104.10871739130435,244.653,1,cpu:unavailable;gpu:nvml,0.0,2.297583085242008e-05,0.0,2.297583085242008e-05,0.00014823116678980698,2964.6233357961396,,,,,,,,
lightning_a100_qwen35,2026-05-11T10:03:58.246218+00:00,chat,chat_002,0,docker_model_runner_local,qwen3.5:9b,Qwen 3.5 9B,qwen3.5,9B,gpu,A100 40GB / Docker Model Runner GPU,52,96,148,1.3690008920002583,0.002971257000258243,0.053172355,1.31285728,2.9600000743812416e-06,0.951926752,0.36093052800000003,1.3690038520003327,1.3790184660001614,,252.05352369210155,252.05352369210155,5.228571428571429,195.90721428571428,236.385,1,cpu:unavailable;gpu:nvml,0.0,1.2602676184605078e-05,0.0,1.2602676184605078e-05,8.515321746354782e-05,1703.0643492709564,,,,,,,,
lightning_a100_qwen35,2026-05-11T10:03:59.664985+00:00,chat,chat_003,0,docker_model_runner_local,qwen3.5:9b,Qwen 3.5 9B,qwen3.5,9B,gpu,A100 40GB / Docker Model Runner GPU,54,96,150,1.40604389300006,0.0026096400000601427,0.052129735,1.3513045179999998,2.8399999791872688e-06,0.944570904,0.40673361399999985,1.4060467330000392,1.416020428000138,,247.8232749752001,247.8232749752001,5.278571428571429,192.93521428571427,242.236,1,cpu:unavailable;gpu:nvml,0.0,1.2391163748760003e-05,0.0,1.2391163748760003e-05,8.260775832506669e-05,1652.155166501334,,,,,,,,
lightning_a100_qwen35,2026-05-11T10:04:01.009788+00:00,chat,chat_004,0,docker_model_runner_local,qwen3.5:9b,Qwen 3.5 9B,qwen3.5,9B,gpu,A100 40GB / Docker Model Runner GPU,50,96,146,1.3321005640000294,0.002510359000029494,0.042325495,1.2872647099999999,2.4200003281293903e-06,0.94602485,0.34123985999999984,1.3321029840003575,1.3420923290000246,,262.33892660856327,262.33892660856327,4.442857142857143,203.4182142857143,247.257,1,cpu:unavailable;gpu:nvml,0.0,1.3116946330428163e-05,0.0,1.3116946330428163e-05,8.984209815361756e-05,1796.841963072351,,,,,,,,
lightning_a100_qwen35,2026-05-11T10:04:02.370918+00:00,chat,chat_005,0,docker_model_runner_local,qwen3.5:9b,Qwen 3.5 9B,qwen3.5,9B,gpu,A100 40GB / Docker Model Runner GPU,66,96,162,1.3484040280000045,0.0025584700000045313,0.055550922,1.290294636,2.051000137726078e-06,0.940418583,0.349876053,1.3484060790001422,1.3583839810003155,,254.14511344298634,254.14511344298634,4.792857142857143,197.60585714285713,246.659,1,cpu:unavailable;gpu:nvml,0.0,1.2707255672149315e-05,0.0,1.2707255672149315e-05,7.843984982808219e-05,1568.7969965616442,,,,,,,,
lightning_a100_qwen35,2026-05-11T10:04:03.764819+00:00,chat,chat_001,1,docker_model_runner_local,qwen3.5:9b,Qwen 3.5 9B,qwen3.5,9B,gpu,A100 40GB / Docker Model Runner GPU,59,96,155,1.381138756999917,0.002409245999916987,0.084329008,1.2944005029999999,1.7899997146741953e-06,0.946959467,0.34744103599999987,1.3811405469996316,1.391150282000126,,246.9079904587585,246.9079904587585,7.435714285714285,192.41357142857143,244.328,1,cpu:unavailable;gpu:nvml,0.0,1.2345399522937924e-05,0.0,1.2345399522937924e-05,7.964773885766402e-05,1592.9547771532807,,,,,,,,
lightning_a100_qwen35,2026-05-11T10:04:05.127527+00:00,chat,chat_002,1,docker_model_runner_local,qwen3.5:9b,Qwen 3.5 9B,qwen3.5,9B,gpu,A100 40GB / Docker Model Runner GPU,52,96,148,1.3500162129998898,0.0026510309998897252,0.057977837,1.2893873450000002,2.0200000108161476e-06,0.94679457,0.3425927750000002,1.3500182329999006,1.3599524859996563,,250.38390454432692,250.38390454432692,5.371428571428572,195.46264285714284,243.982,1,cpu:unavailable;gpu:nvml,0.0,1.2519195227216346e-05,0.0,1.2519195227216346e-05,8.458915694065099e-05,1691.7831388130198,,,,,,,,
lightning_a100_qwen35,2026-05-11T10:04:06.560226+00:00,chat,chat_003,1,docker_model_runner_local,qwen3.5:9b,Qwen 3.5 9B,qwen3.5,9B,gpu,A100 40GB / Docker Model Runner GPU,54,96,150,1.419817017999776,0.0023464339997760764,0.124089072,1.2933815119999998,1.8699997781368438e-06,0.942060498,0.3513210139999998,1.4198188879995541,1.4299698360000548,,267.6493920734393,267.6493920734393,9.786666666666667,193.69626666666667,244.328,1,cpu:unavailable;gpu:nvml,0.0,1.3382469603671963e-05,0.0,1.3382469603671963e-05,8.921646402447975e-05,1784.3292804895952,,,,,,,,
lightning_a100_qwen35,2026-05-11T10:04:07.956391+00:00,chat,chat_004,1,docker_model_runner_local,qwen3.5:9b,Qwen 3.5 9B,qwen3.5,9B,gpu,A100 40GB / Docker Model Runner GPU,50,96,146,1.3825550449996626,0.0024882079996626505,0.093830574,1.286236263,2.249999852210749e-06,0.939879712,0.34635655099999996,1.3825572949995149,1.3934322069999325,,245.8682006262633,245.8682006262633,8.528571428571428,191.9077142857143,249.622,1,cpu:unavailable;gpu:nvml,0.0,1.2293410031313165e-05,0.0,1.2293410031313165e-05,8.420143857063811e-05,1684.0287714127624,,,,,,,,
lightning_a100_qwen35,2026-05-11T10:04:09.328134+00:00,chat,chat_005,1,docker_model_runner_local,qwen3.5:9b,Qwen 3.5 9B,qwen3.5,9B,gpu,A100 40GB / Docker Model Runner GPU,66,96,162,1.356694214000072,0.0024577390000719568,0.068517861,1.285718614,1.880000127130188e-06,0.943988528,0.3417300860000001,1.356696094000199,1.366653776000021,,254.664623914733,254.664623914733,5.421428571428572,198.4005,242.855,1,cpu:unavailable;gpu:nvml,0.0,1.2733231195736648e-05,0.0,1.2733231195736648e-05,7.86001925662756e-05,1572.0038513255124,,,,,,,,
lightning_a100_qwen35,2026-05-11T10:04:10.141666+00:00,summarization,classroom_notebooks,0,docker_model_runner_local,qwen3.5:0.8b,Qwen 3.5 0.8B,qwen3.5,0.8B,gpu,A100 40GB / Docker Model Runner GPU,144,96,240,0.8008199470000363,0.002659932000036336,0.030308939,0.767851076,1.910000264615519e-06,0.416903001,0.350948075,0.800821857000301,0.8106233969997447,,74.76387434529516,74.76387434529516,5.1625,115.821,238.736,1,cpu:unavailable;gpu:nvml,0.0,3.7381937172647584e-06,0.0,3.7381937172647584e-06,1.5575807155269826e-05,311.5161431053965,,,,,,,,
lightning_a100_qwen35,2026-05-11T10:04:10.971726+00:00,summarization,python_llm_costs,0,docker_model_runner_local,qwen3.5:0.8b,Qwen 3.5 0.8B,qwen3.5,0.8B,gpu,A100 40GB / Docker Model Runner GPU,175,96,271,0.8170740930004285,0.002889875000428588,0.042950965,0.771233253,1.4410002222575713e-06,0.420007107,0.351226146,0.8170755340006508,0.8274017630001254,,87.62784165492164,87.62784165492164,6.544444444444444,111.63988888888889,134.588,1,cpu:unavailable;gpu:nvml,0.0,4.381392082746082e-06,0.0,4.381392082746082e-06,1.6167498460317645e-05,323.3499692063529,,,,,,,,
lightning_a100_qwen35,2026-05-11T10:04:11.787633+00:00,summarization,rag_pipeline,0,docker_model_runner_local,qwen3.5:0.8b,Qwen 3.5 0.8B,qwen3.5,0.8B,gpu,A100 40GB / Docker Model Runner GPU,159,96,255,0.8033410749999348,0.0027820119999347748,0.038349365,0.762209698,1.8600003386382014e-06,0.418453713,0.34375598500000004,0.8033429350002734,0.8131765469997845,,73.74587544065457,73.74587544065457,5.775,107.452875,136.662,1,cpu:unavailable;gpu:nvml,0.0,3.6872937720327286e-06,0.0,3.6872937720327286e-06,1.4459975576598936e-05,289.1995115319787,,,,,,,,
lightning_a100_qwen35,2026-05-11T10:04:12.625971+00:00,summarization,classroom_notebooks,1,docker_model_runner_local,qwen3.5:0.8b,Qwen 3.5 0.8B,qwen3.5,0.8B,gpu,A100 40GB / Docker Model Runner GPU,144,96,240,0.8258112329999676,0.0028961469999676526,0.04990014,0.773014946,1.8299997464055195e-06,0.417883795,0.355131151,0.825813062999714,0.8356308839997837,,86.8116141492186,86.8116141492186,7.611111111111111,109.93033333333332,139.016,1,cpu:unavailable;gpu:nvml,0.0,4.34058070746093e-06,0.0,4.34058070746093e-06,1.8085752947753873e-05,361.7150589550775,,,,,,,,
lightning_a100_qwen35,2026-05-11T10:04:13.461812+00:00,summarization,python_llm_costs,1,docker_model_runner_local,qwen3.5:0.8b,Qwen 3.5 0.8B,qwen3.5,0.8B,gpu,A100 40GB / Docker Model Runner GPU,175,96,271,0.8234330059999593,0.0026441519999592655,0.048741468,0.772047386,1.7810002646001521e-06,0.421293173,0.350754213,0.8234347870002239,0.8331909759999689,,86.88939086077409,86.88939086077409,7.655555555555556,109.91822222222223,130.678,1,cpu:unavailable;gpu:nvml,0.0,4.344469543038704e-06,0.0,4.344469543038704e-06,1.603125292634208e-05,320.62505852684166,,,,,,,,
lightning_a100_qwen35,2026-05-11T10:04:14.270384+00:00,summarization,rag_pipeline,1,docker_model_runner_local,qwen3.5:0.8b,Qwen 3.5 0.8B,qwen3.5,0.8B,gpu,A100 40GB / Docker Model Runner GPU,159,96,255,0.7961850869996852,0.002603530999685133,0.029728627,0.763852929,1.969999630091479e-06,0.418288135,0.345564794,0.7961870569993152,0.8058440039999368,,73.42033344790875,73.42033344790875,4.9,106.77225,132.424,1,cpu:unavailable;gpu:nvml,0.0,3.6710166723954373e-06,0.0,3.6710166723954373e-06,1.439614381331544e-05,287.9228762663088,,,,,,,,
lightning_a100_qwen35,2026-05-11T10:04:15.529962+00:00,summarization,classroom_notebooks,0,docker_model_runner_local,qwen3.5:4b,Qwen 3.5 4B,qwen3.5,4B,gpu,A100 40GB / Docker Model Runner GPU,144,96,240,1.2470872919998328,0.0027180039998329075,0.119995852,1.124373436,1.7100001059588976e-06,0.773455832,0.35091760399999994,1.2470890019999388,1.2568663520000882,,177.13954340249524,177.13954340249524,9.076923076923077,148.1493076923077,194.372,1,cpu:unavailable;gpu:nvml,0.0,8.856977170124762e-06,0.0,8.856977170124762e-06,3.6904071542186506e-05,738.0814308437301,,,,,,,,
lightning_a100_qwen35,2026-05-11T10:04:16.741384+00:00,summarization,python_llm_costs,0,docker_model_runner_local,qwen3.5:4b,Qwen 3.5 4B,qwen3.5,4B,gpu,A100 40GB / Docker Model Runner GPU,175,96,271,1.198400374999892,0.0027707239998919775,0.064599366,1.131030285,1.7100001059588976e-06,0.78312102,0.3479092650000001,1.198402084999998,1.208215705999919,,172.15381773359252,172.15381773359252,5.075,158.95291666666665,196.452,1,cpu:unavailable;gpu:nvml,0.0,8.607690886679625e-06,0.0,8.607690886679625e-06,3.1762696998817805e-05,635.2539399763562,,,,,,,,
lightning_a100_qwen35,2026-05-11T10:04:17.945913+00:00,summarization,rag_pipeline,0,docker_model_runner_local,qwen3.5:4b,Qwen 3.5 4B,qwen3.5,4B,gpu,A100 40GB / Docker Model Runner GPU,159,96,255,1.1920188620001682,0.0027902040001681616,0.075967317,1.113261341,1.7809998098528013e-06,0.77305273,0.3402086110000001,1.192020642999978,1.2018238310001834,,165.0173042051969,165.0173042051969,5.841666666666666,152.90833333333333,193.775,1,cpu:unavailable;gpu:nvml,0.0,8.250865210259844e-06,0.0,8.250865210259844e-06,3.2356334157881744e-05,647.1266831576348,,,,,,,,
lightning_a100_qwen35,2026-05-11T10:04:19.163382+00:00,summarization,classroom_notebooks,1,docker_model_runner_local,qwen3.5:4b,Qwen 3.5 4B,qwen3.5,4B,gpu,A100 40GB / Docker Model Runner GPU,144,96,240,1.2050164030001724,0.0028131730001723643,0.073695022,1.128508208,2.2700000954500865e-06,0.776578989,0.35192921899999996,1.2050186730002679,1.2147363529998074,,164.89651985446812,164.89651985446812,6.408333333333334,152.42866666666666,200.549,1,cpu:unavailable;gpu:nvml,0.0,8.244825992723406e-06,0.0,8.244825992723406e-06,3.435344163634752e-05,687.0688327269505,,,,,,,,
lightning_a100_qwen35,2026-05-11T10:04:20.398014+00:00,summarization,python_llm_costs,1,docker_model_runner_local,qwen3.5:4b,Qwen 3.5 4B,qwen3.5,4B,gpu,A100 40GB / Docker Model Runner GPU,175,96,271,1.2213079489997654,0.003857224999765263,0.077981106,1.1394696180000001,1.8499999896448571e-06,0.785229989,0.35423962900000017,1.221309798999755,1.231050249999953,,186.2263422050907,186.2263422050907,5.907692307692307,156.65284615384616,190.826,1,cpu:unavailable;gpu:nvml,0.0,9.311317110254535e-06,0.0,9.311317110254535e-06,3.4359103727876516e-05,687.1820745575302,,,,,,,,
lightning_a100_qwen35,2026-05-11T10:04:21.714239+00:00,summarization,rag_pipeline,1,docker_model_runner_local,qwen3.5:4b,Qwen 3.5 4B,qwen3.5,4B,gpu,A100 40GB / Docker Model Runner GPU,159,96,255,1.243002252000224,0.002746243000223858,0.117608335,1.1226476740000002,1.829000211728271e-06,0.774686401,0.34796127300000024,1.2430040810004357,1.3135210420000476,,182.46709106617917,182.46709106617917,8.746153846153847,153.65476923076923,200.549,1,cpu:unavailable;gpu:nvml,0.0,9.123354553308959e-06,0.0,9.123354553308959e-06,3.577786099336847e-05,715.5572198673693,,,,,,,,
lightning_a100_qwen35,2026-05-11T10:04:23.196609+00:00,summarization,classroom_notebooks,0,docker_model_runner_local,qwen3.5:9b,Qwen 3.5 9B,qwen3.5,9B,gpu,A100 40GB / Docker Model Runner GPU,144,96,240,1.4693555030003154,0.0027945250003154065,0.165987497,1.300573481,2.1800001377414446e-06,0.945536232,0.355037249,1.469357683000453,1.4796521220000614,,258.363812909003,258.363812909003,10.32,185.8430666666667,247.622,1,cpu:unavailable;gpu:nvml,0.0,1.291819064545015e-05,0.0,1.291819064545015e-05,5.382579435604229e-05,1076.5158871208457,,,,,,,,
lightning_a100_qwen35,2026-05-11T10:04:24.610150+00:00,summarization,python_llm_costs,0,docker_model_runner_local,qwen3.5:9b,Qwen 3.5 9B,qwen3.5,9B,gpu,A100 40GB / Docker Model Runner GPU,175,96,271,1.4007811490000677,0.0030492490000677552,0.095926504,1.301805396,2.4800001483527012e-06,0.952807834,0.348997562,1.400783629000216,1.4108411950001027,,258.60944172696,258.60944172696,5.714285714285714,200.7492857142857,251.7,1,cpu:unavailable;gpu:nvml,0.0,1.2930472086348e-05,0.0,1.2930472086348e-05,4.77139191378155e-05,954.2783827563098,,,,,,,,
lightning_a100_qwen35,2026-05-11T10:04:26.065543+00:00,summarization,rag_pipeline,0,docker_model_runner_local,qwen3.5:9b,Qwen 3.5 9B,qwen3.5,9B,gpu,A100 40GB / Docker Model Runner GPU,159,96,255,1.4426110120002704,0.0025513100002703126,0.09417519,1.345884512,1.8999999156221747e-06,0.977878173,0.368006339,1.442612912000186,1.4526853879997361,,269.8539974669578,269.8539974669578,5.72,194.84793333333334,243.105,1,cpu:unavailable;gpu:nvml,0.0,1.349269987334789e-05,0.0,1.349269987334789e-05,5.2912548522932903e-05,1058.250970458658,,,,,,,,
lightning_a100_qwen35,2026-05-11T10:04:27.482040+00:00,summarization,classroom_notebooks,1,docker_model_runner_local,qwen3.5:9b,Qwen 3.5 9B,qwen3.5,9B,gpu,A100 40GB / Docker Model Runner GPU,144,96,240,1.4033108779999566,0.0029273459999565876,0.090350947,1.310032585,2.2989997887634672e-06,0.944926607,0.3651059780000001,1.4033131769997453,1.4138098720000016,,245.12554390174347,245.12554390174347,5.814285714285715,191.30857142857144,248.149,1,cpu:unavailable;gpu:nvml,0.0,1.2256277195087173e-05,0.0,1.2256277195087173e-05,5.106782164619655e-05,1021.356432923931,,,,,,,,
lightning_a100_qwen35,2026-05-11T10:04:28.881143+00:00,summarization,python_llm_costs,1,docker_model_runner_local,qwen3.5:9b,Qwen 3.5 9B,qwen3.5,9B,gpu,A100 40GB / Docker Model Runner GPU,175,96,271,1.3864139299998897,0.0026593419998897083,0.085889688,1.2978649,2.0900001800328027e-06,0.947963986,0.349900914,1.3864160200000697,1.3963973449999685,,257.3328087870752,257.3328087870752,5.071428571428571,199.6422142857143,246.079,1,cpu:unavailable;gpu:nvml,0.0,1.2866640439353758e-05,0.0,1.2866640439353758e-05,4.7478378004995417e-05,949.5675600999084,,,,,,,,
lightning_a100_qwen35,2026-05-11T10:04:30.276348+00:00,summarization,rag_pipeline,1,docker_model_runner_local,qwen3.5:9b,Qwen 3.5 9B,qwen3.5,9B,gpu,A100 40GB / Docker Model Runner GPU,159,96,255,1.3826748460001,0.0026737310000999326,0.083156535,1.29684458,1.720000000204891e-06,0.947318873,0.34952570699999996,1.3826765660001001,1.3925010280004244,,258.9229415870967,258.9229415870967,4.942857142857143,201.13807142857144,249.622,1,cpu:unavailable;gpu:nvml,0.0,1.2946147079354835e-05,0.0,1.2946147079354835e-05,5.076920423276406e-05,1015.3840846552813,,,,,,,,
lightning_a100_qwen35,2026-05-11T10:04:31.105100+00:00,classification,cls_001,0,docker_model_runner_local,qwen3.5:0.8b,Qwen 3.5 0.8B,qwen3.5,0.8B,gpu,A100 40GB / Docker Model Runner GPU,65,96,161,0.8158733800000846,0.0024454880000845947,0.045042325,0.7683855669999999,4.410999736137455e-06,0.417742693,0.35064287399999994,0.8158777909998207,0.8258710639997844,,98.00684969628145,98.00684969628145,7.4625,143.392875,246.747,1,cpu:unavailable;gpu:nvml,0.0,4.900342484814072e-06,0.0,4.900342484814072e-06,3.0436909843565667e-05,608.7381968713133,,False,,,,,,
lightning_a100_qwen35,2026-05-11T10:04:31.921771+00:00,classification,cls_002,0,docker_model_runner_local,qwen3.5:0.8b,Qwen 3.5 0.8B,qwen3.5,0.8B,gpu,A100 40GB / Docker Model Runner GPU,66,96,162,0.8042085330002919,0.002529529000291908,0.033285697,0.768393307,4.300000000512227e-06,0.417212881,0.351180426,0.8042128330002924,0.8139764219999961,,72.3097234426299,72.3097234426299,6.4375,106.10612499999999,133.159,1,cpu:unavailable;gpu:nvml,0.0,3.615486172131495e-06,0.0,3.615486172131495e-06,2.2317815877354907e-05,446.3563175470982,,False,,,,,,
lightning_a100_qwen35,2026-05-11T10:04:32.741632+00:00,classification,cls_003,0,docker_model_runner_local,qwen3.5:0.8b,Qwen 3.5 0.8B,qwen3.5,0.8B,gpu,A100 40GB / Docker Model Runner GPU,61,96,157,0.8072319500001868,0.002406325000186782,0.039740912,0.765084713,4.789999820786761e-06,0.418275891,0.346808822,0.8072367400000076,0.817197694999777,,83.20610347486223,83.20610347486223,7.066666666666666,106.55833333333334,137.724,1,cpu:unavailable;gpu:nvml,0.0,4.160305173743111e-06,0.0,4.160305173743111e-06,2.6498759068427457e-05,529.9751813685492,,False,,,,,,
lightning_a100_qwen35,2026-05-11T10:04:33.572982+00:00,classification,cls_004,0,docker_model_runner_local,qwen3.5:0.8b,Qwen 3.5 0.8B,qwen3.5,0.8B,gpu,A100 40GB / Docker Model Runner GPU,68,96,164,0.8183997679998356,0.0025802389998356157,0.041254811,0.7745647179999999,4.640000042854808e-06,0.417298167,0.35726655099999993,0.8184044079998785,0.8286678879999272,,85.4603032084942,85.4603032084942,6.811111111111112,109.04944444444445,133.022,1,cpu:unavailable;gpu:nvml,0.0,4.2730151604247095e-06,0.0,4.2730151604247095e-06,2.6054970490394568e-05,521.0994098078914,,False,,,,,,
lightning_a100_qwen35,2026-05-11T10:04:34.429121+00:00,classification,cls_005,0,docker_model_runner_local,qwen3.5:0.8b,Qwen 3.5 0.8B,qwen3.5,0.8B,gpu,A100 40GB / Docker Model Runner GPU,66,96,162,0.8437377109999034,0.0027612729999033636,0.071594061,0.769382377,3.8100001802376937e-06,0.415886134,0.353496243,0.8437415210000836,0.8534599190002155,,84.73572737326421,84.73572737326421,10.788888888888888,108.12011111111111,132.235,1,cpu:unavailable;gpu:nvml,0.0,4.23678636866321e-06,0.0,4.23678636866321e-06,2.6153002275698827e-05,523.0600455139767,,False,,,,,,
lightning_a100_qwen35,2026-05-11T10:04:35.238577+00:00,classification,cls_006,0,docker_model_runner_local,qwen3.5:0.8b,Qwen 3.5 0.8B,qwen3.5,0.8B,gpu,A100 40GB / Docker Model Runner GPU,66,96,162,0.7966379839999718,0.0025205079999717217,0.036505079,0.757612397,3.96999985241564e-06,0.417354824,0.34025757300000004,0.7966419539998242,0.8068065930001467,,71.18068393562284,71.18068393562284,6.4875,104.805875,132.561,1,cpu:unavailable;gpu:nvml,0.0,3.559034196781142e-06,0.0,3.559034196781142e-06,2.1969346893710753e-05,439.38693787421505,,False,,,,,,
lightning_a100_qwen35,2026-05-11T10:04:36.057361+00:00,classification,cls_007,0,docker_model_runner_local,qwen3.5:0.8b,Qwen 3.5 0.8B,qwen3.5,0.8B,gpu,A100 40GB / Docker Model Runner GPU,61,96,157,0.8064341159997639,0.0025270179997638476,0.036884026,0.7670230720000001,5.160000000614673e-06,0.416270867,0.3507522050000001,0.8064392759997645,0.8161502849998215,,83.90741959563736,83.90741959563736,7.122222222222222,107.56333333333333,136.662,1,cpu:unavailable;gpu:nvml,0.0,4.195370979781868e-06,0.0,4.195370979781868e-06,2.6722108151476865e-05,534.4421630295374,,False,,,,,,
lightning_a100_qwen35,2026-05-11T10:04:36.864698+00:00,classification,cls_008,0,docker_model_runner_local,qwen3.5:0.8b,Qwen 3.5 0.8B,qwen3.5,0.8B,gpu,A100 40GB / Docker Model Runner GPU,65,96,161,0.794986353999775,0.0025415809997749728,0.025506216,0.766938557,4.779999926540768e-06,0.414668584,0.352269973,0.7949911339997016,0.8046748719998504,,73.23639748954109,73.23639748954109,5.775,107.61325000000001,133.573,1,cpu:unavailable;gpu:nvml,0.0,3.6618198744770546e-06,0.0,3.6618198744770546e-06,2.2744222822838845e-05,454.88445645677695,,False,,,,,,
lightning_a100_qwen35,2026-05-11T10:04:37.663755+00:00,classification,cls_001,1,docker_model_runner_local,qwen3.5:0.8b,Qwen 3.5 0.8B,qwen3.5,0.8B,gpu,A100 40GB / Docker Model Runner GPU,65,96,161,0.7866710020002756,0.0025397190002756087,0.024333553,0.7597977300000001,4.73000000056345e-06,0.417340235,0.34245749500000006,0.7866757320002762,0.7963962010003343,,73.81185444974679,73.81185444974679,5.2125,108.141875,135.373,1,cpu:unavailable;gpu:nvml,0.0,3.6905927224873395e-06,0.0,3.6905927224873395e-06,2.2922936164517636e-05,458.45872329035274,,False,,,,,,
lightning_a100_qwen35,2026-05-11T10:04:38.538530+00:00,classification,cls_002,1,docker_model_runner_local,qwen3.5:0.8b,Qwen 3.5 0.8B,qwen3.5,0.8B,gpu,A100 40GB / Docker Model Runner GPU,66,96,162,0.8622699809998267,0.0027084829998266224,0.087834428,0.7717270700000001,6.08000027568778e-06,0.415153322,0.3565737480000001,0.8622760610001023,0.8720761619997575,,82.39399377005367,82.39399377005367,11.977777777777778,105.1318888888889,130.678,1,cpu:unavailable;gpu:nvml,0.0,4.119699688502683e-06,0.0,4.119699688502683e-06,2.54302449907573e-05,508.6048998151461,,False,,,,,,
lightning_a100_qwen35,2026-05-11T10:04:39.357953+00:00,classification,cls_003,1,docker_model_runner_local,qwen3.5:0.8b,Qwen 3.5 0.8B,qwen3.5,0.8B,gpu,A100 40GB / Docker Model Runner GPU,61,96,157,0.8069215849995999,0.00250839899959987,0.035427589,0.768985597,4.738999905384844e-06,0.415953083,0.353032514,0.8069263239995053,0.8167205159998048,,84.83565671420283,84.83565671420283,6.933333333333334,108.34666666666666,134.309,1,cpu:unavailable;gpu:nvml,0.0,4.241782835710142e-06,0.0,4.241782835710142e-06,2.701772506821746e-05,540.3545013643493,,False,,,,,,
lightning_a100_qwen35,2026-05-11T10:04:40.172519+00:00,classification,cls_004,1,docker_model_runner_local,qwen3.5:0.8b,Qwen 3.5 0.8B,qwen3.5,0.8B,gpu,A100 40GB / Docker Model Runner GPU,68,96,164,0.8019140789997437,0.0027778259997436328,0.037810824,0.761325429,3.589099969758536e-05,0.416489065,0.344836364,0.8019499699994412,0.8119051310000032,,71.06463546527553,71.06463546527553,6.5,105.2415,136.25,1,cpu:unavailable;gpu:nvml,0.0,3.5532317732637763e-06,0.0,3.5532317732637763e-06,2.1666047397949856e-05,433.3209479589971,,False,,,,,,
lightning_a100_qwen35,2026-05-11T10:04:40.998538+00:00,classification,cls_005,1,docker_model_runner_local,qwen3.5:0.8b,Qwen 3.5 0.8B,qwen3.5,0.8B,gpu,A100 40GB / Docker Model Runner GPU,66,96,162,0.8134992729997066,0.0024581879997065403,0.041412025,0.7696290600000001,2.309100000275066e-05,0.416732697,0.3528963630000001,0.8135223639997093,0.8232933839999532,,84.6852660469692,84.6852660469692,7.477777777777778,108.11533333333334,137.399,1,cpu:unavailable;gpu:nvml,0.0,4.2342633023484595e-06,0.0,4.2342633023484595e-06,2.613742779227444e-05,522.7485558454889,,False,,,,,,
lightning_a100_qwen35,2026-05-11T10:04:41.821841+00:00,classification,cls_006,1,docker_model_runner_local,qwen3.5:0.8b,Qwen 3.5 0.8B,qwen3.5,0.8B,gpu,A100 40GB / Docker Model Runner GPU,66,96,162,0.810652967000351,0.0024627570003510346,0.036748255,0.771441955,4.359999820735538e-06,0.418131089,0.353310866,0.8106573270001718,0.8206247519997305,,86.20071895664894,86.20071895664894,6.688888888888889,109.78755555555556,135.373,1,cpu:unavailable;gpu:nvml,0.0,4.310035947832447e-06,0.0,4.310035947832447e-06,2.6605160171805232e-05,532.1032034361046,,False,,,,,,
lightning_a100_qwen35,2026-05-11T10:04:42.629523+00:00,classification,cls_007,1,docker_model_runner_local,qwen3.5:0.8b,Qwen 3.5 0.8B,qwen3.5,0.8B,gpu,A100 40GB / Docker Model Runner GPU,61,96,157,0.7952898190001179,0.0025928800001178143,0.031197036,0.761499903,5.140000212122686e-06,0.417590974,0.34390892900000003,0.79529495900033,0.8050064980002389,,72.36414120858261,72.36414120858261,5.8375,105.984625,129.747,1,cpu:unavailable;gpu:nvml,0.0,3.6182070604291303e-06,0.0,3.6182070604291303e-06,2.3045904843497645e-05,460.91809686995293,,False,,,,,,
lightning_a100_qwen35,2026-05-11T10:04:43.531933+00:00,classification,cls_008,1,docker_model_runner_local,qwen3.5:0.8b,Qwen 3.5 0.8B,qwen3.5,0.8B,gpu,A100 40GB / Docker Model Runner GPU,65,96,161,0.8899117989999468,0.0025617899999467175,0.118177947,0.769172062,3.9720002860121895e-06,0.418070915,0.351101147,0.8899157710002328,0.8996903390002444,,74.5766928249748,74.5766928249748,15.355555555555554,97.02822222222223,134.17,1,cpu:unavailable;gpu:nvml,0.0,3.7288346412487397e-06,0.0,3.7288346412487397e-06,2.3160463610240616e-05,463.2092722048124,,False,,,,,,
lightning_a100_qwen35,2026-05-11T10:04:44.726511+00:00,classification,cls_001,0,docker_model_runner_local,qwen3.5:4b,Qwen 3.5 4B,qwen3.5,4B,gpu,A100 40GB / Docker Model Runner GPU,65,96,161,1.1820179859996642,0.002511627999664201,0.051811377,1.127694981,4.811000053450698e-06,0.776413302,0.35128167900000007,1.1820227969997177,1.1918299369999659,,162.36655150323534,162.36655150323534,5.5249999999999995,147.71441666666666,190.555,1,cpu:unavailable;gpu:nvml,0.0,8.118327575161767e-06,0.0,8.118327575161767e-06,5.0424394876781166e-05,1008.4878975356232,,False,,,,,,
lightning_a100_qwen35,2026-05-11T10:04:45.961328+00:00,classification,cls_002,0,docker_model_runner_local,qwen3.5:4b,Qwen 3.5 4B,qwen3.5,4B,gpu,A100 40GB / Docker Model Runner GPU,66,96,162,1.2222235079998427,0.002595960999842717,0.09573438,1.123893167,4.699999863078119e-06,0.780118263,0.3437749040000001,1.2222282079997058,1.2320586199998615,,191.13367615709282,191.13367615709282,8.476923076923077,161.02192307692306,196.126,1,cpu:unavailable;gpu:nvml,0.0,9.55668380785464e-06,0.0,9.55668380785464e-06,5.899187535712741e-05,1179.8375071425482,,False,,,,,,
lightning_a100_qwen35,2026-05-11T10:04:47.149992+00:00,classification,cls_003,0,docker_model_runner_local,qwen3.5:4b,Qwen 3.5 4B,qwen3.5,4B,gpu,A100 40GB / Docker Model Runner GPU,61,96,157,1.1756357420003951,0.002368587000395106,0.04419209,1.129075065,4.280000212020241e-06,0.777885789,0.35118927600000005,1.1756400220006071,1.1859524129999954,,172.4037410785913,172.4037410785913,5.433333333333334,158.95783333333333,194.101,1,cpu:unavailable;gpu:nvml,0.0,8.620187053929565e-06,0.0,8.620187053929565e-06,5.490565002502908e-05,1098.1130005005816,,False,,,,,,
lightning_a100_qwen35,2026-05-11T10:04:48.349348+00:00,classification,cls_004,0,docker_model_runner_local,qwen3.5:4b,Qwen 3.5 4B,qwen3.5,4B,gpu,A100 40GB / Docker Model Runner GPU,68,96,164,1.1866343159999815,0.0024647359999814267,0.053755505,1.130414075,4.568999884213554e-06,0.77987584,0.35053823500000003,1.1866388849998657,1.1966322299999774,,174.02324884200596,174.02324884200596,5.783333333333334,160.17033333333333,193.503,1,cpu:unavailable;gpu:nvml,0.0,8.701162442100297e-06,0.0,8.701162442100297e-06,5.3055868549392055e-05,1061.1173709878412,,False,,,,,,
lightning_a100_qwen35,2026-05-11T10:04:49.540491+00:00,classification,cls_005,0,docker_model_runner_local,qwen3.5:4b,Qwen 3.5 4B,qwen3.5,4B,gpu,A100 40GB / Docker Model Runner GPU,66,96,162,1.178144321000218,0.002562460000218092,0.052354528,1.123227333,4.660999820771394e-06,0.777567813,0.34565952,1.1781489820000388,1.1884586020000825,,176.4577603173721,176.4577603173721,5.275,162.41266666666667,197.872,1,cpu:unavailable;gpu:nvml,0.0,8.822888015868605e-06,0.0,8.822888015868605e-06,5.446227170289263e-05,1089.2454340578527,,False,,,,,,
lightning_a100_qwen35,2026-05-11T10:04:50.748082+00:00,classification,cls_006,0,docker_model_runner_local,qwen3.5:4b,Qwen 3.5 4B,qwen3.5,4B,gpu,A100 40GB / Docker Model Runner GPU,66,96,162,1.1943837069998153,0.002749982999815437,0.062840592,1.128793132,4.569999873638153e-06,0.776702577,0.35209055499999997,1.194388276999689,1.2048656200004189,,176.58561170002594,176.58561170002594,6.283333333333334,162.46258333333333,201.816,1,cpu:unavailable;gpu:nvml,0.0,8.829280585001296e-06,0.0,8.829280585001296e-06,5.450173200618084e-05,1090.034640123617,,False,,,,,,
lightning_a100_qwen35,2026-05-11T10:04:51.924542+00:00,classification,cls_007,0,docker_model_runner_local,qwen3.5:4b,Qwen 3.5 4B,qwen3.5,4B,gpu,A100 40GB / Docker Model Runner GPU,61,96,157,1.1614454659998046,0.0025041079998044946,0.036407417,1.1225339410000001,5.338999926607357e-06,0.774501104,0.3480328370000001,1.1614508049997312,1.1736769649996859,,177.51852541688564,177.51852541688564,4.991666666666666,163.34966666666665,201.426,1,cpu:unavailable;gpu:nvml,0.0,8.875926270844282e-06,0.0,8.875926270844282e-06,5.653456223467696e-05,1130.6912446935391,,False,,,,,,
lightning_a100_qwen35,2026-05-11T10:04:53.113038+00:00,classification,cls_008,0,docker_model_runner_local,qwen3.5:4b,Qwen 3.5 4B,qwen3.5,4B,gpu,A100 40GB / Docker Model Runner GPU,65,96,161,1.1759466989997236,0.002560728999723594,0.057341345,1.116044625,4.290000106266234e-06,0.773730649,0.342313976,1.1759509889998299,1.18577975900007,,169.42007099122404,169.42007099122404,5.916666666666667,156.50291666666666,198.598,1,cpu:unavailable;gpu:nvml,0.0,8.4710035495612e-06,0.0,8.4710035495612e-06,5.261492887926212e-05,1052.2985775852426,,False,,,,,,
lightning_a100_qwen35,2026-05-11T10:04:54.318134+00:00,classification,cls_001,1,docker_model_runner_local,qwen3.5:4b,Qwen 3.5 4B,qwen3.5,4B,gpu,A100 40GB / Docker Model Runner GPU,65,96,161,1.1926036320001003,0.0023392240001003373,0.055586392,1.134678016,4.3089999053336214e-06,0.776205438,0.3584725780000001,1.1926079410000057,1.2023928710000291,,169.0995944693972,169.0995944693972,6.0,156.43041666666667,193.575,1,cpu:unavailable;gpu:nvml,0.0,8.45497972346986e-06,0.0,8.45497972346986e-06,5.2515402009129566e-05,1050.3080401825912,,False,,,,,,
lightning_a100_qwen35,2026-05-11T10:04:55.514075+00:00,classification,cls_002,1,docker_model_runner_local,qwen3.5:4b,Qwen 3.5 4B,qwen3.5,4B,gpu,A100 40GB / Docker Model Runner GPU,66,96,162,1.183405743000094,0.002739123000093935,0.043633749,1.137032871,5.079999937152024e-06,0.786698754,0.35033411699999994,1.183410823000031,1.1932209439996768,,172.22475975964144,172.22475975964144,4.95,159.05491666666668,194.777,1,cpu:unavailable;gpu:nvml,0.0,8.611237987982072e-06,0.0,8.611237987982072e-06,5.3155790049272045e-05,1063.1158009854412,,False,,,,,,
lightning_a100_qwen35,2026-05-11T10:04:56.692206+00:00,classification,cls_003,1,docker_model_runner_local,qwen3.5:4b,Qwen 3.5 4B,qwen3.5,4B,gpu,A100 40GB / Docker Model Runner GPU,61,96,157,1.165700908999952,0.0024144459999519974,0.042025587,1.121260876,4.581000212056097e-06,0.775853109,0.345407767,1.165705490000164,1.175414327999988,,173.00890769153494,173.00890769153494,5.158333333333333,158.42558333333332,201.147,1,cpu:unavailable;gpu:nvml,0.0,8.650445384576747e-06,0.0,8.650445384576747e-06,5.509837824571177e-05,1101.9675649142353,,False,,,,,,
lightning_a100_qwen35,2026-05-11T10:04:57.894416+00:00,classification,cls_004,1,docker_model_runner_local,qwen3.5:4b,Qwen 3.5 4B,qwen3.5,4B,gpu,A100 40GB / Docker Model Runner GPU,68,96,164,1.1896069650001664,0.0024346990001664626,0.062784741,1.124387525,4.159999662078917e-06,0.774328648,0.35005887699999994,1.1896111249998285,1.1995187669999723,,173.54735312263597,173.54735312263597,6.45,160.20933333333332,201.147,1,cpu:unavailable;gpu:nvml,0.0,8.677367656131798e-06,0.0,8.677367656131798e-06,5.291077839104755e-05,1058.215567820951,,False,,,,,,
lightning_a100_qwen35,2026-05-11T10:04:59.086386+00:00,classification,cls_005,1,docker_model_runner_local,qwen3.5:4b,Qwen 3.5 4B,qwen3.5,4B,gpu,A100 40GB / Docker Model Runner GPU,66,96,162,1.179410154999914,0.0023915149999140795,0.046261239,1.130757401,3.849000222544419e-06,0.777942295,0.3528151060000001,1.1794140040001366,1.189273146999767,,176.31609089949504,176.31609089949504,5.1499999999999995,162.48575,196.655,1,cpu:unavailable;gpu:nvml,0.0,8.815804544974751e-06,0.0,8.815804544974751e-06,5.441854657391822e-05,1088.3709314783646,,False,,,,,,
lightning_a100_qwen35,2026-05-11T10:05:00.280432+00:00,classification,cls_006,1,docker_model_runner_local,qwen3.5:4b,Qwen 3.5 4B,qwen3.5,4B,gpu,A100 40GB / Docker Model Runner GPU,66,96,162,1.1814798059999703,0.002369355999970235,0.055866486,1.123243964,4.670000180340139e-06,0.780829394,0.3424145700000001,1.1814844760001506,1.1913439679997282,,175.64437512253318,175.64437512253318,5.675,161.17466666666667,195.521,1,cpu:unavailable;gpu:nvml,0.0,8.782218756126659e-06,0.0,8.782218756126659e-06,5.4211226889670734e-05,1084.2245377934148,,False,,,,,,
lightning_a100_qwen35,2026-05-11T10:05:01.471096+00:00,classification,cls_007,1,docker_model_runner_local,qwen3.5:4b,Qwen 3.5 4B,qwen3.5,4B,gpu,A100 40GB / Docker Model Runner GPU,61,96,157,1.1769349279998096,0.0025350989998096374,0.044579206,1.1298206229999999,5.200000032345997e-06,0.775300939,0.3545196839999999,1.176940127999842,1.1868135489999077,,172.24371837450917,172.24371837450917,5.608333333333333,158.96625,195.249,1,cpu:unavailable;gpu:nvml,0.0,8.612185918725458e-06,0.0,8.612185918725458e-06,5.485468738041693e-05,1097.0937476083386,,False,,,,,,
lightning_a100_qwen35,2026-05-11T10:05:02.674918+00:00,classification,cls_008,1,docker_model_runner_local,qwen3.5:4b,Qwen 3.5 4B,qwen3.5,4B,gpu,A100 40GB / Docker Model Runner GPU,65,96,161,1.1912576969998554,0.002718922999855433,0.056134291,1.132404483,5.129999863129342e-06,0.775027965,0.3573765179999999,1.1912628269997185,1.2011089269999502,,164.46410727777356,164.46410727777356,6.258333333333333,152.52175,198.47,1,cpu:unavailable;gpu:nvml,0.0,8.223205363888678e-06,0.0,8.223205363888678e-06,5.107580971359427e-05,1021.5161942718855,,False,,,,,,
lightning_a100_qwen35,2026-05-11T10:05:04.026411+00:00,classification,cls_001,0,docker_model_runner_local,qwen3.5:9b,Qwen 3.5 9B,qwen3.5,9B,gpu,A100 40GB / Docker Model Runner GPU,65,96,161,1.3389427980000619,0.0024685880000618887,0.052447829,1.2840263809999999,4.919999810226727e-06,0.941561503,0.3424648779999999,1.3389477179998721,1.3487659279999207,,256.05370663074683,256.05370663074683,4.435714285714286,197.57235714285713,250.757,1,cpu:unavailable;gpu:nvml,0.0,1.2802685331537341e-05,0.0,1.2802685331537341e-05,7.95197846679338e-05,1590.395693358676,,False,,,,,,
lightning_a100_qwen35,2026-05-11T10:05:05.391980+00:00,classification,cls_002,0,docker_model_runner_local,qwen3.5:9b,Qwen 3.5 9B,qwen3.5,9B,gpu,A100 40GB / Docker Model Runner GPU,66,96,162,1.352453080000032,0.0025762800000319608,0.052484501,1.2973922990000002,4.7399998948094435e-06,0.944516995,0.3528753040000002,1.3524578199999269,1.3628341919998093,,262.53767265265884,262.53767265265884,4.664285714285714,203.71814285714285,249.351,1,cpu:unavailable;gpu:nvml,0.0,1.3126883632632943e-05,0.0,1.3126883632632943e-05,8.103014588045026e-05,1620.602917609005,,False,,,,,,
lightning_a100_qwen35,2026-05-11T10:05:06.757218+00:00,classification,cls_003,0,docker_model_runner_local,qwen3.5:9b,Qwen 3.5 9B,qwen3.5,9B,gpu,A100 40GB / Docker Model Runner GPU,61,96,157,1.3525290019997556,0.0026095309997555827,0.053689074,1.296230397,4.850000095757423e-06,0.944728431,0.35150196599999994,1.3525338519998513,1.3624631349998708,,252.52599704095064,252.52599704095064,5.55,196.57714285714286,249.608,1,cpu:unavailable;gpu:nvml,0.0,1.2626299852047533e-05,0.0,1.2626299852047533e-05,8.042229205125817e-05,1608.4458410251634,,False,,,,,,
lightning_a100_qwen35,2026-05-11T10:05:08.117206+00:00,classification,cls_004,0,docker_model_runner_local,qwen3.5:9b,Qwen 3.5 9B,qwen3.5,9B,gpu,A100 40GB / Docker Model Runner GPU,68,96,164,1.3473085589998846,0.0026098719998846054,0.058818714,1.285879973,5.060000148660038e-06,0.942648062,0.34323191099999995,1.3473136190000332,1.3572339929996815,,258.7466871615603,258.7466871615603,4.814285714285715,201.02107142857145,251.626,1,cpu:unavailable;gpu:nvml,0.0,1.2937334358078017e-05,0.0,1.2937334358078017e-05,7.888618511023182e-05,1577.723702204636,,False,,,,,,
lightning_a100_qwen35,2026-05-11T10:05:09.473383+00:00,classification,cls_005,0,docker_model_runner_local,qwen3.5:9b,Qwen 3.5 9B,qwen3.5,9B,gpu,A100 40GB / Docker Model Runner GPU,66,96,162,1.3433837029997449,0.0023592249997448356,0.051547373,1.289477105,5.169999894860666e-06,0.941944016,0.347533089,1.3433888729996397,1.3534293590000743,,258.70910956679035,258.70910956679035,4.75,201.11114285714285,243.731,1,cpu:unavailable;gpu:nvml,0.0,1.2935455478339518e-05,0.0,1.2935455478339518e-05,7.984849060703405e-05,1596.9698121406811,,False,,,,,,
lightning_a100_qwen35,2026-05-11T10:05:10.826811+00:00,classification,cls_006,0,docker_model_runner_local,qwen3.5:9b,Qwen 3.5 9B,qwen3.5,9B,gpu,A100 40GB / Docker Model Runner GPU,66,96,162,1.3407684329999938,0.0025254299999937224,0.050845718,1.2873972850000002,4.529999841906829e-06,0.940584727,0.3468125580000002,1.3407729629998357,1.3507039060000352,,261.56390873407486,261.56390873407486,4.6000000000000005,203.42657142857144,251.028,1,cpu:unavailable;gpu:nvml,0.0,1.3078195436703744e-05,0.0,1.3078195436703744e-05,8.072960146113421e-05,1614.5920292226842,,False,,,,,,
lightning_a100_qwen35,2026-05-11T10:05:12.175787+00:00,classification,cls_007,0,docker_model_runner_local,qwen3.5:9b,Qwen 3.5 9B,qwen3.5,9B,gpu,A100 40GB / Docker Model Runner GPU,61,96,157,1.3352535159997387,0.002511298999738676,0.041949056,1.290793161,4.0499999158782884e-06,0.94583742,0.34495574100000004,1.3352575659996546,1.3462174390001564,,260.8918907558935,260.8918907558935,4.55,202.8079285714286,246.676,1,cpu:unavailable;gpu:nvml,0.0,1.3044594537794673e-05,0.0,1.3044594537794673e-05,8.308658941270492e-05,1661.7317882540988,,False,,,,,,
lightning_a100_qwen35,2026-05-11T10:05:13.546474+00:00,classification,cls_008,0,docker_model_runner_local,qwen3.5:9b,Qwen 3.5 9B,qwen3.5,9B,gpu,A100 40GB / Docker Model Runner GPU,65,96,161,1.3579926769998565,0.002549258999856585,0.058987357,1.296456061,4.191000243736198e-06,0.943838145,0.35261791600000003,1.3579968680001002,1.3679647419999128,,257.5401060170058,257.5401060170058,5.0,200.27285714285716,242.855,1,cpu:unavailable;gpu:nvml,0.0,1.2877005300850291e-05,0.0,1.2877005300850291e-05,7.998139938416329e-05,1599.627987683266,,False,,,,,,
lightning_a100_qwen35,2026-05-11T10:05:14.938779+00:00,classification,cls_001,1,docker_model_runner_local,qwen3.5:9b,Qwen 3.5 9B,qwen3.5,9B,gpu,A100 40GB / Docker Model Runner GPU,65,96,161,1.373139091000212,0.0027713730002119075,0.078525195,1.291842523,4.200000148557592e-06,0.943238189,0.3486043339999999,1.3731432910003605,1.382997793999948,,256.4805458881909,256.4805458881909,6.692857142857143,199.26250000000002,246.659,1,cpu:unavailable;gpu:nvml,0.0,1.2824027294409543e-05,0.0,1.2824027294409543e-05,7.965234344353753e-05,1593.0468688707508,,False,,,,,,
lightning_a100_qwen35,2026-05-11T10:05:16.298941+00:00,classification,cls_002,1,docker_model_runner_local,qwen3.5:9b,Qwen 3.5 9B,qwen3.5,9B,gpu,A100 40GB / Docker Model Runner GPU,66,96,162,1.3478000879999854,0.003092117999985433,0.059314924,1.285393046,4.328999693825608e-06,0.941545111,0.343847935,1.3478044169996792,1.3574290050000855,,257.9143009041114,257.9143009041114,5.128571428571428,200.59292857142856,252.491,1,cpu:unavailable;gpu:nvml,0.0,1.2895715045205571e-05,0.0,1.2895715045205571e-05,7.960317929139242e-05,1592.0635858278483,,False,,,,,,
lightning_a100_qwen35,2026-05-11T10:05:17.685232+00:00,classification,cls_003,1,docker_model_runner_local,qwen3.5:9b,Qwen 3.5 9B,qwen3.5,9B,gpu,A100 40GB / Docker Model Runner GPU,61,96,157,1.3735268599998562,0.003028689999856171,0.07871024,1.2917879300000001,4.569999873638153e-06,0.94378046,0.3480074700000001,1.3735314299997299,1.383584404999965,,257.1808832400073,257.1808832400073,7.042857142857144,200.2685,246.931,1,cpu:unavailable;gpu:nvml,0.0,1.2859044162000364e-05,0.0,1.2859044162000364e-05,8.190473988535263e-05,1638.0947977070527,,False,,,,,,
lightning_a100_qwen35,2026-05-11T10:05:19.059744+00:00,classification,cls_004,1,docker_model_runner_local,qwen3.5:9b,Qwen 3.5 9B,qwen3.5,9B,gpu,A100 40GB / Docker Model Runner GPU,68,96,164,1.3618624630003069,0.0027765240003068126,0.060205441,1.2988804980000002,4.2490000851103105e-06,0.94521175,0.35366874800000014,1.361866712000392,1.3718162260001918,,263.6010694756785,263.6010694756785,5.1571428571428575,204.2162142857143,247.257,1,cpu:unavailable;gpu:nvml,0.0,1.3180053473783924e-05,0.0,1.3180053473783924e-05,8.036617971819467e-05,1607.3235943638933,,False,,,,,,
lightning_a100_qwen35,2026-05-11T10:05:20.423076+00:00,classification,cls_005,1,docker_model_runner_local,qwen3.5:9b,Qwen 3.5 9B,qwen3.5,9B,gpu,A100 40GB / Docker Model Runner GPU,66,96,162,1.3506173140003739,0.002370697000373845,0.060842982,1.287403635,4.44999977844418e-06,0.945919237,0.34148439799999997,1.3506217640001523,1.3605426469998747,,256.90827545434587,256.90827545434587,4.964285714285714,200.031,253.977,1,cpu:unavailable;gpu:nvml,0.0,1.2845413772717293e-05,0.0,1.2845413772717293e-05,7.929267760936601e-05,1585.8535521873202,,False,,,,,,
lightning_a100_qwen35,2026-05-11T10:05:21.794162+00:00,classification,cls_006,1,docker_model_runner_local,qwen3.5:9b,Qwen 3.5 9B,qwen3.5,9B,gpu,A100 40GB / Docker Model Runner GPU,66,96,162,1.358374324000124,0.0026344810001239782,0.059827283,1.29591256,4.630000148608815e-06,0.945565929,0.3503466310000001,1.3583789540002726,1.3683629279998968,,257.87354557049144,257.87354557049144,5.357142857142857,200.32871428571428,247.808,1,cpu:unavailable;gpu:nvml,0.0,1.2893677278524572e-05,0.0,1.2893677278524572e-05,7.959060048471958e-05,1591.8120096943917,,False,,,,,,
lightning_a100_qwen35,2026-05-11T10:05:23.166098+00:00,classification,cls_007,1,docker_model_runner_local,qwen3.5:9b,Qwen 3.5 9B,qwen3.5,9B,gpu,A100 40GB / Docker Model Runner GPU,61,96,157,1.359265941999638,0.0025738299996380665,0.056563929,1.300128183,4.27999975727289e-06,0.943191359,0.35693682400000004,1.3592702219993953,1.3692245049996927,,255.61273475541492,255.61273475541492,5.435714285714285,198.92164285714284,249.622,1,cpu:unavailable;gpu:nvml,0.0,1.2780636737770745e-05,0.0,1.2780636737770745e-05,8.140532953994105e-05,1628.1065907988213,,False,,,,,,
lightning_a100_qwen35,2026-05-11T10:05:24.532007+00:00,classification,cls_008,1,docker_model_runner_local,qwen3.5:9b,Qwen 3.5 9B,qwen3.5,9B,gpu,A100 40GB / Docker Model Runner GPU,65,96,161,1.353454700000384,0.002429238000384082,0.065530734,1.285494728,3.999999989900971e-06,0.943628332,0.341866396,1.353458700000374,1.3632303300000785,,258.19154521445887,258.19154521445887,5.378571428571428,200.6810714285714,247.878,1,cpu:unavailable;gpu:nvml,0.0,1.2909577260722943e-05,0.0,1.2909577260722943e-05,8.018370969393132e-05,1603.6741938786265,,False,,,,,,
lightning_a100_qwen35,2026-05-11T10:05:26.378766+00:00,rag_rank,rag_001,0,docker_model_runner_local,qwen3-embedding:0.6b,Qwen3 Embed 0.6B,qwen3-embedding,0.6B,gpu,A100 40GB / Docker Model Runner GPU,14,0,14,0.10238160099970628,0.0016505719997062795,0.0,0.100731029,0.00043968799991489504,0.0,0.0,0.10282128899962117,0.11340824499984592,,9.210610485882754,9.210610485882754,3.7,90.3595,108.497,1,cpu:unavailable;gpu:nvml,0.0,4.6053052429413765e-07,0.0,4.6053052429413765e-07,3.289503744958126e-05,657.9007489916252,,,How should I explain CPU and GPU energy measurement on the poster?,doc_energy,doc_cpu_gpu|doc_energy|doc_cost,True,,
lightning_a100_qwen35,2026-05-11T10:05:26.493984+00:00,rag_rank,rag_002,0,docker_model_runner_local,qwen3-embedding:0.6b,Qwen3 Embed 0.6B,qwen3-embedding,0.6B,gpu,A100 40GB / Docker Model Runner GPU,11,0,11,0.102293828999791,0.0016224919997910037,0.0,0.100671337,0.00044296799978837953,0.0,0.0,0.10273679699957938,0.11307930900011343,,7.356952529831775,7.356952529831775,1.8,72.222,72.222,1,cpu:unavailable;gpu:nvml,0.0,3.678476264915887e-07,0.0,3.678476264915887e-07,3.344069331741716e-05,668.8138663483431,,,Why can batching make embedding jobs cheaper or faster?,doc_batching,doc_batching|doc_latency|doc_rag,True,,
lightning_a100_qwen35,2026-05-11T10:05:26.609623+00:00,rag_rank,rag_003,0,docker_model_runner_local,qwen3-embedding:0.6b,Qwen3 Embed 0.6B,qwen3-embedding,0.6B,gpu,A100 40GB / Docker Model Runner GPU,15,0,15,0.10326126700010718,0.0016273320001071873,0.0,0.101633935,0.00043424800014690845,0.0,0.0,0.10369551500025409,0.11339360499960094,,7.330314384001617,7.330314384001617,2.8499999999999996,72.222,72.222,1,cpu:unavailable;gpu:nvml,0.0,3.6651571920008084e-07,0.0,3.6651571920008084e-07,2.443438128000539e-05,488.68762560010776,,,Which latency buckets should a Python developer inspect for an LLM call?,doc_latency,doc_latency|doc_classification|doc_rag,True,,
lightning_a100_qwen35,2026-05-11T10:05:26.730348+00:00,rag_rank,rag_004,0,docker_model_runner_local,qwen3-embedding:0.6b,Qwen3 Embed 0.6B,qwen3-embedding,0.6B,gpu,A100 40GB / Docker Model Runner GPU,13,0,13,0.10864832200013552,0.0015726700001355287,0.0,0.107075652,0.0004831900000681344,0.0,0.0,0.10913151200020366,0.11889170099993862,,7.352189205456355,7.352189205456355,5.85,72.52099999999999,72.82,1,cpu:unavailable;gpu:nvml,0.0,3.6760946027281777e-07,0.0,3.6760946027281777e-07,2.827765079021675e-05,565.553015804335,,,"For a short classification task, what usually dominates the request?",doc_classification,doc_classification|doc_latency|doc_rag,True,,
lightning_a100_qwen35,2026-05-11T10:05:26.846741+00:00,rag_rank,rag_001,1,docker_model_runner_local,qwen3-embedding:0.6b,Qwen3 Embed 0.6B,qwen3-embedding,0.6B,gpu,A100 40GB / Docker Model Runner GPU,14,0,14,0.10122212799979025,0.001457018999790241,0.0,0.099765109,0.00037350599995988887,0.0,0.0,0.10159563399975013,0.11114213099972403,,7.592318229220125,7.592318229220125,3.3,74.8685,76.917,1,cpu:unavailable;gpu:nvml,0.0,3.7961591146100626e-07,0.0,3.7961591146100626e-07,2.7115422247214733e-05,542.3084449442946,,,How should I explain CPU and GPU energy measurement on the poster?,doc_energy,doc_cpu_gpu|doc_energy|doc_cost,True,,
lightning_a100_qwen35,2026-05-11T10:05:26.958549+00:00,rag_rank,rag_002,1,docker_model_runner_local,qwen3-embedding:0.6b,Qwen3 Embed 0.6B,qwen3-embedding,0.6B,gpu,A100 40GB / Docker Model Runner GPU,11,0,11,0.10050894300002255,0.0015730300000225544,0.0,0.098935913,0.00039808799965612707,0.0,0.0,0.10090703099967868,0.1102414939996379,,8.3637,8.3637,4.3,83.637,83.637,1,cpu:unavailable;gpu:nvml,0.0,4.1818499999999993e-07,0.0,4.1818499999999993e-07,3.801681818181817e-05,760.3363636363636,,,Why can batching make embedding jobs cheaper or faster?,doc_batching,doc_batching|doc_latency|doc_rag,True,,
lightning_a100_qwen35,2026-05-11T10:05:27.073163+00:00,rag_rank,rag_003,1,docker_model_runner_local,qwen3-embedding:0.6b,Qwen3 Embed 0.6B,qwen3-embedding,0.6B,gpu,A100 40GB / Docker Model Runner GPU,15,0,15,0.10250817299993287,0.0014958099999328733,0.0,0.101012363,0.00045319899982132483,0.0,0.0,0.10296137199975419,0.11286755399987669,,7.287244330487776,7.287244330487776,3.3,71.691,71.691,1,cpu:unavailable;gpu:nvml,0.0,3.6436221652438873e-07,0.0,3.6436221652438873e-07,2.4290814434959248e-05,485.81628869918507,,,Which latency buckets should a Python developer inspect for an LLM call?,doc_latency,doc_latency|doc_classification|doc_rag,True,,
lightning_a100_qwen35,2026-05-11T10:05:27.187532+00:00,rag_rank,rag_004,1,docker_model_runner_local,qwen3-embedding:0.6b,Qwen3 Embed 0.6B,qwen3-embedding,0.6B,gpu,A100 40GB / Docker Model Runner GPU,13,0,13,0.10188089099983699,0.0015846109998369912,0.0,0.10029628,0.0003973279999627266,0.0,0.0,0.10227821899979972,0.11189944500029014,,6.47249974679675,6.47249974679675,4.1,63.7635,71.691,1,cpu:unavailable;gpu:nvml,0.0,3.236249873398375e-07,0.0,3.236249873398375e-07,2.4894229795372115e-05,497.88459590744225,,,"For a short classification task, what usually dominates the request?",doc_classification,doc_classification|doc_latency|doc_rag,True,,
lightning_a100_qwen35,2026-05-11T10:05:29.416647+00:00,rag_rank,rag_001,0,docker_model_runner_local,qwen3-embedding:4b,Qwen3 Embed 4B,qwen3-embedding,4B,gpu,A100 40GB / Docker Model Runner GPU,14,0,14,0.10940070700007709,0.0017629240000770902,0.0,0.107637783,0.0009028680001392786,0.0,0.0,0.11030357500021637,0.12096711100002722,,12.360377043534648,12.360377043534648,3.95,121.614,123.904,1,cpu:unavailable;gpu:nvml,0.0,6.180188521767323e-07,0.0,6.180188521767323e-07,4.414420372690945e-05,882.8840745381891,,,How should I explain CPU and GPU energy measurement on the poster?,doc_energy,doc_cpu_gpu|doc_energy|doc_cost,True,,
lightning_a100_qwen35,2026-05-11T10:05:29.537157+00:00,rag_rank,rag_002,0,docker_model_runner_local,qwen3-embedding:4b,Qwen3 Embed 4B,qwen3-embedding,4B,gpu,A100 40GB / Docker Model Runner GPU,11,0,11,0.10840669700019134,0.0016372030001913368,0.0,0.106769494,0.0008004240003174345,0.0,0.0,0.10920712100050878,0.11887102999980925,,9.623829623502225,9.623829623502225,2.45,94.5735,123.904,1,cpu:unavailable;gpu:nvml,0.0,4.811914811751112e-07,0.0,4.811914811751112e-07,4.37446801068283e-05,874.8936021365658,,,Why can batching make embedding jobs cheaper or faster?,doc_batching,doc_batching|doc_cost|doc_rag,True,,
lightning_a100_qwen35,2026-05-11T10:05:29.657041+00:00,rag_rank,rag_003,0,docker_model_runner_local,qwen3-embedding:4b,Qwen3 Embed 4B,qwen3-embedding,4B,gpu,A100 40GB / Docker Model Runner GPU,15,0,15,0.10794775799968193,0.0015986209996819295,0.0,0.106349137,0.0008038460000534542,0.0,0.0,0.10875160399973538,0.11834307999970406,,7.8087707506161275,7.8087707506161275,3.5,76.3985,79.622,1,cpu:unavailable;gpu:nvml,0.0,3.904385375308064e-07,0.0,3.904385375308064e-07,2.6029235835387095e-05,520.5847167077419,,,Which latency buckets should a Python developer inspect for an LLM call?,doc_latency,doc_latency|doc_batching|doc_rag,True,,
lightning_a100_qwen35,2026-05-11T10:05:29.786864+00:00,rag_rank,rag_004,0,docker_model_runner_local,qwen3-embedding:4b,Qwen3 Embed 4B,qwen3-embedding,4B,gpu,A100 40GB / Docker Model Runner GPU,13,0,13,0.11713493700017352,0.0017306640001735207,0.0,0.115404273,0.0008255160000771866,0.0,0.0,0.11796045300025071,0.12759731200003444,,9.58652859641548,9.58652859641548,5.4,94.1155,108.609,1,cpu:unavailable;gpu:nvml,0.0,4.79326429820774e-07,0.0,4.79326429820774e-07,3.6871263832367235e-05,737.4252766473446,,,"For a short classification task, what usually dominates the request?",doc_classification,doc_classification|doc_batching|doc_summarization,True,,
lightning_a100_qwen35,2026-05-11T10:05:29.905631+00:00,rag_rank,rag_001,1,docker_model_runner_local,qwen3-embedding:4b,Qwen3 Embed 4B,qwen3-embedding,4B,gpu,A100 40GB / Docker Model Runner GPU,14,0,14,0.10646904900022491,0.001762083000224915,0.0,0.104706966,0.0007889549997344147,0.0,0.0,0.10725800399995933,0.11730558999988716,,9.134610998491873,9.134610998491873,2.95,90.014,108.609,1,cpu:unavailable;gpu:nvml,0.0,4.5673054992459366e-07,0.0,4.5673054992459366e-07,3.2623610708899544e-05,652.472214177991,,,How should I explain CPU and GPU energy measurement on the poster?,doc_energy,doc_cpu_gpu|doc_energy|doc_cost,True,,
lightning_a100_qwen35,2026-05-11T10:05:30.022921+00:00,rag_rank,rag_002,1,docker_model_runner_local,qwen3-embedding:4b,Qwen3 Embed 4B,qwen3-embedding,4B,gpu,A100 40GB / Docker Model Runner GPU,11,0,11,0.10525267599996369,0.0017139939999636783,0.0,0.103538682,0.0007885859999987588,0.0,0.0,0.10604126199996244,0.1157550100001572,,7.250819846619982,7.250819846619982,2.5999999999999996,71.555,71.691,1,cpu:unavailable;gpu:nvml,0.0,3.625409923309991e-07,0.0,3.625409923309991e-07,3.295827203009083e-05,659.1654406018166,,,Why can batching make embedding jobs cheaper or faster?,doc_batching,doc_batching|doc_cost|doc_rag,True,,
lightning_a100_qwen35,2026-05-11T10:05:30.141838+00:00,rag_rank,rag_003,1,docker_model_runner_local,qwen3-embedding:4b,Qwen3 Embed 4B,qwen3-embedding,4B,gpu,A100 40GB / Docker Model Runner GPU,15,0,15,0.10693913000022803,0.001631144000228027,0.0,0.105307986,0.0007692560002396931,0.0,0.0,0.10770838600046773,0.11741530300014347,,7.275592920029083,7.275592920029083,3.0,71.7935,71.896,1,cpu:unavailable;gpu:nvml,0.0,3.637796460014542e-07,0.0,3.637796460014542e-07,2.4251976400096946e-05,485.03952800193883,,,Which latency buckets should a Python developer inspect for an LLM call?,doc_latency,doc_latency|doc_batching|doc_rag,True,,
lightning_a100_qwen35,2026-05-11T10:05:30.264010+00:00,rag_rank,rag_004,1,docker_model_runner_local,qwen3-embedding:4b,Qwen3 Embed 4B,qwen3-embedding,4B,gpu,A100 40GB / Docker Model Runner GPU,13,0,13,0.11007298899994566,0.0016796119999456655,0.0,0.108393377,0.0008017649997782428,0.0,0.0,0.11087475399972391,0.12044925199961654,,7.808894433849094,7.808894433849094,3.75,77.0985,80.826,1,cpu:unavailable;gpu:nvml,0.0,3.9044472169245464e-07,0.0,3.9044472169245464e-07,3.0034209360958048e-05,600.684187219161,,,"For a short classification task, what usually dominates the request?",doc_classification,doc_classification|doc_batching|doc_summarization,True,,
lightning_a100_qwen35,2026-05-11T10:05:31.714413+00:00,batch_embeddings,batch_0,0,docker_model_runner_local,qwen3-embedding:0.6b,Qwen3 Embed 0.6B,qwen3-embedding,0.6B,gpu,A100 40GB / Docker Model Runner GPU,196,0,196,1.4375584539998272,0.0019181479998271467,0.0,1.435640306,7.099997674231417e-07,0.0,0.0,1.4375591639995946,1.447552647000066,,106.89686318180576,106.89686318180576,3.9266666666666667,76.06046666666666,116.253,1,cpu:unavailable;gpu:nvml,0.0,5.344843159090287e-06,0.0,5.344843159090287e-06,2.7269607954542282e-05,545.3921590908457,,,,,,,4.0,1024.0
lightning_a100_qwen35,2026-05-11T10:05:31.859932+00:00,batch_embeddings,batch_1,0,docker_model_runner_local,qwen3-embedding:0.6b,Qwen3 Embed 0.6B,qwen3-embedding,0.6B,gpu,A100 40GB / Docker Model Runner GPU,163,0,163,0.13348184400001628,0.0019099270000162705,0.0,0.131571917,7.010003173490986e-07,0.0,0.0,0.13348254500033363,0.14374227400003292,,7.333269963241024,7.333269963241024,2.9000000000000004,71.994,72.569,1,cpu:unavailable;gpu:nvml,0.0,3.666634981620512e-07,0.0,3.666634981620512e-07,2.249469313877615e-06,44.9893862775523,,,,,,,4.0,1024.0
lightning_a100_qwen35,2026-05-11T10:05:32.009078+00:00,batch_embeddings,batch_2,0,docker_model_runner_local,qwen3-embedding:0.6b,Qwen3 Embed 0.6B,qwen3-embedding,0.6B,gpu,A100 40GB / Docker Model Runner GPU,330,0,330,0.13715664500023195,0.0018180850002319504,0.0,0.13533856,8.000001798791345e-07,0.0,0.0,0.13715744500041183,0.14690481500019814,,7.968954434588908,7.968954434588908,5.75,78.667,85.717,1,cpu:unavailable;gpu:nvml,0.0,3.984477217294454e-07,0.0,3.984477217294454e-07,1.207417338574077e-06,24.14834677148154,,,,,,,3.0,1024.0
lightning_a100_qwen35,2026-05-11T10:05:32.157023+00:00,batch_embeddings,batch_0,1,docker_model_runner_local,qwen3-embedding:0.6b,Qwen3 Embed 0.6B,qwen3-embedding,0.6B,gpu,A100 40GB / Docker Model Runner GPU,196,0,196,0.13562382700001763,0.0022041540000176385,0.0,0.133419673,5.599999894911889e-07,0.0,0.0,0.13562438700000712,0.1458256440000696,,8.334082419223694,8.334082419223694,3.5,81.65950000000001,85.717,1,cpu:unavailable;gpu:nvml,0.0,4.167041209611847e-07,0.0,4.167041209611847e-07,2.1260414334754323e-06,42.520828669508646,,,,,,,4.0,1024.0
lightning_a100_qwen35,2026-05-11T10:05:32.302224+00:00,batch_embeddings,batch_1,1,docker_model_runner_local,qwen3-embedding:0.6b,Qwen3 Embed 0.6B,qwen3-embedding,0.6B,gpu,A100 40GB / Docker Model Runner GPU,163,0,163,0.1332982910003011,0.001993019000301105,0.0,0.131305272,6.700001904391684e-07,0.0,0.0,0.13329896100049154,0.14317603199970108,,7.775923683570106,7.775923683570106,3.25,76.61850000000001,81.62,1,cpu:unavailable;gpu:nvml,0.0,3.8879618417850533e-07,0.0,3.8879618417850533e-07,2.3852526636718117e-06,47.705053273436235,,,,,,,4.0,1024.0
lightning_a100_qwen35,2026-05-11T10:05:32.445423+00:00,batch_embeddings,batch_2,1,docker_model_runner_local,qwen3-embedding:0.6b,Qwen3 Embed 0.6B,qwen3-embedding,0.6B,gpu,A100 40GB / Docker Model Runner GPU,330,0,330,0.13157517699983146,0.0017340019998314526,0.0,0.129841175,6.509999366244301e-07,0.0,0.0,0.13157582799976808,0.14165380299982644,,8.617722669589554,8.617722669589554,3.15,84.5415,87.463,1,cpu:unavailable;gpu:nvml,0.0,4.3088613347947773e-07,0.0,4.3088613347947773e-07,1.3057155559984175e-06,26.114311119968345,,,,,,,3.0,1024.0
lightning_a100_qwen35,2026-05-11T10:05:34.505574+00:00,batch_embeddings,batch_0,0,docker_model_runner_local,qwen3-embedding:4b,Qwen3 Embed 4B,qwen3-embedding,4B,gpu,A100 40GB / Docker Model Runner GPU,196,0,196,2.0471859540002697,0.0026110090002697817,0.0,2.044574945,7.700000423938036e-07,0.0,0.0,2.047186724000312,2.057792241000243,,124.4132554315978,124.4132554315978,4.266666666666667,62.33680952380953,76.917,1,cpu:unavailable;gpu:nvml,0.0,6.220662771579889e-06,0.0,6.220662771579889e-06,3.173807536520351e-05,634.7615073040704,,,,,,,4.0,2560.0
lightning_a100_qwen35,2026-05-11T10:05:34.692027+00:00,batch_embeddings,batch_1,0,docker_model_runner_local,qwen3-embedding:4b,Qwen3 Embed 4B,qwen3-embedding,4B,gpu,A100 40GB / Docker Model Runner GPU,163,0,163,0.17328733800013651,0.0025862900001365208,0.0,0.170701048,8.689999049238395e-07,0.0,0.0,0.17328820700004144,0.18424448199994004,,10.792347459612,10.792347459612,3.25,106.2315,141.642,1,cpu:unavailable;gpu:nvml,0.0,5.396173729806e-07,0.0,5.396173729806e-07,3.310536030555828e-06,66.21072061111656,,,,,,,4.0,2560.0
lightning_a100_qwen35,2026-05-11T10:05:34.887321+00:00,batch_embeddings,batch_2,0,docker_model_runner_local,qwen3-embedding:4b,Qwen3 Embed 4B,qwen3-embedding,4B,gpu,A100 40GB / Docker Model Runner GPU,330,0,330,0.18322877099990365,0.0022303539999036504,0.0,0.180998417,6.699997356918175e-07,0.0,0.0,0.18322944099963934,0.19370698500006256,,11.2144916437145,11.2144916437145,4.35,110.14349999999999,148.868,1,cpu:unavailable;gpu:nvml,0.0,5.60724582185725e-07,0.0,5.60724582185725e-07,1.699165400562803e-06,33.98330801125606,,,,,,,3.0,2560.0
lightning_a100_qwen35,2026-05-11T10:05:35.080458+00:00,batch_embeddings,batch_0,1,docker_model_runner_local,qwen3-embedding:4b,Qwen3 Embed 4B,qwen3-embedding,4B,gpu,A100 40GB / Docker Model Runner GPU,196,0,196,0.1802078129999245,0.0024367379999244987,0.0,0.177771075,9.200002750731073e-07,0.0,0.0,0.18020873300019957,0.190721176000352,,11.361936159805309,11.361936159805309,4.1,112.19200000000001,152.965,1,cpu:unavailable;gpu:nvml,0.0,5.680968079902653e-07,0.0,5.680968079902653e-07,2.8984531019911496e-06,57.969062039823,,,,,,,4.0,2560.0
lightning_a100_qwen35,2026-05-11T10:05:35.263291+00:00,batch_embeddings,batch_1,1,docker_model_runner_local,qwen3-embedding:4b,Qwen3 Embed 4B,qwen3-embedding,4B,gpu,A100 40GB / Docker Model Runner GPU,163,0,163,0.17016322600011335,0.002564698000113358,0.0,0.167598528,7.20000116416486e-07,0.0,0.0,0.17016394600022977,0.1810403290000977,,8.728664086004114,8.728664086004114,3.75,86.05250000000001,100.686,1,cpu:unavailable;gpu:nvml,0.0,4.364332043002057e-07,0.0,4.364332043002057e-07,2.6775043208601575e-06,53.55008641720316,,,,,,,4.0,2560.0
lightning_a100_qwen35,2026-05-11T10:05:35.456314+00:00,batch_embeddings,batch_2,1,docker_model_runner_local,qwen3-embedding:4b,Qwen3 Embed 4B,qwen3-embedding,4B,gpu,A100 40GB / Docker Model Runner GPU,330,0,330,0.18081840400009241,0.00216909100009241,0.0,0.178649313,7.20000116416486e-07,0.0,0.0,0.18081912400020883,0.1912277059996086,,10.127316737147316,10.127316737147316,3.3,99.813,100.686,1,cpu:unavailable;gpu:nvml,0.0,5.063658368573658e-07,0.0,5.063658368573658e-07,1.5344419298708054e-06,30.688838597416108,,,,,,,3.0,2560.0
