run_id,timestamp_utc,workload,item_id,repeat,provider,model,model_label,model_family,model_size,hardware_profile,hardware_label,input_tokens,output_tokens,total_tokens,request_wall_s,network_s,tokenization_s,inference_s,postprocess_s,decode_s,backend_overhead_s,total_latency_s,elapsed_s,cpu_energy_j,gpu_energy_j,total_energy_j,cpu_util_avg_pct,gpu_power_avg_w,gpu_power_peak_w,gpu_count,energy_source,api_cost_usd,energy_cost_usd,hardware_cost_usd,total_cost_usd,cost_per_1k_tokens_usd,energy_j_per_1k_tokens,parsed_label,is_correct,query,expected_doc_id,retrieved_ids,retrieved_expected,batch_size,vector_dim,active_device_energy_j,active_device_energy_j_per_1k_tokens,gpu_idle_power_w_used,net_gpu_energy_j
lightning_a100_qwen35,2026-05-11T09:45:47.512478+00:00,chat,chat_001,0,ollama_local,qwen3.5:0.8b,Qwen 3.5 0.8B,qwen3.5,0.8B,cpu,CPU / num_gpu=0,59,96,155,7.003047753000146,0.0026526900001462,0.177372244,6.823022819,1.9499998415994924e-06,4.146080782,2.676942037,7.003049702999988,7.0144683139999415,283.38852815320564,323.5246626123855,606.9131907655911,33.667142857142856,46.625571428571426,46.653,1,cpu:tdp_estimate_120w;gpu:nvml,0.0,3.0345659538279556e-05,0.0,3.0345659538279556e-05,0.000195778448634,3915.5689726812334,,,,,,,,,283.38852815320564,1828.3130848593912,46.69138954248366,0.0
lightning_a100_qwen35,2026-05-11T09:45:52.242120+00:00,chat,chat_002,0,ollama_local,qwen3.5:0.8b,Qwen 3.5 0.8B,qwen3.5,0.8B,cpu,CPU / num_gpu=0,52,96,148,4.715960859999996,0.0025216599999957,0.160201958,4.553237242,2.2900001113157487e-06,4.122110758,0.431126484,4.715963150000107,4.727008805999958,274.0739820649865,215.80039015394732,489.87437221893384,48.317021276595746,46.651978723404255,46.653,1,cpu:tdp_estimate_120w;gpu:nvml,0.0,2.449371861094669e-05,0.0,2.449371861094669e-05,0.0001654980987226,3309.9619744522556,,,,,,,,,274.0739820649865,1851.851230168828,46.69138954248366,0.0
lightning_a100_qwen35,2026-05-11T09:45:56.946941+00:00,chat,chat_003,0,ollama_local,qwen3.5:0.8b,Qwen 3.5 0.8B,qwen3.5,0.8B,cpu,CPU / num_gpu=0,54,96,150,4.692120965000186,0.0055684580001855,0.168295138,4.518257369,1.7509998997411458e-06,4.133988053,0.3842693159999992,4.692122716000085,4.7023158639999565,276.7122792343941,215.9586034554273,492.6708826898214,49.03829787234043,46.64891489361702,46.653,1,cpu:tdp_estimate_120w;gpu:nvml,0.0,2.4633544134491066e-05,0.0,2.4633544134491066e-05,0.0001642236275632,3284.472551265476,,,,,,,,,276.7122792343941,1844.748528229294,46.69138954248366,0.0
lightning_a100_qwen35,2026-05-11T09:46:01.649769+00:00,chat,chat_004,0,ollama_local,qwen3.5:0.8b,Qwen 3.5 0.8B,qwen3.5,0.8B,cpu,CPU / num_gpu=0,50,96,146,4.687774340000033,0.0023976170000326,0.153513409,4.531863314,2.029999905062141e-06,4.157324031,0.3745392829999998,4.687776369999938,4.700153010999884,276.66900681345277,215.72168723186928,492.3906940453221,49.0531914893617,46.61317021276596,46.653,1,cpu:tdp_estimate_120w;gpu:nvml,0.0,2.46195347022661e-05,0.0,2.46195347022661e-05,0.0001686269500155,3372.5390003104253,,,,,,,,,276.66900681345277,1894.993197352416,46.69138954248366,0.0
lightning_a100_qwen35,2026-05-11T09:46:06.445052+00:00,chat,chat_005,0,ollama_local,qwen3.5:0.8b,Qwen 3.5 0.8B,qwen3.5,0.8B,cpu,CPU / num_gpu=0,66,96,162,4.778275856999926,0.0025267999999263,0.244977443,4.530771614,1.8089999684889335e-06,4.137266074,0.3935055399999996,4.7782776659998945,4.7897709119999945,281.5187853527996,220.56763814957264,502.0864235023722,48.979166666666664,46.599999999999994,46.605,1,cpu:tdp_estimate_120w;gpu:nvml,0.0,2.510432117511861e-05,0.0,2.510432117511861e-05,0.0001549649455254,3099.2989105084707,,,,,,,,,281.5187853527996,1737.7702799555532,46.69138954248366,0.0
lightning_a100_qwen35,2026-05-11T09:46:11.187934+00:00,chat,chat_001,1,ollama_local,qwen3.5:0.8b,Qwen 3.5 0.8B,qwen3.5,0.8B,cpu,CPU / num_gpu=0,59,96,155,4.729537005000111,0.0024326380001111,0.170829617,4.55627475,2.009000127145555e-06,4.168675255,0.3875994949999999,4.729539014000238,4.740438019000067,279.40343404753156,215.76479327616704,495.1682273236986,49.11702127659574,46.605,46.605,1,cpu:tdp_estimate_120w;gpu:nvml,0.0,2.475841136618493e-05,0.0,2.475841136618493e-05,0.0001597316862334,3194.633724669023,,,,,,,,,279.40343404753156,1802.6028003066551,46.69138954248366,0.0
lightning_a100_qwen35,2026-05-11T09:46:16.016636+00:00,chat,chat_002,1,ollama_local,qwen3.5:0.8b,Qwen 3.5 0.8B,qwen3.5,0.8B,cpu,CPU / num_gpu=0,52,96,148,4.8148700009999175,0.0024811879999173,0.163850201,4.648538612,1.8000000636675395e-06,4.258024789,0.390513823,4.814871800999981,4.826229282999975,285.20601947888355,220.18264571780824,505.3886651966918,49.24583333333334,46.576,46.605,1,cpu:tdp_estimate_120w;gpu:nvml,0.0,2.526943325983459e-05,0.0,2.526943325983459e-05,0.0001707394139178,3414.788278356026,,,,,,,,,285.20601947888355,1927.0676991816456,46.69138954248366,0.0
lightning_a100_qwen35,2026-05-11T09:46:20.982975+00:00,chat,chat_003,1,ollama_local,qwen3.5:0.8b,Qwen 3.5 0.8B,qwen3.5,0.8B,cpu,CPU / num_gpu=0,54,96,150,4.952115612999933,0.0028973859999323,0.174263924,4.774954303,1.7410000054951524e-06,4.376416161,0.3985381420000005,4.952117353999938,4.963524155999949,291.50975909153937,229.5311425532581,521.0409016447975,48.942,46.58483999999999,46.605,1,cpu:tdp_estimate_120w;gpu:nvml,0.0,2.6052045082239873e-05,0.0,2.6052045082239873e-05,0.0001736803005482,3473.6060109653163,,,,,,,,,291.50975909153937,1943.3983939435957,46.69138954248366,0.0
lightning_a100_qwen35,2026-05-11T09:46:25.678599+00:00,chat,chat_004,1,ollama_local,qwen3.5:0.8b,Qwen 3.5 0.8B,qwen3.5,0.8B,cpu,CPU / num_gpu=0,50,96,146,4.682416633999992,0.0026179389999922,0.154723682,4.5250750129999995,2.008999899771879e-06,4.137663253,0.3874117599999991,4.682418642999892,4.693173104999914,275.97056114362476,215.6943792082884,491.6649403519132,49.00212765957447,46.59172340425531,46.605,1,cpu:tdp_estimate_120w;gpu:nvml,0.0,2.4583247017595657e-05,0.0,2.4583247017595657e-05,0.0001683784042301,3367.568084602145,,,,,,,,,275.97056114362476,1890.2093229015395,46.69138954248366,0.0
lightning_a100_qwen35,2026-05-11T09:46:30.473951+00:00,chat,chat_005,1,ollama_local,qwen3.5:0.8b,Qwen 3.5 0.8B,qwen3.5,0.8B,cpu,CPU / num_gpu=0,66,96,162,4.781974239999954,0.0026412029999542,0.236939427,4.5423936099999995,1.978999989660224e-06,4.145073103,0.3973205069999999,4.781976218999944,4.792851142000018,282.119200345976,220.2354100072467,502.3546103532227,49.052083333333336,46.613,46.701,1,cpu:tdp_estimate_120w;gpu:nvml,0.0,2.5117730517661137e-05,0.0,2.5117730517661137e-05,0.0001550477192448,3100.9543848964363,,,,,,,,,282.119200345976,1741.476545345531,46.69138954248366,0.0
lightning_a100_qwen35,2026-05-11T09:46:45.812135+00:00,chat,chat_001,0,ollama_local,qwen3.5:4b,Qwen 3.5 4B,qwen3.5,4B,cpu,CPU / num_gpu=0,59,96,155,15.324683314999902,0.0025810199999014,0.779948734,14.542153561,2.1500000002561137e-06,10.821270511,3.720883050000001,15.324685464999902,15.335647338999934,771.4011030897425,712.338614687195,1483.7397177769376,41.917647058823526,46.69137908496732,46.749,1,cpu:tdp_estimate_120w;gpu:nvml,0.0,7.418698588884688e-05,0.0,7.418698588884688e-05,0.0004786257154119,9572.514308238307,,,,,,,,,771.4011030897425,4976.781310256403,46.69138954248366,0.0
lightning_a100_qwen35,2026-05-11T09:46:57.758127+00:00,chat,chat_002,0,ollama_local,qwen3.5:4b,Qwen 3.5 4B,qwen3.5,4B,cpu,CPU / num_gpu=0,52,96,148,11.932657244000213,0.0026609910002104,0.690875294,11.239120959,1.9290000636829063e-06,10.854758239,0.3843627200000004,11.932659173000276,11.943444475999968,743.4523200594979,553.1954200299252,1296.6477400894232,51.87310924369748,46.69333613445378,46.701,1,cpu:tdp_estimate_120w;gpu:nvml,0.0,6.483238700447116e-05,0.0,6.483238700447116e-05,0.0004380566689491,8761.133378982588,,,,,,,,,743.4523200594979,5023.326486888499,46.69138954248366,0.0
lightning_a100_qwen35,2026-05-11T09:47:09.805075+00:00,chat,chat_003,0,ollama_local,qwen3.5:4b,Qwen 3.5 4B,qwen3.5,4B,cpu,CPU / num_gpu=0,54,96,150,12.030238202999954,0.0056491599999528,0.706835605,11.317753438,1.7099998785852222e-06,10.923342682,0.394410756000001,12.030239912999832,12.041319538000153,749.3433561692875,557.5917628405459,1306.9351190098334,51.85916666666667,46.6702,46.749,1,cpu:tdp_estimate_120w;gpu:nvml,0.0,6.534675595049167e-05,0.0,6.534675595049167e-05,0.0004356450396699,8712.900793398889,,,,,,,,,749.3433561692875,4995.6223744619165,46.69138954248366,0.0
lightning_a100_qwen35,2026-05-11T09:47:21.787195+00:00,chat,chat_004,0,ollama_local,qwen3.5:4b,Qwen 3.5 4B,qwen3.5,4B,cpu,CPU / num_gpu=0,50,96,146,11.969339189000038,0.0025234290000391,0.674510907,11.292304853,1.8190000901086023e-06,10.926316952,0.3659879009999986,11.969341008000129,11.97963611,746.58290201131,557.9172447011213,1304.5001467124312,51.93416666666667,46.6926,46.749,1,cpu:tdp_estimate_120w;gpu:nvml,0.0,6.522500733562156e-05,0.0,6.522500733562156e-05,0.0004467466255864,8934.93251172898,,,,,,,,,746.58290201131,5113.581520625411,46.69138954248366,0.0
lightning_a100_qwen35,2026-05-11T09:47:34.107748+00:00,chat,chat_005,0,ollama_local,qwen3.5:4b,Qwen 3.5 4B,qwen3.5,4B,cpu,CPU / num_gpu=0,66,96,162,12.305082984000135,0.002316685000137,0.9783056,11.324460699,2.2199999420990935e-06,10.950302972,0.374157727,12.30508520400008,12.31763429800003,768.8126554622927,572.1734106116916,1340.986066073984,52.0130081300813,46.691504065040654,46.749,1,cpu:tdp_estimate_120w;gpu:nvml,0.0,6.70493033036992e-05,0.0,6.70493033036992e-05,0.0004138845882944,8277.69176588879,,,,,,,,,768.8126554622927,4745.757132483289,46.69138954248366,0.0
lightning_a100_qwen35,2026-05-11T09:47:46.071092+00:00,chat,chat_001,1,ollama_local,qwen3.5:4b,Qwen 3.5 4B,qwen3.5,4B,cpu,CPU / num_gpu=0,59,96,155,11.948040256000011,0.0025046890000126,0.759694373,11.185841194,1.6799999684735667e-06,10.813323343,0.3725178509999995,11.94804193599998,11.96088276599994,744.9479014552481,553.1775491049453,1298.1254505601937,51.90168067226891,46.68217647058824,46.749,1,cpu:tdp_estimate_120w;gpu:nvml,0.0,6.490627252800967e-05,0.0,6.490627252800967e-05,0.0004187501453419,8375.002906839958,,,,,,,,,744.9479014552481,4806.1154932596655,46.69138954248366,0.0
lightning_a100_qwen35,2026-05-11T09:47:58.065605+00:00,chat,chat_002,1,ollama_local,qwen3.5:4b,Qwen 3.5 4B,qwen3.5,4B,cpu,CPU / num_gpu=0,52,96,148,11.98188562600012,0.0024232680001219,0.694656119,11.284806239,2.100000074278796e-06,10.894384508,0.390421731,11.981887726000195,11.992042163000178,747.212155134378,557.7416064550032,1304.9537615893812,51.924166666666665,46.68326666666667,46.749,1,cpu:tdp_estimate_120w;gpu:nvml,0.0,6.524768807946906e-05,0.0,6.524768807946906e-05,0.0004408627572937,8817.255145874198,,,,,,,,,747.212155134378,5048.730777934987,46.69138954248366,0.0
lightning_a100_qwen35,2026-05-11T09:48:09.999426+00:00,chat,chat_003,1,ollama_local,qwen3.5:4b,Qwen 3.5 4B,qwen3.5,4B,cpu,CPU / num_gpu=0,54,96,150,11.920393015999936,0.002669371999934,0.712860882,11.204862762,2.0099998891964788e-06,10.83139335,0.3734694120000004,11.920395025999824,11.93131353800004,743.4431544469518,553.1332154068132,1296.5763698537648,51.925210084033615,46.683789915966386,46.701,1,cpu:tdp_estimate_120w;gpu:nvml,0.0,6.482881849268824e-05,0.0,6.482881849268824e-05,0.0004321921232845,8643.842465691765,,,,,,,,,743.4431544469518,4956.287696313012,46.69138954248366,0.0
lightning_a100_qwen35,2026-05-11T09:48:21.910035+00:00,chat,chat_004,1,ollama_local,qwen3.5:4b,Qwen 3.5 4B,qwen3.5,4B,cpu,CPU / num_gpu=0,50,96,146,11.896751646999974,0.0026556919999745,0.669103803,11.224992152,1.8199998521595264e-06,10.853486432,0.3715057199999982,11.896753466999826,11.908063197000049,741.9944198378117,552.6424318075154,1294.6368516453272,51.925210084033615,46.65219327731092,46.701,1,cpu:tdp_estimate_120w;gpu:nvml,0.0,6.473184258226636e-05,0.0,6.473184258226636e-05,0.00044336878481,8867.37569620087,,,,,,,,,741.9944198378117,5082.153560532957,46.69138954248366,0.0
lightning_a100_qwen35,2026-05-11T09:48:34.111656+00:00,chat,chat_005,1,ollama_local,qwen3.5:4b,Qwen 3.5 4B,qwen3.5,4B,cpu,CPU / num_gpu=0,66,96,162,12.187895406999814,0.0033116249998137,0.972364449,11.212219333,2.1400001060101204e-06,10.843245502,0.3689738309999999,12.18789754699992,12.199084844000026,760.4549518754219,566.4587729612542,1326.913724836676,51.94754098360656,46.61168852459016,46.701,1,cpu:tdp_estimate_120w;gpu:nvml,0.0,6.63456862418338e-05,0.0,6.63456862418338e-05,0.0004095412730977,8190.82546195479,,,,,,,,,760.4549518754219,4694.16636960137,46.69138954248366,0.0
lightning_a100_qwen35,2026-05-11T09:48:51.586563+00:00,chat,chat_001,0,ollama_local,qwen3.5:9b,Qwen 3.5 9B,qwen3.5,9B,cpu,CPU / num_gpu=0,59,96,155,17.46115176000012,0.0026874220001218,1.200508435,16.257955903,1.720000000204891e-06,12.641004666,3.6169512369999985,17.46115348000012,17.472336696999946,931.769591332564,809.3342927323937,1741.1038840649578,44.44022988505748,46.585689655172416,46.701,1,cpu:tdp_estimate_120w;gpu:nvml,0.0,8.705519420324788e-05,0.0,8.705519420324788e-05,0.0005616464142145,11232.92828429005,,,,,,,,,931.769591332564,6011.416718274607,46.69138954248366,0.0
lightning_a100_qwen35,2026-05-11T09:49:05.906619+00:00,chat,chat_002,0,ollama_local,qwen3.5:9b,Qwen 3.5 9B,qwen3.5,9B,cpu,CPU / num_gpu=0,52,96,148,14.302681907000078,0.0037745130000779,1.07246775,13.226439644,1.86900001608592e-06,12.832396862,0.3940427820000014,14.302683776000094,14.314808472000095,896.9318636465716,665.9374847224535,1562.8693483690251,52.21468531468531,46.6963006993007,46.749,1,cpu:tdp_estimate_120w;gpu:nvml,0.0,7.814346741845125e-05,0.0,7.814346741845125e-05,0.000527996401476,10559.92802952044,,,,,,,,,896.9318636465716,6060.350430044404,46.69138954248366,0.0
lightning_a100_qwen35,2026-05-11T09:49:19.992239+00:00,chat,chat_003,0,ollama_local,qwen3.5:9b,Qwen 3.5 9B,qwen3.5,9B,cpu,CPU / num_gpu=0,54,96,150,14.069665170999995,0.0024221869999969,1.100562848,12.966680136,2.5099998310906813e-06,12.550706809,0.4159733270000014,14.069667680999828,14.08021378400008,878.9408686202875,656.2628405174157,1535.2037091377033,52.01985815602837,46.68397872340425,46.749,1,cpu:tdp_estimate_120w;gpu:nvml,0.0,7.676018545688516e-05,0.0,7.676018545688516e-05,0.0005117345697125,10234.691394251357,,,,,,,,,878.9408686202875,5859.605790801917,46.69138954248366,0.0
lightning_a100_qwen35,2026-05-11T09:49:33.965301+00:00,chat,chat_004,0,ollama_local,qwen3.5:9b,Qwen 3.5 9B,qwen3.5,9B,cpu,CPU / num_gpu=0,50,96,146,13.95934000300008,0.0033250950000791,1.03570796,12.920306948,2.240000185338431e-06,12.557400406,0.362906542000001,13.959342243000265,13.970294316000036,875.7219119294697,651.7036488507156,1527.4255607801852,52.23714285714286,46.68831428571429,46.749,1,cpu:tdp_estimate_120w;gpu:nvml,0.0,7.637127803900926e-05,0.0,7.637127803900926e-05,0.0005230909454726,10461.818909453325,,,,,,,,,875.7219119294697,5998.095287188148,46.69138954248366,0.0
lightning_a100_qwen35,2026-05-11T09:49:48.610417+00:00,chat,chat_005,0,ollama_local,qwen3.5:9b,Qwen 3.5 9B,qwen3.5,9B,cpu,CPU / num_gpu=0,66,96,162,14.631375130999912,0.0025934709999138,1.512500107,13.116281553,1.559999873279594e-06,12.738762442,0.3775191109999998,14.631376690999788,14.641955905000032,918.2070835394732,679.5470345720125,1597.7541181114857,52.25890410958904,46.66976712328767,46.701,1,cpu:tdp_estimate_120w;gpu:nvml,0.0,7.988770590557429e-05,0.0,7.988770590557429e-05,0.0004931339870714,9862.679741428925,,,,,,,,,918.2070835394732,5667.944960120205,46.69138954248366,0.0
lightning_a100_qwen35,2026-05-11T09:50:02.935678+00:00,chat,chat_001,1,ollama_local,qwen3.5:9b,Qwen 3.5 9B,qwen3.5,9B,cpu,CPU / num_gpu=0,59,96,155,14.311534914000047,0.0027175130000482,1.189346876,13.119470525,1.939999947353499e-06,12.74965222,0.3698183050000008,14.311536853999996,14.32272573199998,897.5601501098976,665.830304466137,1563.3904545760347,52.22237762237762,46.68186713286713,46.701,1,cpu:tdp_estimate_120w;gpu:nvml,0.0,7.816952272880173e-05,0.0,7.816952272880173e-05,0.0005043195014761,10086.390029522803,,,,,,,,,897.5601501098976,5790.710645870307,46.69138954248366,0.0
lightning_a100_qwen35,2026-05-11T09:50:17.201324+00:00,chat,chat_002,1,ollama_local,qwen3.5:9b,Qwen 3.5 9B,qwen3.5,9B,cpu,CPU / num_gpu=0,52,96,148,14.252044674000215,0.0030015590002179,1.075046623,13.173996492,2.6779999870996107e-05,12.810295916,0.3637005759999994,14.252071454000088,14.263157367000076,894.1312196969855,661.0199675371865,1555.151187234172,52.24014084507043,46.68511267605634,46.749,1,cpu:tdp_estimate_120w;gpu:nvml,0.0,7.77575593617086e-05,0.0,7.77575593617086e-05,0.0005253889146061,10507.778292122784,,,,,,,,,894.1312196969855,6041.427160114767,46.69138954248366,0.0
lightning_a100_qwen35,2026-05-11T09:50:31.336051+00:00,chat,chat_003,1,ollama_local,qwen3.5:9b,Qwen 3.5 9B,qwen3.5,9B,cpu,CPU / num_gpu=0,54,96,150,14.1180783169998,0.0062034989997989,1.103868291,13.008006527,2.060000042547472e-06,12.628608881,0.379397646000001,14.118080376999842,14.12918700299997,884.9079757878875,655.8762759393794,1540.784251727267,52.191489361702125,46.65265957446808,46.701,1,cpu:tdp_estimate_120w;gpu:nvml,0.0,7.703921258636335e-05,0.0,7.703921258636335e-05,0.0005135947505757,10271.895011515113,,,,,,,,,884.9079757878875,5899.386505252583,46.69138954248366,0.0
lightning_a100_qwen35,2026-05-11T09:50:45.684708+00:00,chat,chat_004,1,ollama_local,qwen3.5:9b,Qwen 3.5 9B,qwen3.5,9B,cpu,CPU / num_gpu=0,50,96,146,14.335446518000026,0.002813704000026,1.035967936,13.296664878,2.269999868076411e-06,12.905634513,0.3910303649999989,14.335448787999894,14.34629924800015,898.9651950601403,665.3535925580187,1564.3187876181591,52.21818181818182,46.653,46.701,1,cpu:tdp_estimate_120w;gpu:nvml,0.0,7.821593938090796e-05,0.0,7.821593938090796e-05,0.0005357256121979,10714.512243959996,,,,,,,,,898.9651950601403,6157.295856576304,46.69138954248366,0.0
lightning_a100_qwen35,2026-05-11T09:51:00.325605+00:00,chat,chat_005,1,ollama_local,qwen3.5:9b,Qwen 3.5 9B,qwen3.5,9B,cpu,CPU / num_gpu=0,66,96,162,14.626026756999863,0.0029535359998629,1.506302127,13.116771094,1.8799998997565128e-06,12.717005923,0.3997651710000003,14.626028636999765,14.638346786000056,917.0783893720128,679.2907200323626,1596.3691094043754,52.20753424657534,46.655410958904106,46.749,1,cpu:tdp_estimate_120w;gpu:nvml,0.0,7.981845547021877e-05,0.0,7.981845547021877e-05,0.0004927065152482,9854.130304965282,,,,,,,,,917.0783893720128,5660.9777121729185,46.69138954248366,0.0
lightning_a100_qwen35,2026-05-11T09:51:05.337003+00:00,summarization,classroom_notebooks,0,ollama_local,qwen3.5:0.8b,Qwen 3.5 0.8B,qwen3.5,0.8B,cpu,CPU / num_gpu=0,144,96,240,4.992268776999936,0.0029262059999357,0.430044798,4.559297773,1.7499999103165464e-06,4.160147636,0.3991501370000003,4.992270526999846,5.005658298000071,299.83492752356585,230.523806225753,530.3587337493188,49.916,46.67412,46.701,1,cpu:tdp_estimate_120w;gpu:nvml,0.0,2.651793668746594e-05,0.0,2.651793668746594e-05,0.0001104914028644,2209.828057288829,,,,,,,,,299.83492752356585,1249.3121980148578,46.69138954248366,0.0
lightning_a100_qwen35,2026-05-11T09:51:10.351172+00:00,summarization,python_llm_costs,0,ollama_local,qwen3.5:0.8b,Qwen 3.5 0.8B,qwen3.5,0.8B,cpu,CPU / num_gpu=0,175,96,271,5.001063072000079,0.0027662150000793,0.475557391,4.522739466,1.68999986271956e-06,4.136152671,0.3865867950000003,5.001064761999942,5.011785938999992,295.4989083921907,230.10782826295133,525.606736655142,49.13399999999999,46.68084,46.701,1,cpu:tdp_estimate_120w;gpu:nvml,0.0,2.6280336832757096e-05,0.0,2.6280336832757096e-05,9.697541266700036e-05,1939.5082533400073,,,,,,,,,295.4989083921907,1090.4018759859434,46.69138954248366,0.0
lightning_a100_qwen35,2026-05-11T09:51:15.365718+00:00,summarization,rag_pipeline,0,ollama_local,qwen3.5:0.8b,Qwen 3.5 0.8B,qwen3.5,0.8B,cpu,CPU / num_gpu=0,159,96,255,5.00196212700007,0.0026629320000699,0.445553717,4.553745478,1.5999999050109182e-06,4.177433636,0.3763118419999998,5.001963726999975,5.012149825000051,297.312708179283,230.15767511872252,527.4703832980056,49.431999999999995,46.67892,46.701,1,cpu:tdp_estimate_120w;gpu:nvml,0.0,2.6373519164900275e-05,0.0,2.6373519164900275e-05,0.0001034255653525,2068.5113070510024,,,,,,,,,297.312708179283,1165.9321889383648,46.69138954248366,0.0
lightning_a100_qwen35,2026-05-11T09:51:20.321152+00:00,summarization,classroom_notebooks,1,ollama_local,qwen3.5:0.8b,Qwen 3.5 0.8B,qwen3.5,0.8B,cpu,CPU / num_gpu=0,144,96,240,4.939782451999918,0.0027463519999173,0.418298654,4.518737446,1.669999846853898e-06,4.133642557,0.3850948890000003,4.9397841219997645,4.9529802020001625,291.85336780681916,230.28595476571783,522.139322572537,49.104,46.70004,46.749,1,cpu:tdp_estimate_120w;gpu:nvml,0.0,2.610696612862685e-05,0.0,2.610696612862685e-05,0.0001087790255359,2175.580510718904,,,,,,,,,291.85336780681916,1216.05569919508,46.69138954248366,0.0
lightning_a100_qwen35,2026-05-11T09:51:25.494197+00:00,summarization,python_llm_costs,1,ollama_local,qwen3.5:0.8b,Qwen 3.5 0.8B,qwen3.5,0.8B,cpu,CPU / num_gpu=0,175,96,271,5.159124924000025,0.0027296430000252,0.478066851,4.67832843,2.218999952674494e-06,4.301527058,0.3768013720000001,5.159127142999978,5.170608727000172,306.2989062048332,239.18665743216155,545.4855636369948,49.36538461538461,46.68069230769231,46.701,1,cpu:tdp_estimate_120w;gpu:nvml,0.0,2.727427818184974e-05,0.0,2.727427818184974e-05,0.0001006430929219,2012.8618584390952,,,,,,,,,306.2989062048332,1130.254266438499,46.69138954248366,0.0
lightning_a100_qwen35,2026-05-11T09:51:30.835803+00:00,summarization,rag_pipeline,1,ollama_local,qwen3.5:0.8b,Qwen 3.5 0.8B,qwen3.5,0.8B,cpu,CPU / num_gpu=0,159,96,255,5.328322035000156,0.0025853600001557,0.461879383,4.863857292,2.1109999579493888e-06,4.472032909,0.3918243829999994,5.328324146000114,5.339110516000119,318.0211517130382,248.58929850936013,566.6104502223983,49.63703703703704,46.68233333333333,46.749,1,cpu:tdp_estimate_120w;gpu:nvml,0.0,2.8330522511119914e-05,0.0,2.8330522511119914e-05,0.0001111000882789,2222.0017655780325,,,,,,,,,318.0211517130382,1247.1417714236793,46.69138954248366,0.0
lightning_a100_qwen35,2026-05-11T09:51:44.274332+00:00,summarization,classroom_notebooks,0,ollama_local,qwen3.5:4b,Qwen 3.5 4B,qwen3.5,4B,cpu,CPU / num_gpu=0,144,96,240,13.424943141999847,0.0027405129998481,2.036185251,11.386017377999998,2.010000116570154e-06,11.015169516,0.370847861999998,13.424945151999964,13.435982306999904,834.7715646224234,623.3474459364497,1458.119010558873,51.77462686567164,46.66697014925373,46.749,1,cpu:tdp_estimate_120w;gpu:nvml,0.0,7.290595052794365e-05,0.0,7.290595052794365e-05,0.0003037747938664,6075.495877328637,,,,,,,,,834.7715646224234,3478.214852593431,46.69138954248366,0.0
lightning_a100_qwen35,2026-05-11T09:51:58.516711+00:00,summarization,python_llm_costs,0,ollama_local,qwen3.5:4b,Qwen 3.5 4B,qwen3.5,4B,cpu,CPU / num_gpu=0,175,96,271,14.229115558000103,0.0028906170001032,2.575879704,11.650345237,1.9600001905928366e-06,11.24387332,0.4064719169999993,14.229117518000294,14.23987133799983,889.1576225015234,660.435319764339,1549.5929422658623,52.03450704225352,46.64556338028169,46.701,1,cpu:tdp_estimate_120w;gpu:nvml,0.0,7.747964711329311e-05,0.0,7.747964711329311e-05,0.0002859027568756,5718.055137512408,,,,,,,,,889.1576225015234,3281.024437274994,46.69138954248366,0.0
lightning_a100_qwen35,2026-05-11T09:52:11.983049+00:00,summarization,rag_pipeline,0,ollama_local,qwen3.5:4b,Qwen 3.5 4B,qwen3.5,4B,cpu,CPU / num_gpu=0,159,96,255,13.453022369999871,0.0027921149998721,2.151702046,11.298528209,1.770999915606808e-06,10.943614198,0.3549140109999982,13.453024140999789,13.463804179999896,842.2237825451668,627.831923833746,1470.0557063789129,52.12888888888889,46.67114074074074,46.749,1,cpu:tdp_estimate_120w;gpu:nvml,0.0,7.350278531894564e-05,0.0,7.350278531894564e-05,0.000288246216937,5764.924338740835,,,,,,,,,842.2237825451668,3302.838362922223,46.69138954248366,0.0
lightning_a100_qwen35,2026-05-11T09:52:25.240197+00:00,summarization,classroom_notebooks,1,ollama_local,qwen3.5:4b,Qwen 3.5 4B,qwen3.5,4B,cpu,CPU / num_gpu=0,144,96,240,13.243913088,0.0027071019999986,2.00891609,11.232289896,2.3699999474047218e-06,10.866259151,0.3660307450000015,13.243915457999949,13.254549306999934,829.7347866181958,613.9181258041947,1443.6529124223905,52.166666666666664,46.681128787878784,46.701,1,cpu:tdp_estimate_120w;gpu:nvml,0.0,7.218264562111952e-05,0.0,7.218264562111952e-05,0.0003007610234213,6015.220468426627,,,,,,,,,829.7347866181958,3457.228277575816,46.69138954248366,0.0
lightning_a100_qwen35,2026-05-11T09:52:38.891937+00:00,summarization,python_llm_costs,1,ollama_local,qwen3.5:4b,Qwen 3.5 4B,qwen3.5,4B,cpu,CPU / num_gpu=0,175,96,271,13.63555746299994,0.0058693549999411,2.26106735,11.368620758,2.2199999420990935e-06,10.987275517,0.381345241,13.635559682999885,13.648290001000078,853.820965650799,632.9278981545649,1486.748863805364,52.13235294117647,46.69652941176471,46.749,1,cpu:tdp_estimate_120w;gpu:nvml,0.0,7.433744319026819e-05,0.0,7.433744319026819e-05,0.0002743079084511,5486.1581690234825,,,,,,,,,853.820965650799,3150.6308695601438,46.69138954248366,0.0
lightning_a100_qwen35,2026-05-11T09:52:52.347938+00:00,summarization,rag_pipeline,1,ollama_local,qwen3.5:4b,Qwen 3.5 4B,qwen3.5,4B,cpu,CPU / num_gpu=0,159,96,255,13.442728178000152,0.0026208410001515,2.14525238,11.294854957,1.8099999579135329e-06,10.932697163,0.3621577939999998,13.44272998800011,13.45340907800005,841.5408574014657,623.5788861584433,1465.119743559909,52.12686567164179,46.70064179104478,46.749,1,cpu:tdp_estimate_120w;gpu:nvml,0.0,7.325598717799544e-05,0.0,7.325598717799544e-05,0.0002872783810901,5745.567621803564,,,,,,,,,841.5408574014657,3300.160225103787,46.69138954248366,0.0
lightning_a100_qwen35,2026-05-11T09:53:08.663525+00:00,summarization,classroom_notebooks,0,ollama_local,qwen3.5:9b,Qwen 3.5 9B,qwen3.5,9B,cpu,CPU / num_gpu=0,144,96,240,16.299933964000047,0.0028180640000456,2.951787972,13.345327928,2.739999899858958e-06,12.969806768,0.3755211600000017,16.299936703999947,16.31122781399995,1023.8727815947668,759.3439991582088,1783.216780752976,52.30920245398773,46.683920245398774,46.749,1,cpu:tdp_estimate_120w;gpu:nvml,0.0,8.916083903764879e-05,0.0,8.916083903764879e-05,0.0003715034959902,7430.069919804067,,,,,,,,,1023.8727815947668,4266.136589978195,46.69138954248366,0.0
lightning_a100_qwen35,2026-05-11T09:53:25.593955+00:00,summarization,python_llm_costs,0,ollama_local,qwen3.5:9b,Qwen 3.5 9B,qwen3.5,9B,cpu,CPU / num_gpu=0,175,96,271,16.91571190800005,0.0068030130000487,3.623762147,13.285146748,1.900999905046774e-06,12.806846416,0.4783003319999981,16.915713808999953,16.927653000999953,1059.639025501885,787.6727363246351,1847.31176182652,52.16508875739645,46.693615384615384,46.749,1,cpu:tdp_estimate_120w;gpu:nvml,0.0,9.2365588091326e-05,0.0,9.2365588091326e-05,0.0003408324283812,6816.648567625536,,,,,,,,,1059.639025501885,3910.1071051730078,46.69138954248366,0.0
lightning_a100_qwen35,2026-05-11T09:53:42.220979+00:00,summarization,rag_pipeline,0,ollama_local,qwen3.5:9b,Qwen 3.5 9B,qwen3.5,9B,cpu,CPU / num_gpu=0,159,96,255,16.613772141000027,0.0059960580000257,3.541550822,13.066225261,1.840000095398864e-06,12.708676749,0.357548512000001,16.613773981000122,16.624530620000087,1046.408045887697,773.5328894030379,1819.9409352907348,52.453012048192775,46.68278313253012,46.749,1,cpu:tdp_estimate_120w;gpu:nvml,0.0,9.099704676453677e-05,0.0,9.099704676453677e-05,0.0003568511637824,7137.02327564994,,,,,,,,,1046.408045887697,4103.560964265478,46.69138954248366,0.0
lightning_a100_qwen35,2026-05-11T09:53:58.206087+00:00,summarization,classroom_notebooks,1,ollama_local,qwen3.5:9b,Qwen 3.5 9B,qwen3.5,9B,cpu,CPU / num_gpu=0,144,96,240,15.97180133400002,0.0028502950000195,2.949308208,13.019642831,2.069999936793465e-06,12.633615836,0.3860269949999999,15.971803403999957,15.982619906000082,1004.124078214361,745.486850590523,1749.610928804884,52.355,46.6947,46.749,1,cpu:tdp_estimate_120w;gpu:nvml,0.0,8.748054644024419e-05,0.0,8.748054644024419e-05,0.0003645022768343,7290.045536687016,,,,,,,,,1004.124078214361,4183.8503258931705,46.69138954248366,0.0
lightning_a100_qwen35,2026-05-11T09:54:14.769770+00:00,summarization,python_llm_costs,1,ollama_local,qwen3.5:9b,Qwen 3.5 9B,qwen3.5,9B,cpu,CPU / num_gpu=0,175,96,271,16.550270340000225,0.0026721640002236,3.491545325,13.056052851,2.1200000901444582e-06,12.682735249,0.3733176020000002,16.550272460000315,16.561112181999988,1041.0375339831303,769.2885642918784,1810.326098275009,52.38363636363635,46.71205454545455,46.749,1,cpu:tdp_estimate_120w;gpu:nvml,0.0,9.051630491375044e-05,0.0,9.051630491375044e-05,0.0003340085052167,6680.170104335826,,,,,,,,,1041.0375339831303,3841.4669150669015,46.69138954248366,0.0
lightning_a100_qwen35,2026-05-11T09:54:31.005970+00:00,summarization,rag_pipeline,1,ollama_local,qwen3.5:9b,Qwen 3.5 9B,qwen3.5,9B,cpu,CPU / num_gpu=0,159,96,255,16.222639785999945,0.0056565409999436,3.217952368,12.999030877,2.179999910367769e-06,12.640532176,0.3584987010000002,16.222641965999856,16.233652671000073,1020.3151326921158,755.4908587504004,1775.8059914425162,52.376543209876544,46.7172962962963,46.749,1,cpu:tdp_estimate_120w;gpu:nvml,0.0,8.87902995721258e-05,0.0,8.87902995721258e-05,0.000348197253224,6963.945064480456,,,,,,,,,1020.3151326921158,4001.2358144788855,46.69138954248366,0.0
lightning_a100_qwen35,2026-05-11T09:54:35.780676+00:00,classification,cls_001,0,ollama_local,qwen3.5:0.8b,Qwen 3.5 0.8B,qwen3.5,0.8B,cpu,CPU / num_gpu=0,65,96,161,4.761439501000041,0.0023474750000405,0.230173859,4.5289181670000005,5.7100000958598685e-06,4.140155085,0.3887630820000005,4.761445211000137,4.772124661000134,285.83833688225553,220.7688409606356,506.60717784289113,49.91458333333333,46.712,46.749,1,cpu:tdp_estimate_120w;gpu:nvml,0.0,2.5330358892144552e-05,0.0,2.5330358892144552e-05,0.0001573314216903,3146.6284338067776,,False,,,,,,,285.83833688225553,1775.3933967841958,46.69138954248366,0.0
lightning_a100_qwen35,2026-05-11T09:54:40.559480+00:00,classification,cls_002,0,ollama_local,qwen3.5:0.8b,Qwen 3.5 0.8B,qwen3.5,0.8B,cpu,CPU / num_gpu=0,66,96,162,4.76625405499999,0.0027512929999904,0.234954272,4.5285484899999995,5.770000143456855e-06,4.146803418,0.3817450719999993,4.766259825000134,4.776297452000108,281.07316430657636,220.7166301603651,501.78979446694143,49.03958333333333,46.699000000000005,46.749,1,cpu:tdp_estimate_120w;gpu:nvml,0.0,2.5089489723347073e-05,0.0,2.5089489723347073e-05,0.0001548733933539,3097.4678670798853,,False,,,,,,,281.07316430657636,1735.0195327566441,46.69138954248366,0.0
lightning_a100_qwen35,2026-05-11T09:54:45.515804+00:00,classification,cls_003,0,ollama_local,qwen3.5:0.8b,Qwen 3.5 0.8B,qwen3.5,0.8B,cpu,CPU / num_gpu=0,61,96,157,4.943137052999873,0.0055895499998728,0.179810815,4.7577366880000005,4.819999958272092e-06,4.390742739,0.3669939490000002,4.943141872999831,4.9538744819999465,292.55997450857444,230.1972251281909,522.7571996367653,49.214,46.68724,46.701,1,cpu:tdp_estimate_120w;gpu:nvml,0.0,2.6137859981838265e-05,0.0,2.6137859981838265e-05,0.0001664831845976,3329.6636919539196,,False,,,,,,,292.55997450857444,1863.439328080092,46.69138954248366,0.0
lightning_a100_qwen35,2026-05-11T09:54:50.277280+00:00,classification,cls_004,0,ollama_local,qwen3.5:0.8b,Qwen 3.5 0.8B,qwen3.5,0.8B,cpu,CPU / num_gpu=0,68,96,164,4.74837669600015,0.0024578770001504,0.24152417,4.504394649,5.408999868450337e-06,4.128685564,0.3757090849999995,4.748382105000019,4.75903561500013,280.6284326275201,220.7485530088399,501.37698563636,49.13958333333333,46.68166666666667,46.749,1,cpu:tdp_estimate_120w;gpu:nvml,0.0,2.5068849281818003e-05,0.0,2.5068849281818003e-05,0.0001528588370842,3057.1767416851217,,False,,,,,,,280.6284326275201,1711.1489794360984,46.69138954248366,0.0
lightning_a100_qwen35,2026-05-11T09:54:55.028342+00:00,classification,cls_005,0,ollama_local,qwen3.5:0.8b,Qwen 3.5 0.8B,qwen3.5,0.8B,cpu,CPU / num_gpu=0,66,96,162,4.737860260999923,0.0023873769999234,0.234584004,4.50088888,4.580999984682421e-06,4.137711585,0.3631772949999998,4.737864841999908,4.748637131999885,280.7750420223232,220.97975477835465,501.7547968006778,49.27291666666667,46.69433333333333,46.749,1,cpu:tdp_estimate_120w;gpu:nvml,0.0,2.508773984003389e-05,0.0,2.508773984003389e-05,0.0001548625916051,3097.2518321029497,,False,,,,,,,280.7750420223232,1733.1792717427356,46.69138954248366,0.0
lightning_a100_qwen35,2026-05-11T09:55:00.083948+00:00,classification,cls_006,0,ollama_local,qwen3.5:0.8b,Qwen 3.5 0.8B,qwen3.5,0.8B,cpu,CPU / num_gpu=0,66,96,162,5.042485994000117,0.0023510350001165,0.238371359,4.8017636,4.600000011123484e-06,4.40870119,0.3930624099999997,5.042490594000128,5.053178813999921,297.6619567258541,234.87234021168507,532.5342969375392,49.088235294117645,46.6693137254902,46.749,1,cpu:tdp_estimate_120w;gpu:nvml,0.0,2.662671484687696e-05,0.0,2.662671484687696e-05,0.0001643624373264,3287.2487465280196,,False,,,,,,,297.6619567258541,1837.4194859620625,46.69138954248366,0.0
lightning_a100_qwen35,2026-05-11T09:55:04.776119+00:00,classification,cls_007,0,ollama_local,qwen3.5:0.8b,Qwen 3.5 0.8B,qwen3.5,0.8B,cpu,CPU / num_gpu=0,61,96,157,4.6793373670000165,0.0026744010000161,0.173204965,4.503458001,4.929999931846396e-06,4.126920134,0.3765378670000006,4.679342296999948,4.689663440000004,276.49457401654485,215.8070934503964,492.3016674669413,49.131914893617015,46.69010638297872,46.749,1,cpu:tdp_estimate_120w;gpu:nvml,0.0,2.4615083373347066e-05,0.0,2.4615083373347066e-05,0.0001567839705308,3135.67941061746,,False,,,,,,,276.49457401654485,1761.1119364111137,46.69138954248366,0.0
lightning_a100_qwen35,2026-05-11T09:55:09.540757+00:00,classification,cls_008,0,ollama_local,qwen3.5:0.8b,Qwen 3.5 0.8B,qwen3.5,0.8B,cpu,CPU / num_gpu=0,65,96,161,4.75115442099991,0.0027183739999099,0.237145264,4.511290783000001,4.55999997939216e-06,4.117385509,0.3939052740000006,4.7511589809998895,4.762172755999927,278.96808004647573,221.0820371413847,500.0501171878605,48.81666666666666,46.687999999999995,46.701,1,cpu:tdp_estimate_120w;gpu:nvml,0.0,2.500250585939302e-05,0.0,2.500250585939302e-05,0.0001552950674496,3105.901348992922,,False,,,,,,,278.96808004647573,1732.720994077489,46.69138954248366,0.0
lightning_a100_qwen35,2026-05-11T09:55:14.297749+00:00,classification,cls_001,1,ollama_local,qwen3.5:0.8b,Qwen 3.5 0.8B,qwen3.5,0.8B,cpu,CPU / num_gpu=0,65,96,161,4.742964330999939,0.0024017269999392,0.232599906,4.507962698,4.501000148593448e-06,4.125479786,0.3824829120000004,4.742968832000088,4.754366634000007,279.94899332650544,220.57285415729456,500.5218474838,49.06875,46.661,46.701,1,cpu:tdp_estimate_120w;gpu:nvml,0.0,2.5026092374189997e-05,0.0,2.5026092374189997e-05,0.0001554415675415,3108.831350831056,,False,,,,,,,279.94899332650544,1738.8136231459964,46.69138954248366,0.0
lightning_a100_qwen35,2026-05-11T09:55:19.093174+00:00,classification,cls_002,1,ollama_local,qwen3.5:0.8b,Qwen 3.5 0.8B,qwen3.5,0.8B,cpu,CPU / num_gpu=0,66,96,162,4.77714350999986,0.0024884299998602,0.237601124,4.537053955999999,4.86999988424941e-06,4.161405745,0.3756482109999997,4.777148379999744,4.792912286999808,281.97901212491627,220.77549540462687,502.7545075295432,49.02708333333334,46.671,46.701,1,cpu:tdp_estimate_120w;gpu:nvml,0.0,2.5137725376477156e-05,0.0,2.5137725376477156e-05,0.0001551711442992,3103.4228859848345,,False,,,,,,,281.97901212491627,1740.6111859562732,46.69138954248366,0.0
lightning_a100_qwen35,2026-05-11T09:55:23.887722+00:00,classification,cls_003,1,ollama_local,qwen3.5:0.8b,Qwen 3.5 0.8B,qwen3.5,0.8B,cpu,CPU / num_gpu=0,61,96,157,4.781796249999843,0.0028916759998427,0.17654628,4.602358294,5.289999990054639e-06,4.211154069,0.391204225,4.781801539999833,4.792132312999911,282.44827852821476,220.50983174408748,502.95811027230224,49.11666666666667,46.62566666666667,46.749,1,cpu:tdp_estimate_120w;gpu:nvml,0.0,2.514790551361511e-05,0.0,2.514790551361511e-05,0.0001601777421249,3203.5548424987405,,False,,,,,,,282.44827852821476,1799.0336211988201,46.69138954248366,0.0
lightning_a100_qwen35,2026-05-11T09:55:28.770526+00:00,classification,cls_004,1,ollama_local,qwen3.5:0.8b,Qwen 3.5 0.8B,qwen3.5,0.8B,cpu,CPU / num_gpu=0,68,96,164,4.866730180000104,0.002500448000104,0.241179784,4.623049948,4.669999952966464e-06,4.265709107,0.3573408410000001,4.866734850000057,4.879974297999979,288.6395246823563,225.14628540365325,513.7858100860095,49.289795918367346,46.66083673469387,46.701,1,cpu:tdp_estimate_120w;gpu:nvml,0.0,2.5689290504300473e-05,0.0,2.5689290504300473e-05,0.0001566420152701,3132.840305402497,,False,,,,,,,288.6395246823563,1759.9971017216847,46.69138954248366,0.0
lightning_a100_qwen35,2026-05-11T09:55:33.786518+00:00,classification,cls_005,1,ollama_local,qwen3.5:0.8b,Qwen 3.5 0.8B,qwen3.5,0.8B,cpu,CPU / num_gpu=0,66,96,162,5.002867164000008,0.0023350260000087,0.246167562,4.7543645759999995,4.689999968832126e-06,4.37824211,0.3761224659999991,5.002871853999977,5.013443142000142,296.198231583882,230.10680723657384,526.3050388204558,49.233999999999995,46.66804,46.701,1,cpu:tdp_estimate_120w;gpu:nvml,0.0,2.631525194102279e-05,0.0,2.631525194102279e-05,0.0001624398267964,3248.7965359287396,,False,,,,,,,296.198231583882,1828.3841455795184,46.69138954248366,0.0
lightning_a100_qwen35,2026-05-11T09:55:38.540829+00:00,classification,cls_006,1,ollama_local,qwen3.5:0.8b,Qwen 3.5 0.8B,qwen3.5,0.8B,cpu,CPU / num_gpu=0,66,96,162,4.740651860000071,0.0026690950000709,0.234818999,4.503163766,5.030000011174707e-06,4.147097131,0.3560666350000003,4.740656890000082,4.751914559000397,281.2658227472335,220.4015772338005,501.667399981034,49.325,46.677,46.701,1,cpu:tdp_estimate_120w;gpu:nvml,0.0,2.5083369999051695e-05,0.0,2.5083369999051695e-05,0.000154835617278,3096.7123455619385,,False,,,,,,,281.2658227472335,1736.2087823903305,46.69138954248366,0.0
lightning_a100_qwen35,2026-05-11T09:55:43.221984+00:00,classification,cls_007,1,ollama_local,qwen3.5:0.8b,Qwen 3.5 0.8B,qwen3.5,0.8B,cpu,CPU / num_gpu=0,61,96,157,4.6655756010000005,0.0023615770000002,0.177819686,4.485394338,5.069000053481432e-06,4.133289459,0.3521048789999996,4.665580670000054,4.678755110000111,276.2098101789512,215.87178573116927,492.0815959101205,49.19574468085106,46.65708510638297,46.701,1,cpu:tdp_estimate_120w;gpu:nvml,0.0,2.4604079795506025e-05,0.0,2.4604079795506025e-05,0.0001567138840478,3134.2776809561815,,False,,,,,,,276.2098101789512,1759.2981540060587,46.69138954248366,0.0
lightning_a100_qwen35,2026-05-11T09:55:47.986183+00:00,classification,cls_008,1,ollama_local,qwen3.5:0.8b,Qwen 3.5 0.8B,qwen3.5,0.8B,cpu,CPU / num_gpu=0,65,96,161,4.7481846149999,0.0024357169998996,0.232981894,4.5127670040000005,5.379999947763281e-06,4.142601004,0.3701660000000002,4.748189994999848,4.7616635499998665,281.0809993564921,220.68826511757885,501.76926447407095,49.19166666666666,46.644,46.701,1,cpu:tdp_estimate_120w;gpu:nvml,0.0,2.508846322370355e-05,0.0,2.508846322370355e-05,0.0001558289641223,3116.5792824476457,,False,,,,,,,281.0809993564921,1745.844716499951,46.69138954248366,0.0
lightning_a100_qwen35,2026-05-11T09:56:00.257716+00:00,classification,cls_001,0,ollama_local,qwen3.5:4b,Qwen 3.5 4B,qwen3.5,4B,cpu,CPU / num_gpu=0,65,96,161,12.25882951299991,0.0028505969999095,0.951617143,11.304361773,4.4299999899521936e-06,10.916483927,0.3878778460000003,12.2588339429999,12.269035681999869,759.1480790476055,571.9107547253533,1331.058833772959,51.56260162601626,46.676804878048785,46.749,1,cpu:tdp_estimate_120w;gpu:nvml,0.0,6.655294168864793e-05,0.0,6.655294168864793e-05,0.0004133723086251,8267.446172502849,,False,,,,,,,759.1480790476055,4715.205459923015,46.69138954248366,0.0
lightning_a100_qwen35,2026-05-11T09:56:12.454264+00:00,classification,cls_002,0,ollama_local,qwen3.5:4b,Qwen 3.5 4B,qwen3.5,4B,cpu,CPU / num_gpu=0,66,96,162,12.18298004999997,0.0025374999999687,0.964215848,11.216226702,5.0199996621813625e-06,10.860471786,0.3557549160000004,12.182985069999631,12.194060276000071,760.693466384731,567.2351549448559,1327.9286213295868,51.985245901639345,46.68132786885246,46.701,1,cpu:tdp_estimate_120w;gpu:nvml,0.0,6.639643106647934e-05,0.0,6.639643106647934e-05,0.000409854512756,8197.090255120907,,False,,,,,,,760.693466384731,4695.638681387228,46.69138954248366,0.0
lightning_a100_qwen35,2026-05-11T09:56:24.510155+00:00,classification,cls_003,0,ollama_local,qwen3.5:4b,Qwen 3.5 4B,qwen3.5,4B,cpu,CPU / num_gpu=0,61,96,157,12.042399840999678,0.0024917979996779,0.771520932,11.268387111,4.640000042854808e-06,10.889384312,0.3790027990000002,12.04240448099972,12.053327784999963,751.8865872282978,557.8241442240476,1309.7107314523455,51.983333333333334,46.697,46.749,1,cpu:tdp_estimate_120w;gpu:nvml,0.0,6.548553657261727e-05,0.0,6.548553657261727e-05,0.000417105328488,8342.106569760163,,False,,,,,,,751.8865872282978,4789.0865428554,46.69138954248366,0.0
lightning_a100_qwen35,2026-05-11T09:56:36.754952+00:00,classification,cls_004,0,ollama_local,qwen3.5:4b,Qwen 3.5 4B,qwen3.5,4B,cpu,CPU / num_gpu=0,68,96,164,12.231539137999787,0.0057594129997884,1.004538086,11.221241639,4.779999926540768e-06,10.850018721,0.3712229180000008,12.231543917999716,12.242294037999727,763.7385239607864,567.3438445858026,1331.082368546589,51.98770491803279,46.696278688524586,46.749,1,cpu:tdp_estimate_120w;gpu:nvml,0.0,6.655411842732944e-05,0.0,6.655411842732944e-05,0.0004058177952885,8116.355905771883,,False,,,,,,,763.7385239607864,4656.942219273087,46.69138954248366,0.0
lightning_a100_qwen35,2026-05-11T09:56:48.990073+00:00,classification,cls_005,0,ollama_local,qwen3.5:4b,Qwen 3.5 4B,qwen3.5,4B,cpu,CPU / num_gpu=0,66,96,162,12.22172707699974,0.0025208699997421,0.959182561,11.260023646,5.031000000599306e-06,10.897276175,0.3627474709999987,12.221732107999742,12.232586297000124,762.9283592657547,567.1110693649085,1330.0394286306632,51.97377049180328,46.695098360655734,46.749,1,cpu:tdp_estimate_120w;gpu:nvml,0.0,6.650197143153316e-05,0.0,6.650197143153316e-05,0.0004105059964909,8210.11992981891,,False,,,,,,,762.9283592657547,4709.4343164552765,46.69138954248366,0.0
lightning_a100_qwen35,2026-05-11T09:57:01.190942+00:00,classification,cls_006,0,ollama_local,qwen3.5:4b,Qwen 3.5 4B,qwen3.5,4B,cpu,CPU / num_gpu=0,66,96,162,12.187999227000091,0.0074128750000905,0.96529581,11.215290542,4.580000222631497e-06,10.836243851,0.3790466909999992,12.188003807000314,12.19837275100008,760.3625685013545,567.4592523167023,1327.821820818057,51.94426229508196,46.7002131147541,46.749,1,cpu:tdp_estimate_120w;gpu:nvml,0.0,6.639109104090284e-05,0.0,6.639109104090284e-05,0.0004098215496352,8196.430992704056,,False,,,,,,,760.3625685013545,4693.596101860213,46.69138954248366,0.0
lightning_a100_qwen35,2026-05-11T09:57:13.249754+00:00,classification,cls_007,0,ollama_local,qwen3.5:4b,Qwen 3.5 4B,qwen3.5,4B,cpu,CPU / num_gpu=0,61,96,157,12.045620246,0.002470719999998,0.769574894,11.273574632,4.551000074570766e-06,10.896537239,0.3770373930000001,12.045624797000071,12.056360012999903,751.484975970297,557.8936085948128,1309.3785845651098,51.9425,46.69179999999999,46.749,1,cpu:tdp_estimate_120w;gpu:nvml,0.0,6.546892922825549e-05,0.0,6.546892922825549e-05,0.0004169995492245,8339.990984491145,,False,,,,,,,751.484975970297,4786.528509364949,46.69138954248366,0.0
lightning_a100_qwen35,2026-05-11T09:57:25.733792+00:00,classification,cls_008,0,ollama_local,qwen3.5:4b,Qwen 3.5 4B,qwen3.5,4B,cpu,CPU / num_gpu=0,65,96,161,12.471002417999898,0.0030484469998981,0.970176495,11.497777476,4.708999767899513e-06,11.139824668,0.3579528080000003,12.471007126999666,12.481474123000226,779.0716473632175,581.4436265900829,1360.5152739533005,52.0152,46.682184,46.749,1,cpu:tdp_estimate_120w;gpu:nvml,0.0,6.802576369766502e-05,0.0,6.802576369766502e-05,0.000422520271414,8450.405428281369,,False,,,,,,,779.0716473632175,4838.954331448556,46.69138954248366,0.0
lightning_a100_qwen35,2026-05-11T09:57:37.915032+00:00,classification,cls_001,1,ollama_local,qwen3.5:4b,Qwen 3.5 4B,qwen3.5,4B,cpu,CPU / num_gpu=0,65,96,161,12.167824038000164,0.002690432000163,0.961092898,11.204040708,5.200000032345997e-06,10.831836395,0.3722043129999992,12.167829238000197,12.178311772999676,759.3756359385653,567.1739753267967,1326.549611265362,51.96229508196721,46.68775409836066,46.749,1,cpu:tdp_estimate_120w;gpu:nvml,0.0,6.63274805632681e-05,0.0,6.63274805632681e-05,0.0004119719289643,8239.438579287964,,False,,,,,,,759.3756359385653,4716.618856761275,46.69138954248366,0.0
lightning_a100_qwen35,2026-05-11T09:57:50.404691+00:00,classification,cls_002,1,ollama_local,qwen3.5:4b,Qwen 3.5 4B,qwen3.5,4B,cpu,CPU / num_gpu=0,66,96,162,12.476702300999932,0.0024644959999324,0.969660356,11.504577449,4.259999968780903e-06,11.132632799,0.3719446499999996,12.4767065609999,12.487085203999868,779.325980349346,581.4283689693114,1360.7543493186572,52.0088,46.677576,46.749,1,cpu:tdp_estimate_120w;gpu:nvml,0.0,6.803771746593286e-05,0.0,6.803771746593286e-05,0.0004199859102835,8399.718205670722,,False,,,,,,,779.325980349346,4810.65419968732,46.69138954248366,0.0
lightning_a100_qwen35,2026-05-11T09:58:02.414589+00:00,classification,cls_003,1,ollama_local,qwen3.5:4b,Qwen 3.5 4B,qwen3.5,4B,cpu,CPU / num_gpu=0,61,96,157,11.996493224000004,0.0024134360000047,0.769536023,11.224543765,5.2400000640773214e-06,10.864879556,0.3596642089999999,11.99649846400007,12.007411177999984,748.8782203495031,557.8366085360956,1306.7148288855988,51.973333333333336,46.6834,46.749,1,cpu:tdp_estimate_120w;gpu:nvml,0.0,6.533574144427994e-05,0.0,6.533574144427994e-05,0.0004161512193903,8323.024387806361,,False,,,,,,,748.8782203495031,4769.924970379001,46.69138954248366,0.0
lightning_a100_qwen35,2026-05-11T09:58:14.685342+00:00,classification,cls_004,1,ollama_local,qwen3.5:4b,Qwen 3.5 4B,qwen3.5,4B,cpu,CPU / num_gpu=0,68,96,164,12.257421047000207,0.0024169950002068,0.999447184,11.255556868,5.0499997996666934e-06,10.885361189,0.3701956790000018,12.257426097000009,12.268247498000164,765.0957900630873,572.0057578827132,1337.1015479458006,51.96991869918699,46.68578048780488,46.749,1,cpu:tdp_estimate_120w;gpu:nvml,0.0,6.685507739729003e-05,0.0,6.685507739729003e-05,0.000407652910959,8153.058219181711,,False,,,,,,,765.0957900630873,4665.218232091996,46.69138954248366,0.0
lightning_a100_qwen35,2026-05-11T09:58:26.876294+00:00,classification,cls_005,1,ollama_local,qwen3.5:4b,Qwen 3.5 4B,qwen3.5,4B,cpu,CPU / num_gpu=0,66,96,162,12.177507233999677,0.0024639679996774,0.960910374,11.214132892,4.161000106250867e-06,10.834535718,0.3795971739999988,12.177511394999785,12.18845342700024,759.3366522878766,567.1110884228007,1326.4477407106774,51.916393442622955,46.682901639344266,46.701,1,cpu:tdp_estimate_120w;gpu:nvml,0.0,6.632238703553386e-05,0.0,6.632238703553386e-05,0.0004093974508366,8187.949016732576,,False,,,,,,,759.3366522878766,4687.263285727633,46.69138954248366,0.0
lightning_a100_qwen35,2026-05-11T09:58:39.078775+00:00,classification,cls_006,1,ollama_local,qwen3.5:4b,Qwen 3.5 4B,qwen3.5,4B,cpu,CPU / num_gpu=0,66,96,162,12.187999406999552,0.002461796999551,0.962878952,11.222658658,4.941000042890664e-06,10.865239614,0.3574190440000002,12.188004347999597,12.198927860999902,761.5850658349424,567.0169065973805,1328.6019724323228,52.02540983606558,46.68447540983607,46.749,1,cpu:tdp_estimate_120w;gpu:nvml,0.0,6.643009862161614e-05,0.0,6.643009862161614e-05,0.0004100623371704,8201.2467434094,,False,,,,,,,761.5850658349424,4701.142381697176,46.69138954248366,0.0
lightning_a100_qwen35,2026-05-11T09:58:51.092196+00:00,classification,cls_007,1,ollama_local,qwen3.5:4b,Qwen 3.5 4B,qwen3.5,4B,cpu,CPU / num_gpu=0,61,96,157,11.996949044999836,0.0024913799998369,0.765569087,11.228888578,4.520000402408186e-06,10.846677856,0.3822107220000017,11.99695356500024,12.010922246000064,748.0282265586379,557.806373784111,1305.834600342749,51.899166666666666,46.682199999999995,46.749,1,cpu:tdp_estimate_120w;gpu:nvml,0.0,6.529173001713745e-05,0.0,6.529173001713745e-05,0.0004158708918289,8317.417836578019,,False,,,,,,,748.0282265586379,4764.510997188777,46.69138954248366,0.0
lightning_a100_qwen35,2026-05-11T09:59:03.342109+00:00,classification,cls_008,1,ollama_local,qwen3.5:4b,Qwen 3.5 4B,qwen3.5,4B,cpu,CPU / num_gpu=0,65,96,161,12.23709701200005,0.005806961000049,0.951270108,11.280019943,4.470000021683518e-06,10.90130087,0.3787190730000009,12.237101482000073,12.247245140999894,764.3967473872202,567.1414496587334,1331.5381970459537,52.01147540983606,46.68211475409836,46.749,1,cpu:tdp_estimate_120w;gpu:nvml,0.0,6.657690985229768e-05,0.0,6.657690985229768e-05,0.0004135211792068,8270.423584136359,,False,,,,,,,764.3967473872202,4747.805884392673,46.69138954248366,0.0
lightning_a100_qwen35,2026-05-11T09:59:17.849192+00:00,classification,cls_001,0,ollama_local,qwen3.5:9b,Qwen 3.5 9B,qwen3.5,9B,cpu,CPU / num_gpu=0,65,96,161,14.492216733000078,0.0024922390000767,1.428521697,13.061202797,4.660000286094146e-06,12.674566219,0.3866365779999992,14.492221393000364,14.503178785999808,905.7785272431522,675.1033321887536,1580.881859431906,52.0448275862069,46.68775862068966,46.749,1,cpu:tdp_estimate_120w;gpu:nvml,0.0,7.904409297159529e-05,0.0,7.904409297159529e-05,0.0004909570992024,9819.141984049103,,False,,,,,,,905.7785272431522,5625.953585361194,46.69138954248366,0.0
lightning_a100_qwen35,2026-05-11T09:59:32.429223+00:00,classification,cls_002,0,ollama_local,qwen3.5:9b,Qwen 3.5 9B,qwen3.5,9B,cpu,CPU / num_gpu=0,66,96,162,14.563471817999924,0.0025204199999251,1.495011639,13.065939759,4.649999937100802e-06,12.694206318,0.3717334409999999,14.563476467999864,14.577526139999918,916.8744742498798,679.7294624064581,1596.6039366563375,52.413698630136984,46.682589041095895,46.749,1,cpu:tdp_estimate_120w;gpu:nvml,0.0,7.983019683281689e-05,0.0,7.983019683281689e-05,0.0004927789927951,9855.57985590332,,False,,,,,,,916.8744742498798,5659.71897685111,46.69138954248366,0.0
lightning_a100_qwen35,2026-05-11T09:59:46.685506+00:00,classification,cls_003,0,ollama_local,qwen3.5:9b,Qwen 3.5 9B,qwen3.5,9B,cpu,CPU / num_gpu=0,61,96,157,14.242615406999905,0.0027370739999028,1.216054105,13.023824228,4.800999704457354e-06,12.648432791,0.3753914370000011,14.242620207999607,14.253719862999787,892.9975569831147,661.1044774519088,1554.1020344350236,52.20845070422536,46.686802816901405,46.749,1,cpu:tdp_estimate_120w;gpu:nvml,0.0,7.770510172175118e-05,0.0,7.770510172175118e-05,0.0004949369536417,9898.739072834544,,False,,,,,,,892.9975569831147,5687.882528554871,46.69138954248366,0.0
lightning_a100_qwen35,2026-05-11T10:00:01.182510+00:00,classification,cls_004,0,ollama_local,qwen3.5:9b,Qwen 3.5 9B,qwen3.5,9B,cpu,CPU / num_gpu=0,68,96,164,14.483437146000142,0.0032464860001422,1.493387252,12.986803408,5.060000148660038e-06,12.619152637,0.367650771000001,14.48344220600029,14.494512400000076,909.4716754288596,675.3255343466129,1584.7972097754728,52.28827586206896,46.694710344827584,46.749,1,cpu:tdp_estimate_120w;gpu:nvml,0.0,7.923986048877364e-05,0.0,7.923986048877364e-05,0.0004831698810291,9663.397620582153,,False,,,,,,,909.4716754288596,5545.558996517437,46.69138954248366,0.0
lightning_a100_qwen35,2026-05-11T10:00:15.718046+00:00,classification,cls_005,0,ollama_local,qwen3.5:9b,Qwen 3.5 9B,qwen3.5,9B,cpu,CPU / num_gpu=0,66,96,162,14.518846535000192,0.0059806060001932,1.503265365,13.009600564,4.369999714981532e-06,12.607449309,0.4021512549999997,14.518850904999908,14.529944120999971,910.9733848706614,674.8566016843915,1585.829986555053,52.24689655172414,46.68444827586207,46.749,1,cpu:tdp_estimate_120w;gpu:nvml,0.0,7.929149932775264e-05,0.0,7.929149932775264e-05,0.000489453699554,9789.073991080577,,False,,,,,,,910.9733848706614,5623.292499201613,46.69138954248366,0.0
lightning_a100_qwen35,2026-05-11T10:00:30.236219+00:00,classification,cls_006,0,ollama_local,qwen3.5:9b,Qwen 3.5 9B,qwen3.5,9B,cpu,CPU / num_gpu=0,66,96,162,14.504895513000063,0.0023534270000649,1.493546845,13.008995241,4.58999966213014e-06,12.64381077,0.3651844710000009,14.504900102999729,14.51564399300014,910.3891567162946,675.2697106028005,1585.658867319095,52.26482758620689,46.69305517241379,46.749,1,cpu:tdp_estimate_120w;gpu:nvml,0.0,7.928294336595475e-05,0.0,7.928294336595475e-05,0.000489400884975,9788.017699500586,,False,,,,,,,910.3891567162946,5619.6861525697195,46.69138954248366,0.0
lightning_a100_qwen35,2026-05-11T10:00:44.418030+00:00,classification,cls_007,0,ollama_local,qwen3.5:9b,Qwen 3.5 9B,qwen3.5,9B,cpu,CPU / num_gpu=0,61,96,157,14.168482163000135,0.002688603000136,1.214097996,12.951695564,5.300000339047983e-06,12.592926252,0.3587693119999997,14.168487463000474,14.179244763000042,889.4580327528112,660.892742702718,1550.3507754555292,52.274647887323944,46.68139436619718,46.749,1,cpu:tdp_estimate_120w;gpu:nvml,0.0,7.751753877277646e-05,0.0,7.751753877277646e-05,0.0004937422851769,9874.845703538404,,False,,,,,,,889.4580327528112,5665.337788234467,46.69138954248366,0.0
lightning_a100_qwen35,2026-05-11T10:00:58.801809+00:00,classification,cls_008,0,ollama_local,qwen3.5:9b,Qwen 3.5 9B,qwen3.5,9B,cpu,CPU / num_gpu=0,65,96,161,14.37013451699977,0.0055145799997688,1.422853846,12.941766091,4.439999884198187e-06,12.563013258,0.378752833,14.370138956999654,14.381333452000035,902.4766118911756,670.3185990535137,1572.7952109446894,52.29444444444445,46.68233333333333,46.749,1,cpu:tdp_estimate_120w;gpu:nvml,0.0,7.863976054723447e-05,0.0,7.863976054723447e-05,0.0004884457176846,9768.914353693724,,False,,,,,,,902.4766118911756,5605.444794355128,46.69138954248366,0.0
lightning_a100_qwen35,2026-05-11T10:01:13.213146+00:00,classification,cls_001,1,ollama_local,qwen3.5:9b,Qwen 3.5 9B,qwen3.5,9B,cpu,CPU / num_gpu=0,65,96,161,14.398702062999746,0.0026935729997461,1.428386143,12.967622347,5.101000169815961e-06,12.591086044,0.3765363029999982,14.398707163999916,14.4088343909998,901.7769003607224,670.4164609700337,1572.193361330756,52.15416666666667,46.669666666666664,46.749,1,cpu:tdp_estimate_120w;gpu:nvml,0.0,7.86096680665378e-05,0.0,7.86096680665378e-05,0.0004882588078666,9765.176157333888,,False,,,,,,,901.7769003607224,5601.098760004487,46.69138954248366,0.0
lightning_a100_qwen35,2026-05-11T10:01:27.751120+00:00,classification,cls_002,1,ollama_local,qwen3.5:9b,Qwen 3.5 9B,qwen3.5,9B,cpu,CPU / num_gpu=0,66,96,162,14.524462394000238,0.0028048040002381,1.497196055,13.024461535,4.129999979340937e-06,12.652471351,0.3719901839999995,14.524466524000218,14.535463439000068,911.4998657903604,674.6231561900065,1586.123021980367,52.257241379310344,46.65675172413793,46.749,1,cpu:tdp_estimate_120w;gpu:nvml,0.0,7.930615109901834e-05,0.0,7.930615109901834e-05,0.0004895441425865,9790.88285173066,,False,,,,,,,911.4998657903604,5626.5423814219785,46.69138954248366,0.0
lightning_a100_qwen35,2026-05-11T10:01:42.008063+00:00,classification,cls_003,1,ollama_local,qwen3.5:9b,Qwen 3.5 9B,qwen3.5,9B,cpu,CPU / num_gpu=0,61,96,157,14.237669601000109,0.0029853480001076,1.213448153,13.0212361,4.720000106317457e-06,12.654143426,0.3670926740000002,14.237674321000211,14.251578173000324,893.2969489417859,660.7291473721917,1554.0260963139776,52.23380281690141,46.65333802816901,46.701,1,cpu:tdp_estimate_120w;gpu:nvml,0.0,7.770130481569888e-05,0.0,7.770130481569888e-05,0.0004949127695267,9898.255390534889,,False,,,,,,,893.2969489417859,5689.789483705643,46.69138954248366,0.0
lightning_a100_qwen35,2026-05-11T10:01:56.830922+00:00,classification,cls_004,1,ollama_local,qwen3.5:9b,Qwen 3.5 9B,qwen3.5,9B,cpu,CPU / num_gpu=0,68,96,164,14.809689335999792,0.0024803079997912,1.492643477,13.314565551,4.330999672674807e-06,12.94610503,0.3684605210000011,14.809693666999465,14.820364874000006,929.2969601601004,689.1252764419239,1618.4222366020244,52.25337837837838,46.67927027027027,46.749,1,cpu:tdp_estimate_120w;gpu:nvml,0.0,8.092111183010122e-05,0.0,8.092111183010122e-05,0.0004934214135981,9868.428271963565,,False,,,,,,,929.2969601601004,5666.444879025003,46.69138954248366,0.0
lightning_a100_qwen35,2026-05-11T10:02:11.383028+00:00,classification,cls_005,1,ollama_local,qwen3.5:9b,Qwen 3.5 9B,qwen3.5,9B,cpu,CPU / num_gpu=0,66,96,162,14.53265178499987,0.0026366819998706,1.49949424,13.030520863,4.050999905302888e-06,12.659114219,0.3714066440000003,14.532655835999776,14.546778760000052,911.2944925205992,674.8454988614695,1586.1399913820687,52.204827586206896,46.676944827586205,46.749,1,cpu:tdp_estimate_120w;gpu:nvml,0.0,7.930699956910343e-05,0.0,7.930699956910343e-05,0.0004895493800561,9790.98760112388,,False,,,,,,,911.2944925205992,5625.274645188883,46.69138954248366,0.0
lightning_a100_qwen35,2026-05-11T10:02:25.899066+00:00,classification,cls_006,1,ollama_local,qwen3.5:9b,Qwen 3.5 9B,qwen3.5,9B,cpu,CPU / num_gpu=0,66,96,162,14.50224940199996,0.0025554509999619,1.508548648,12.991145303,4.590999651554739e-06,12.612062849,0.3790824539999988,14.502253992999613,14.513527132000036,909.7519216816112,674.7842208378422,1584.5361425194533,52.23586206896552,46.66304827586207,46.749,1,cpu:tdp_estimate_120w;gpu:nvml,0.0,7.922680712597266e-05,0.0,7.922680712597266e-05,0.0004890543649751,9781.087299502798,,False,,,,,,,909.7519216816112,5615.752602972909,46.69138954248366,0.0
lightning_a100_qwen35,2026-05-11T10:02:40.088089+00:00,classification,cls_007,1,ollama_local,qwen3.5:9b,Qwen 3.5 9B,qwen3.5,9B,cpu,CPU / num_gpu=0,61,96,157,14.175693752999903,0.0024869379999046,1.215701567,12.957505248,4.629999693861464e-06,12.582316315,0.3751889330000004,14.1756983829996,14.18648393400008,889.6843599093635,660.6593946400822,1550.3437545494455,52.261267605633805,46.65987323943662,46.701,1,cpu:tdp_estimate_120w;gpu:nvml,0.0,7.751718772747228e-05,0.0,7.751718772747228e-05,0.0004937400492195,9874.800984391375,,False,,,,,,,889.6843599093635,5666.779362480022,46.69138954248366,0.0
lightning_a100_qwen35,2026-05-11T10:02:54.797961+00:00,classification,cls_008,1,ollama_local,qwen3.5:9b,Qwen 3.5 9B,qwen3.5,9B,cpu,CPU / num_gpu=0,65,96,161,14.696401717999834,0.0058344939998331,1.430872543,13.259694681,4.00099997932557e-06,12.878725045,0.3809696360000014,14.696405718999811,14.707344031000048,922.1564737412668,684.401974105579,1606.558447846846,52.250340136054426,46.67748979591837,46.749,1,cpu:tdp_estimate_120w;gpu:nvml,0.0,8.03279223923423e-05,0.0,8.03279223923423e-05,0.0004989311949834,9978.62389966985,,False,,,,,,,922.1564737412668,5727.679961125881,46.69138954248366,0.0
lightning_a100_qwen35,2026-05-11T10:02:56.436501+00:00,rag_rank,rag_001,0,ollama_local,qwen3-embedding:0.6b,Qwen3 Embed 0.6B,qwen3-embedding,0.6B,cpu,CPU / num_gpu=0,14,0,14,0.1238816350000888,0.0017396440000888,0.0,0.122141991,0.0005612609998024,0.0,0.0,0.1244428959998913,0.1354330799999843,2.9984883911996523,4.729718742305149,7.728207133504801,18.45,46.653,46.653,1,cpu:tdp_estimate_120w;gpu:nvml,0.0,3.864103566752401e-07,0.0,3.864103566752401e-07,2.7600739762517147e-05,552.0147952503429,,,How should I explain CPU and GPU energy measurement on the poster?,doc_energy,doc_cpu_gpu|doc_energy|doc_cost,True,,,2.9984883911996523,214.1777422285466,46.69138954248366,0.0
lightning_a100_qwen35,2026-05-11T10:02:56.578650+00:00,rag_rank,rag_002,0,ollama_local,qwen3-embedding:0.6b,Qwen3 Embed 0.6B,qwen3-embedding,0.6B,cpu,CPU / num_gpu=0,11,0,11,0.1292001589999927,0.0017973439999927,0.0,0.127402815,0.0004335799999353,0.0,0.0,0.129633738999928,0.1399290489998748,2.9720930007573405,4.73966753215963,7.711760532916971,17.7,46.677,46.701,1,cpu:tdp_estimate_120w;gpu:nvml,0.0,3.855880266458486e-07,0.0,3.855880266458486e-07,3.505345696780441e-05,701.0691393560883,,,Why can batching make embedding jobs cheaper or faster?,doc_batching,doc_batching|doc_latency|doc_rag,True,,,2.9720930007573405,270.19027279612186,46.69138954248366,0.0
lightning_a100_qwen35,2026-05-11T10:02:56.726444+00:00,rag_rank,rag_003,0,ollama_local,qwen3-embedding:0.6b,Qwen3 Embed 0.6B,qwen3-embedding,0.6B,cpu,CPU / num_gpu=0,15,0,15,0.1349917419997837,0.0016455609997836,0.0,0.133346181,0.0004761400000461,0.0,0.0,0.1354678819998298,0.1455860579999353,3.5115357189584393,4.733256424256819,8.244792143215259,20.1,46.701,46.701,1,cpu:tdp_estimate_120w;gpu:nvml,0.0,4.12239607160763e-07,0.0,4.12239607160763e-07,2.748264047738419e-05,549.6528095476839,,,Which latency buckets should a Python developer inspect for an LLM call?,doc_latency,doc_latency|doc_classification|doc_cost,True,,,3.5115357189584393,234.10238126389595,46.69138954248366,0.0
lightning_a100_qwen35,2026-05-11T10:02:56.865219+00:00,rag_rank,rag_004,0,ollama_local,qwen3-embedding:0.6b,Qwen3 Embed 0.6B,qwen3-embedding,0.6B,cpu,CPU / num_gpu=0,13,0,13,0.1245967800000471,0.0017315530000471,0.0,0.122865227,0.0004193969998596,0.0,0.0,0.1250161769999067,0.1351326160001917,3.3323703105647264,4.742789639485028,8.075159950049754,20.549999999999997,46.701,46.701,1,cpu:tdp_estimate_120w;gpu:nvml,0.0,4.037579975024877e-07,0.0,4.037579975024877e-07,3.105830750019136e-05,621.1661500038273,,,"For a short classification task, what usually dominates the request?",doc_classification,doc_classification|doc_latency|doc_rag,True,,,3.3323703105647264,256.3361777357482,46.69138954248366,0.0
lightning_a100_qwen35,2026-05-11T10:02:57.002320+00:00,rag_rank,rag_001,1,ollama_local,qwen3-embedding:0.6b,Qwen3 Embed 0.6B,qwen3-embedding,0.6B,cpu,CPU / num_gpu=0,14,0,14,0.1242342430000462,0.0017183430000462,0.0,0.1225159,0.0005020599996896,0.0,0.0,0.1247363029997359,0.1349197000004096,3.1490257980095597,4.733731373437247,7.882757171446807,19.45,46.701,46.701,1,cpu:tdp_estimate_120w;gpu:nvml,0.0,3.941378585723403e-07,0.0,3.941378585723403e-07,2.815270418373859e-05,563.054083674772,,,How should I explain CPU and GPU energy measurement on the poster?,doc_energy,doc_cpu_gpu|doc_energy|doc_cost,True,,,3.1490257980095597,224.93041414354,46.69138954248366,0.0
lightning_a100_qwen35,2026-05-11T10:02:57.135680+00:00,rag_rank,rag_002,1,ollama_local,qwen3-embedding:0.6b,Qwen3 Embed 0.6B,qwen3-embedding,0.6B,cpu,CPU / num_gpu=0,11,0,11,0.1202998160001698,0.0016323720001698,0.0,0.118667444,0.0004148879997956,0.0,0.0,0.1207147039999654,0.1311675679999098,3.1244114697578516,4.73279637270774,7.857207842465591,19.85,46.701,46.701,1,cpu:tdp_estimate_120w;gpu:nvml,0.0,3.928603921232796e-07,0.0,3.928603921232796e-07,3.571458110211633e-05,714.2916220423265,,,Why can batching make embedding jobs cheaper or faster?,doc_batching,doc_batching|doc_latency|doc_rag,True,,,3.1244114697578516,284.0374063416229,46.69138954248366,0.0
lightning_a100_qwen35,2026-05-11T10:02:57.279521+00:00,rag_rank,rag_003,1,ollama_local,qwen3-embedding:0.6b,Qwen3 Embed 0.6B,qwen3-embedding,0.6B,cpu,CPU / num_gpu=0,15,0,15,0.1305376859995703,0.0016306219995703,0.0,0.128907064,0.0004680600000028,0.0,0.0,0.1310057459995732,0.1416557229999853,3.1957531108796684,4.733001390095788,7.928754500975456,18.8,46.701,46.701,1,cpu:tdp_estimate_120w;gpu:nvml,0.0,3.964377250487728e-07,0.0,3.964377250487728e-07,2.6429181669918188e-05,528.5836333983638,,,Which latency buckets should a Python developer inspect for an LLM call?,doc_latency,doc_latency|doc_classification|doc_cost,True,,,3.1957531108796684,213.0502073919779,46.69138954248366,0.0
lightning_a100_qwen35,2026-05-11T10:02:57.416466+00:00,rag_rank,rag_004,1,ollama_local,qwen3-embedding:0.6b,Qwen3 Embed 0.6B,qwen3-embedding,0.6B,cpu,CPU / num_gpu=0,13,0,13,0.123576659000264,0.001600350000264,0.0,0.121976309,0.0003717679996952,0.0,0.0,0.1239484269999593,0.1348806709997916,3.3666215481547983,4.730693738856335,8.097315287011133,20.8,46.677,46.701,1,cpu:tdp_estimate_120w;gpu:nvml,0.0,4.048657643505567e-07,0.0,4.048657643505567e-07,3.11435203346582e-05,622.8704066931641,,,"For a short classification task, what usually dominates the request?",doc_classification,doc_classification|doc_latency|doc_rag,True,,,3.3666215481547983,258.97088831959985,46.69138954248366,0.0
lightning_a100_qwen35,2026-05-11T10:03:02.788681+00:00,rag_rank,rag_001,0,ollama_local,qwen3-embedding:4b,Qwen3 Embed 4B,qwen3-embedding,4B,cpu,CPU / num_gpu=0,14,0,14,0.2596998149997489,0.0018812679997489,0.0,0.257818547,0.0008813780000309,0.0,0.0,0.2605811929997799,0.2719017230001554,11.039209953806312,9.431365327373658,20.47057528117997,33.833333333333336,46.685,46.701,1,cpu:tdp_estimate_120w;gpu:nvml,0.0,1.0235287640589984e-06,0.0,1.0235287640589984e-06,7.31091974327856e-05,1462.183948655712,,,How should I explain CPU and GPU energy measurement on the poster?,doc_energy,doc_energy|doc_cpu_gpu|doc_cost,True,,,11.039209953806312,788.5149967004509,46.69138954248366,0.0
lightning_a100_qwen35,2026-05-11T10:03:03.028390+00:00,rag_rank,rag_002,0,ollama_local,qwen3-embedding:4b,Qwen3 Embed 4B,qwen3-embedding,4B,cpu,CPU / num_gpu=0,11,0,11,0.2262488520000261,0.001920967000026,0.0,0.224327885,0.0008276969997496,0.0,0.0,0.2270765489997757,0.2375184410002475,9.63374796697004,9.40903385273806,19.0427818197081,33.800000000000004,46.669,46.701,1,cpu:tdp_estimate_120w;gpu:nvml,0.0,9.52139090985405e-07,0.0,9.52139090985405e-07,8.655809918049137e-05,1731.1619836098273,,,Why can batching make embedding jobs cheaper or faster?,doc_batching,doc_batching|doc_cost|doc_rag,True,,,9.63374796697004,875.795269724549,46.69138954248366,0.0
lightning_a100_qwen35,2026-05-11T10:03:03.304763+00:00,rag_rank,rag_003,0,ollama_local,qwen3-embedding:4b,Qwen3 Embed 4B,qwen3-embedding,4B,cpu,CPU / num_gpu=0,15,0,15,0.2629824180003197,0.0019204860003197,0.0,0.261061932,0.0008620969997537,0.0,0.0,0.2638445150000734,0.2741626270003507,10.144017199012977,9.422162575079508,19.566179774092483,30.833333333333332,46.685,46.701,1,cpu:tdp_estimate_120w;gpu:nvml,0.0,9.78308988704624e-07,0.0,9.78308988704624e-07,6.522059924697495e-05,1304.4119849394988,,,Which latency buckets should a Python developer inspect for an LLM call?,doc_latency,doc_latency|doc_batching|doc_classification,True,,,10.144017199012977,676.2678132675318,46.69138954248366,0.0
lightning_a100_qwen35,2026-05-11T10:03:03.562338+00:00,rag_rank,rag_004,0,ollama_local,qwen3-embedding:4b,Qwen3 Embed 4B,qwen3-embedding,4B,cpu,CPU / num_gpu=0,13,0,13,0.2439638470000318,0.0021325210000318,0.0,0.241831326,0.0008218759999181,0.0,0.0,0.2447857229999499,0.2553622890000042,10.40856689964017,9.422502727827949,19.83106962746812,33.96666666666667,46.669,46.701,1,cpu:tdp_estimate_120w;gpu:nvml,0.0,9.91553481373406e-07,0.0,9.91553481373406e-07,7.627334472103123e-05,1525.4668944206244,,,"For a short classification task, what usually dominates the request?",doc_classification,doc_classification|doc_summarization|doc_batching,True,,,10.40856689964017,800.6589922800131,46.69138954248366,0.0
lightning_a100_qwen35,2026-05-11T10:03:03.837218+00:00,rag_rank,rag_001,1,ollama_local,qwen3-embedding:4b,Qwen3 Embed 4B,qwen3-embedding,4B,cpu,CPU / num_gpu=0,14,0,14,0.2609932999998818,0.0018681079998818,0.0,0.259125192,0.0008854759998939,0.0,0.0,0.2618787759997758,0.2726415160000215,10.687547427200842,9.420237081191186,20.10778450839203,32.666666666666664,46.685,46.701,1,cpu:tdp_estimate_120w;gpu:nvml,0.0,1.0053892254196014e-06,0.0,1.0053892254196014e-06,7.18135161014001e-05,1436.2703220280025,,,How should I explain CPU and GPU energy measurement on the poster?,doc_energy,doc_energy|doc_cpu_gpu|doc_cost,True,,,10.687547427200842,763.3962448000602,46.69138954248366,0.0
lightning_a100_qwen35,2026-05-11T10:03:04.082836+00:00,rag_rank,rag_002,1,ollama_local,qwen3-embedding:4b,Qwen3 Embed 4B,qwen3-embedding,4B,cpu,CPU / num_gpu=0,11,0,11,0.2321424779997869,0.0018906479997869,0.0,0.23025183,0.0008593060001658,0.0,0.0,0.2330017839999527,0.2434026569999332,9.60953689835736,9.429612101857574,19.039149000214938,32.9,46.685,46.701,1,cpu:tdp_estimate_120w;gpu:nvml,0.0,9.519574500107468e-07,0.0,9.519574500107468e-07,8.654158636461334e-05,1730.8317272922666,,,Why can batching make embedding jobs cheaper or faster?,doc_batching,doc_batching|doc_cost|doc_rag,True,,,9.60953689835736,873.5942634870328,46.69138954248366,0.0
lightning_a100_qwen35,2026-05-11T10:03:04.359353+00:00,rag_rank,rag_003,1,ollama_local,qwen3-embedding:4b,Qwen3 Embed 4B,qwen3-embedding,4B,cpu,CPU / num_gpu=0,15,0,15,0.26262866199977,0.0018627459997699,0.0,0.260765916,0.0009495780000179,0.0,0.0,0.2635782399997879,0.2742881190001753,10.39003394772664,9.422221246500362,19.812255194227,31.566666666666663,46.701,46.701,1,cpu:tdp_estimate_120w;gpu:nvml,0.0,9.9061275971135e-07,0.0,9.9061275971135e-07,6.604085064742333e-05,1320.8170129484668,,,Which latency buckets should a Python developer inspect for an LLM call?,doc_latency,doc_latency|doc_batching|doc_classification,True,,,10.39003394772664,692.6689298484426,46.69138954248366,0.0
lightning_a100_qwen35,2026-05-11T10:03:04.618279+00:00,rag_rank,rag_004,1,ollama_local,qwen3-embedding:4b,Qwen3 Embed 4B,qwen3-embedding,4B,cpu,CPU / num_gpu=0,13,0,13,0.2453903760001594,0.0019188680001594,0.0,0.243471508,0.0008796770002845,0.0,0.0,0.246270053000444,0.2567198460001236,10.515244892165065,9.416297213615689,19.93154210578075,34.13333333333333,46.685,46.701,1,cpu:tdp_estimate_120w;gpu:nvml,0.0,9.965771052890377e-07,0.0,9.965771052890377e-07,7.665977732992596e-05,1533.1955465985193,,,"For a short classification task, what usually dominates the request?",doc_classification,doc_classification|doc_summarization|doc_batching,True,,,10.515244892165065,808.864991705005,46.69138954248366,0.0
lightning_a100_qwen35,2026-05-11T10:03:06.159786+00:00,batch_embeddings,batch_0,0,ollama_local,qwen3-embedding:0.6b,Qwen3 Embed 0.6B,qwen3-embedding,0.6B,cpu,CPU / num_gpu=0,196,0,196,1.528090678999888,0.002035430999888,0.0,1.526055248,1.439999778085621e-06,0.0,0.0,1.528092118999666,1.538629063999906,30.130203645778163,70.33032990557794,100.46053355135612,16.31875,46.689,46.701,1,cpu:tdp_estimate_120w;gpu:nvml,0.0,5.023026677567805e-06,0.0,5.023026677567805e-06,2.5627687130447983e-05,512.5537426089597,,,,,,,4.0,1024.0,30.130203645778163,153.72552880499063,46.69138954248366,0.0
lightning_a100_qwen35,2026-05-11T10:03:06.547068+00:00,batch_embeddings,batch_1,0,ollama_local,qwen3-embedding:0.6b,Qwen3 Embed 0.6B,qwen3-embedding,0.6B,cpu,CPU / num_gpu=0,163,0,163,0.3734319929999401,0.00206619099994,0.0,0.371365802,1.1699999049596954e-06,0.0,0.0,0.3734331629998451,0.3850084789996799,16.21655713546652,14.103259114198991,30.31981624966551,35.1,46.665,46.701,1,cpu:tdp_estimate_120w;gpu:nvml,0.0,1.5159908124832756e-06,0.0,1.5159908124832756e-06,9.300557131799236e-06,186.01114263598473,,,,,,,4.0,1024.0,16.21655713546652,99.48808058568417,46.69138954248366,0.0
lightning_a100_qwen35,2026-05-11T10:03:07.146056+00:00,batch_embeddings,batch_2,0,ollama_local,qwen3-embedding:0.6b,Qwen3 Embed 0.6B,qwen3-embedding,0.6B,cpu,CPU / num_gpu=0,330,0,330,0.58624046299974,0.0018943879997399,0.0,0.584346075,7.199996616691351e-07,0.0,0.0,0.5862411829994016,0.5967323569998371,31.113625093971507,23.456451269711327,54.57007636368283,43.45,46.661,46.701,1,cpu:tdp_estimate_120w;gpu:nvml,0.0,2.7285038181841415e-06,0.0,2.7285038181841415e-06,8.268193388436793e-06,165.36386776873584,,,,,,,3.0,1024.0,31.113625093971507,94.28371240597426,46.69138954248366,0.0
lightning_a100_qwen35,2026-05-11T10:03:07.571419+00:00,batch_embeddings,batch_0,1,ollama_local,qwen3-embedding:0.6b,Qwen3 Embed 0.6B,qwen3-embedding,0.6B,cpu,CPU / num_gpu=0,196,0,196,0.4119693850002477,0.0020741910002476,0.0,0.409895194,7.600001481478103e-07,0.0,0.0,0.4119701450003958,0.4231243110002651,21.274690357093327,18.7726990838027,40.047389440896026,41.9,46.653,46.653,1,cpu:tdp_estimate_120w;gpu:nvml,0.0,2.002369472044801e-06,0.0,2.002369472044801e-06,1.021617077573878e-05,204.3234155147757,,,,,,,4.0,1024.0,21.274690357093327,108.5443385565986,46.69138954248366,0.0
lightning_a100_qwen35,2026-05-11T10:03:07.952535+00:00,batch_embeddings,batch_1,1,ollama_local,qwen3-embedding:0.6b,Qwen3 Embed 0.6B,qwen3-embedding,0.6B,cpu,CPU / num_gpu=0,163,0,163,0.3683861539998361,0.001999488999836,0.0,0.366386665,7.099997674231417e-07,0.0,0.0,0.3683868639996035,0.378891090000252,14.458483994409615,14.087841114660598,28.546325109070217,31.8,46.665,46.701,1,cpu:tdp_estimate_120w;gpu:nvml,0.0,1.427316255453511e-06,0.0,1.427316255453511e-06,8.756541444500069e-06,175.13082889000134,,,,,,,4.0,1024.0,14.458483994409615,88.70235579392401,46.69138954248366,0.0
lightning_a100_qwen35,2026-05-11T10:03:08.545426+00:00,batch_embeddings,batch_2,1,ollama_local,qwen3-embedding:0.6b,Qwen3 Embed 0.6B,qwen3-embedding,0.6B,cpu,CPU / num_gpu=0,330,0,330,0.5794129589999102,0.0019801779999102,0.0,0.577432781,6.800000846851617e-07,0.0,0.0,0.5794136389999949,0.5906317679996391,30.65378875918127,23.476874211611538,54.13066297079281,43.25,46.661,46.701,1,cpu:tdp_estimate_120w;gpu:nvml,0.0,2.7065331485396407e-06,0.0,2.7065331485396407e-06,8.201615601635274e-06,164.03231203270548,,,,,,,3.0,1024.0,30.65378875918127,92.89026896721597,46.69138954248366,0.0
lightning_a100_qwen35,2026-05-11T10:03:11.934269+00:00,batch_embeddings,batch_0,0,ollama_local,qwen3-embedding:4b,Qwen3 Embed 4B,qwen3-embedding,4B,cpu,CPU / num_gpu=0,196,0,196,3.3751734190000207,0.0027705350000206,0.0,3.372402884,7.310000000870787e-07,0.0,0.0,3.3751741500000207,3.3865544899999804,147.19559486241087,154.77013230290726,301.9657271653181,36.22058823529411,46.69817647058824,46.749,1,cpu:tdp_estimate_120w;gpu:nvml,0.0,1.5098286358265906e-05,0.0,1.5098286358265906e-05,7.703207325645871e-05,1540.6414651291743,,,,,,,4.0,2560.0,147.19559486241087,750.997932971484,46.69138954248366,0.0
lightning_a100_qwen35,2026-05-11T10:03:13.754100+00:00,batch_embeddings,batch_1,0,ollama_local,qwen3-embedding:4b,Qwen3 Embed 4B,qwen3-embedding,4B,cpu,CPU / num_gpu=0,163,0,163,1.80608372100005,0.00276871600005,0.0,1.803315005,9.499999578110874e-07,0.0,0.0,1.806084671000008,1.8175429829998393,108.7011873366104,79.70543143955719,188.4066187761676,49.83888888888889,46.662777777777784,46.749,1,cpu:tdp_estimate_120w;gpu:nvml,0.0,9.420330938808378e-06,0.0,9.420330938808378e-06,5.779344134238269e-05,1155.868826847654,,,,,,,4.0,2560.0,108.7011873366104,666.8784499178553,46.69138954248366,0.0
lightning_a100_qwen35,2026-05-11T10:03:17.162327+00:00,batch_embeddings,batch_2,0,ollama_local,qwen3-embedding:4b,Qwen3 Embed 4B,qwen3-embedding,4B,cpu,CPU / num_gpu=0,330,0,330,3.3942203000001427,0.0023836980001425,0.0,3.391836602,7.900002856331412e-07,0.0,0.0,3.3942210900004284,3.405963086999691,211.53434979505963,154.73208301111794,366.2664328061776,51.75588235294118,46.69535294117647,46.749,1,cpu:tdp_estimate_120w;gpu:nvml,0.0,1.831332164030888e-05,0.0,1.831332164030888e-05,5.5494914061542054e-05,1109.8982812308411,,,,,,,3.0,2560.0,211.53434979505963,641.0131811971503,46.69138954248366,0.0
lightning_a100_qwen35,2026-05-11T10:03:19.309837+00:00,batch_embeddings,batch_0,1,ollama_local,qwen3-embedding:4b,Qwen3 Embed 4B,qwen3-embedding,4B,cpu,CPU / num_gpu=0,196,0,196,2.133949743999892,0.0028437159998921,0.0,2.131106028,8.699998943484388e-07,0.0,0.0,2.1339506139997866,2.145270182999866,130.38952172273184,98.49088881740528,228.88041054013712,50.65,46.696636363636365,46.701,1,cpu:tdp_estimate_120w;gpu:nvml,0.0,1.1444020527006856e-05,0.0,1.1444020527006856e-05,5.838785983166763e-05,1167.7571966333526,,,,,,,4.0,2560.0,130.38952172273184,665.2526618506727,46.69138954248366,0.0
lightning_a100_qwen35,2026-05-11T10:03:21.140506+00:00,batch_embeddings,batch_1,1,ollama_local,qwen3-embedding:4b,Qwen3 Embed 4B,qwen3-embedding,4B,cpu,CPU / num_gpu=0,163,0,163,1.8168103289999635,0.0026614119999635,0.0,1.814148917,7.500002539018169e-07,0.0,0.0,1.8168110790002177,1.8283721530001456,108.6976867969918,84.36308939467574,193.06077619166751,49.54210526315789,46.67826315789473,46.701,1,cpu:tdp_estimate_120w;gpu:nvml,0.0,9.653038809583376e-06,0.0,9.653038809583376e-06,5.922109699130906e-05,1184.4219398261812,,,,,,,4.0,2560.0,108.6976867969918,666.8569742146736,46.69138954248366,0.0
lightning_a100_qwen35,2026-05-11T10:03:24.551249+00:00,batch_embeddings,batch_2,1,ollama_local,qwen3-embedding:4b,Qwen3 Embed 4B,qwen3-embedding,4B,cpu,CPU / num_gpu=0,330,0,330,3.3974572130000524,0.0024078870000523,0.0,3.395049326,8.590000106778461e-07,0.0,0.0,3.397458072000063,3.4085005679999085,207.6618946052274,154.6948814807993,362.3567760860267,50.77058823529412,46.69958823529412,46.749,1,cpu:tdp_estimate_120w;gpu:nvml,0.0,1.8117838804301333e-05,0.0,1.8117838804301333e-05,5.490254183121616e-05,1098.0508366243234,,,,,,,3.0,2560.0,207.6618946052274,629.278468500689,46.69138954248366,0.0
lightning_a100_qwen35,2026-05-11T10:03:29.636102+00:00,chat,chat_001,0,ollama_local,qwen3.5:0.8b,Qwen 3.5 0.8B,qwen3.5,0.8B,gpu,A100 40GB / Ollama GPU,59,96,155,3.761073142999976,0.0024935079999761,0.030399283,3.728180352,1.7300003491982352e-06,0.460488214,3.2676921379999997,3.761074873000325,3.7719671049999306,21.512123973568023,205.3191317299598,226.8312557035278,4.752631578947368,56.09257894736842,128.731,1,cpu:tdp_estimate_120w;gpu:nvml,0.0,1.1341562785176389e-05,0.0,1.1341562785176389e-05,7.31713728075896e-05,1463.4274561517925,,,,,,,,,29.200746288973647,188.39191154176547,46.69138954248366,29.200746288973647
lightning_a100_qwen35,2026-05-11T10:03:30.456975+00:00,chat,chat_002,0,ollama_local,qwen3.5:0.8b,Qwen 3.5 0.8B,qwen3.5,0.8B,gpu,A100 40GB / Ollama GPU,52,96,148,0.8088144319999628,0.0028547259999628,0.023422127,0.782537579,2.1500000002561137e-06,0.418979385,0.363558194,0.8088165819999631,0.818561592000151,5.3261074252809815,83.17160982077588,88.49771724605687,5.422222222222222,105.80988888888888,130.352,1,cpu:tdp_estimate_120w;gpu:nvml,0.0,4.424885862302843e-06,0.0,4.424885862302843e-06,2.9897877447992176e-05,597.9575489598436,,,,,,,,,44.951831664181256,303.7285923255491,46.69138954248366,44.951831664181256
lightning_a100_qwen35,2026-05-11T10:03:31.273083+00:00,chat,chat_003,0,ollama_local,qwen3.5:0.8b,Qwen 3.5 0.8B,qwen3.5,0.8B,gpu,A100 40GB / Ollama GPU,54,96,150,0.8036348509999698,0.0027489929999697,0.024185962,0.776699896,2.27999998969608e-06,0.41851811,0.358181786,0.8036371309999595,0.813836430000265,5.4445657167017725,70.38334498389493,75.8279107005967,5.575,102.9445,126.106,1,cpu:tdp_estimate_120w;gpu:nvml,0.0,3.791395535029835e-06,0.0,3.791395535029835e-06,2.5275970233532233e-05,505.5194046706447,,,,,,,,,32.38419120688832,215.89460804592213,46.69138954248366,32.38419120688832
lightning_a100_qwen35,2026-05-11T10:03:32.081562+00:00,chat,chat_004,0,ollama_local,qwen3.5:0.8b,Qwen 3.5 0.8B,qwen3.5,0.8B,gpu,A100 40GB / Ollama GPU,50,96,146,0.7950330329999815,0.0026003109999814,0.022908577,0.769524145,2.0900001800328027e-06,0.419687952,0.349836193,0.7950351230001615,0.8048006929998337,5.22718050103392,71.49639043509951,76.72357093613343,5.4125,105.052,132.424,1,cpu:tdp_estimate_120w;gpu:nvml,0.0,3.8361785468066715e-06,0.0,3.8361785468066715e-06,2.6275195526073097e-05,525.5039105214619,,,,,,,,,33.91912777418347,232.3227929738594,46.69138954248366,33.91912777418347
lightning_a100_qwen35,2026-05-11T10:03:32.962393+00:00,chat,chat_005,0,ollama_local,qwen3.5:0.8b,Qwen 3.5 0.8B,qwen3.5,0.8B,gpu,A100 40GB / Ollama GPU,66,96,162,0.8688584239998818,0.0027597349998818,0.087489054,0.778609635,2.0690004021162167e-06,0.416558941,0.362050694,0.8688604930002839,0.8785885830002371,12.499386907483377,77.68273395206378,90.18212085954715,11.855555555555556,100.009,129.939,1,cpu:tdp_estimate_120w;gpu:nvml,0.0,4.509106042977358e-06,0.0,4.509106042977358e-06,2.783398791961332e-05,556.6797583922663,,,,,,,,,36.66021217562098,226.29760602235172,46.69138954248366,36.66021217562098
lightning_a100_qwen35,2026-05-11T10:03:33.825012+00:00,chat,chat_001,1,ollama_local,qwen3.5:0.8b,Qwen 3.5 0.8B,qwen3.5,0.8B,gpu,A100 40GB / Ollama GPU,59,96,155,0.8505343059996449,0.0028592759996448,0.07899913,0.7686759,2.159999894502107e-06,0.415749868,0.3529260319999999,0.8505364659995394,0.860366177999822,11.88452480543754,78.00149229241666,89.8860170978542,11.511111111111113,100.41955555555556,129.939,1,cpu:tdp_estimate_120w;gpu:nvml,0.0,4.4943008548927094e-06,0.0,4.4943008548927094e-06,2.899548938640458e-05,579.9097877280915,,,,,,,,,37.82979992624913,244.06322533063954,46.69138954248366,37.82979992624913
lightning_a100_qwen35,2026-05-11T10:03:34.639459+00:00,chat,chat_002,1,ollama_local,qwen3.5:0.8b,Qwen 3.5 0.8B,qwen3.5,0.8B,gpu,A100 40GB / Ollama GPU,52,96,148,0.8025266800000281,0.0025802510000281,0.025553718,0.7743927110000001,2.2500003069581e-06,0.416755698,0.357637013,0.8025289300003351,0.8121924369997942,5.384835857308635,68.96141979039763,74.34625564770626,5.5249999999999995,101.210625,124.373,1,cpu:tdp_estimate_120w;gpu:nvml,0.0,3.7173127823853127e-06,0.0,3.7173127823853127e-06,2.511697825936022e-05,502.33956518720447,,,,,,,,,31.039026330981116,209.72315088500753,46.69138954248366,31.039026330981116
lightning_a100_qwen35,2026-05-11T10:03:35.446468+00:00,chat,chat_003,1,ollama_local,qwen3.5:0.8b,Qwen 3.5 0.8B,qwen3.5,0.8B,gpu,A100 40GB / Ollama GPU,54,96,150,0.7946110550001322,0.0025328600001321,0.022551449,0.7695267459999999,2.0409997887327336e-06,0.415275427,0.3542513189999999,0.7946130959999209,0.8046818110001368,5.202267908115885,71.78214937467533,76.98441728279121,5.3875,104.825,130.073,1,cpu:tdp_estimate_120w;gpu:nvml,0.0,3.84922086413956e-06,0.0,3.84922086413956e-06,2.566147242759707e-05,513.2294485519415,,,,,,,,,34.21043747951673,228.06958319677818,46.69138954248366,34.21043747951673
lightning_a100_qwen35,2026-05-11T10:03:36.273116+00:00,chat,chat_004,1,ollama_local,qwen3.5:0.8b,Qwen 3.5 0.8B,qwen3.5,0.8B,gpu,A100 40GB / Ollama GPU,50,96,146,0.8145356939999147,0.0024634779999146,0.034158706,0.77791351,2.010000116570154e-06,0.41656034,0.36135317,0.8145377040000312,0.8243109939999158,6.990157229119286,83.44409267125239,90.43424990037168,7.066666666666666,105.759,133.301,1,cpu:tdp_estimate_120w;gpu:nvml,0.0,4.521712495018584e-06,0.0,4.521712495018584e-06,3.0970633527524545e-05,619.4126705504909,,,,,,,,,44.95586694625041,307.9168968921261,46.69138954248366,44.95586694625041
lightning_a100_qwen35,2026-05-11T10:03:37.084543+00:00,chat,chat_005,1,ollama_local,qwen3.5:0.8b,Qwen 3.5 0.8B,qwen3.5,0.8B,gpu,A100 40GB / Ollama GPU,66,96,162,0.7994938410001851,0.002584160000185,0.025543557,0.771366124,1.7789998310036026e-06,0.417692381,0.353673743,0.7994956200000161,0.8090726169998561,5.097157487099094,70.25800145066606,75.35515893776515,5.25,103.399125,130.218,1,cpu:tdp_estimate_120w;gpu:nvml,0.0,3.767757946888258e-06,0.0,3.767757946888258e-06,2.3257765104248502e-05,465.15530208497006,,,,,,,,,32.481276722169085,200.50170816153755,46.69138954248366,32.481276722169085
lightning_a100_qwen35,2026-05-11T10:03:41.594963+00:00,chat,chat_001,0,ollama_local,qwen3.5:4b,Qwen 3.5 4B,qwen3.5,4B,gpu,A100 40GB / Ollama GPU,59,96,155,4.498030412999924,0.0025250679999242,0.053770929,4.441734416,1.8199998521595264e-06,0.790099214,3.651635202,4.498032232999776,4.507794095000008,26.325517514800048,376.83173170860584,403.1572492234058,4.866666666666666,86.96526666666666,189.08,1,cpu:tdp_estimate_120w;gpu:nvml,0.0,2.0157862461170295e-05,0.0,2.0157862461170295e-05,0.0001300507255559,2601.0145111187476,,,,,,,,,166.35656164165286,1073.2681396235669,46.69138954248366,166.35656164165286
lightning_a100_qwen35,2026-05-11T10:03:42.824364+00:00,chat,chat_002,0,ollama_local,qwen3.5:4b,Qwen 3.5 4B,qwen3.5,4B,gpu,A100 40GB / Ollama GPU,52,96,148,1.2160295040002893,0.0029654490002892,0.050897622,1.162166433,2.781000148388557e-06,0.779578826,0.3825876070000001,1.2160322850004377,1.225980716000322,8.487558803079152,183.256796296059,191.74435509913815,5.769230769230769,154.6966153846154,187.932,1,cpu:tdp_estimate_120w;gpu:nvml,0.0,9.587217754956908e-06,0.0,9.587217754956908e-06,6.477849834430343e-05,1295.5699668860684,,,,,,,,,126.01405311371494,851.4463048223982,46.69138954248366,126.01405311371494
lightning_a100_qwen35,2026-05-11T10:03:44.029662+00:00,chat,chat_003,0,ollama_local,qwen3.5:4b,Qwen 3.5 4B,qwen3.5,4B,gpu,A100 40GB / Ollama GPU,54,96,150,1.192905482000242,0.003023738000242,0.059177564,1.13070418,2.019000021391548e-06,0.77812976,0.3525744199999999,1.1929075010002634,1.2027302940000482,8.972367993240358,165.0064506428149,173.97881863605528,6.216666666666666,152.44508333333332,192.301,1,cpu:tdp_estimate_120w;gpu:nvml,0.0,8.698940931802765e-06,0.0,8.698940931802765e-06,5.799293954535177e-05,1159.8587909070352,,,,,,,,,108.84930197111277,725.6620131407517,46.69138954248366,108.84930197111277
lightning_a100_qwen35,2026-05-11T10:03:45.212699+00:00,chat,chat_004,0,ollama_local,qwen3.5:4b,Qwen 3.5 4B,qwen3.5,4B,gpu,A100 40GB / Ollama GPU,50,96,146,1.1706542070000978,0.0027528320000977,0.03787291,1.130028465,1.9899998733308166e-06,0.776235447,0.353793018,1.1706561969999711,1.1804218590000346,6.846446782200201,155.60790827484996,162.45435505705015,4.833333333333333,144.81825,193.177,1,cpu:tdp_estimate_120w;gpu:nvml,0.0,8.122717752852507e-06,0.0,8.122717752852507e-06,5.56350531017295e-05,1112.70106203459,,,,,,,,,100.49237143181662,688.3039139165522,46.69138954248366,100.49237143181662
lightning_a100_qwen35,2026-05-11T10:03:46.414520+00:00,chat,chat_005,0,ollama_local,qwen3.5:4b,Qwen 3.5 4B,qwen3.5,4B,gpu,A100 40GB / Ollama GPU,66,96,162,1.189285933000065,0.0028604570000647,0.046334085,1.140091391,2.5600002118153498e-06,0.778411916,0.3616794749999998,1.1892884930002765,1.1992181059999891,7.183316454939934,169.0752407230717,176.2585571780116,4.991666666666666,155.669,189.211,1,cpu:tdp_estimate_120w;gpu:nvml,0.0,8.81292785890058e-06,0.0,8.81292785890058e-06,5.440078925247273e-05,1088.0157850494545,,,,,,,,,113.08208098942673,698.03753697177,46.69138954248366,113.08208098942673
lightning_a100_qwen35,2026-05-11T10:03:47.594967+00:00,chat,chat_001,1,ollama_local,qwen3.5:4b,Qwen 3.5 4B,qwen3.5,4B,gpu,A100 40GB / Ollama GPU,59,96,155,1.1679813980003928,0.0044510580003926,0.036542882,1.126987458,1.9899998733308166e-06,0.778055086,0.3489323720000001,1.167983388000266,1.1778537489999508,6.595980994399724,172.1051821545177,178.70116314891743,4.666666666666667,158.34366666666668,196.25,1,cpu:tdp_estimate_120w;gpu:nvml,0.0,8.935058157445871e-06,0.0,8.935058157445871e-06,5.7645536499650784e-05,1152.9107299930156,,,,,,,,,117.10955393588623,755.545509263782,46.69138954248366,117.10955393588623
lightning_a100_qwen35,2026-05-11T10:03:48.778190+00:00,chat,chat_002,1,ollama_local,qwen3.5:4b,Qwen 3.5 4B,qwen3.5,4B,gpu,A100 40GB / Ollama GPU,52,96,148,1.170767036000143,0.002529510000143,0.034205268,1.134032258,2.051000137726078e-06,0.776976841,0.357055417,1.1707690870002807,1.180573498000285,7.496641712301811,169.52913127310828,177.0257729854101,5.291666666666667,156.30341666666666,189.406,1,cpu:tdp_estimate_120w;gpu:nvml,0.0,8.851288649270505e-06,0.0,8.851288649270505e-06,5.980600438696288e-05,1196.1200877392575,,,,,,,,,114.40651419444441,773.0169878003001,46.69138954248366,114.40651419444441
lightning_a100_qwen35,2026-05-11T10:03:49.953095+00:00,chat,chat_003,1,ollama_local,qwen3.5:4b,Qwen 3.5 4B,qwen3.5,4B,gpu,A100 40GB / Ollama GPU,54,96,150,1.162558443999842,0.0035756679998419,0.035835737,1.123147039,2.2300000637187622e-06,0.776089659,0.3470573799999999,1.1625606739999057,1.1723351149998962,6.576799995149417,167.6466716428297,174.22347163797912,4.675,154.6074166666667,197.329,1,cpu:tdp_estimate_120w;gpu:nvml,0.0,8.711173581898955e-06,0.0,8.711173581898955e-06,5.807449054599303e-05,1161.4898109198607,,,,,,,,,112.90871611403716,752.7247740935811,46.69138954248366,112.90871611403716
lightning_a100_qwen35,2026-05-11T10:03:51.131098+00:00,chat,chat_004,1,ollama_local,qwen3.5:4b,Qwen 3.5 4B,qwen3.5,4B,gpu,A100 40GB / Ollama GPU,50,96,146,1.1656716050001703,0.0025049880001706,0.03601972,1.1271468969999998,2.0109996512474027e-06,0.779961788,0.3471851089999997,1.1656736159998218,1.1754670649997934,7.252631791048725,169.68652830159004,176.93916009263876,5.141666666666667,156.28383333333332,189.211,1,cpu:tdp_estimate_120w;gpu:nvml,0.0,8.846958004631937e-06,0.0,8.846958004631937e-06,6.059560277145162e-05,1211.9120554290323,,,,,,,,,114.80233767532474,786.3173813378406,46.69138954248366,114.80233767532474
lightning_a100_qwen35,2026-05-11T10:03:52.310960+00:00,chat,chat_005,1,ollama_local,qwen3.5:4b,Qwen 3.5 4B,qwen3.5,4B,gpu,A100 40GB / Ollama GPU,66,96,162,1.16750963100003,0.00399410700003,0.044004037,1.1195114869999998,2.34099979934399e-06,0.776783641,0.3427278459999998,1.1675119719998293,1.1773189929999717,6.66362550037984,173.25898674667917,179.92261224705902,4.716666666666667,159.311,195.653,1,cpu:tdp_estimate_120w;gpu:nvml,0.0,8.99613061235295e-06,0.0,8.99613061235295e-06,5.553167044662315e-05,1110.633408932463,,,,,,,,,118.28832702875289,730.1748582021783,46.69138954248366,118.28832702875289
lightning_a100_qwen35,2026-05-11T10:03:56.864416+00:00,chat,chat_001,0,ollama_local,qwen3.5:9b,Qwen 3.5 9B,qwen3.5,9B,gpu,A100 40GB / Ollama GPU,59,96,155,4.540756387999863,0.0027746739998635,0.060796423,4.477185291,1.7400002434442283e-06,0.958524152,3.518661139,4.540758128000107,4.550702193000234,31.364230940625955,459.51661704840166,490.8808479890276,5.743478260869565,104.10871739130437,244.653,1,cpu:tdp_estimate_120w;gpu:nvml,0.0,2.4544042399451376e-05,0.0,2.4544042399451376e-05,0.0001583486606416,3166.9732128324363,,,,,,,,,247.03800826319306,1593.7936016980198,46.69138954248366,247.03800826319306
lightning_a100_qwen35,2026-05-11T10:03:58.246218+00:00,chat,chat_002,0,ollama_local,qwen3.5:9b,Qwen 3.5 9B,qwen3.5,9B,gpu,A100 40GB / Ollama GPU,52,96,148,1.3690008920002583,0.0029712570002582,0.053172355,1.31285728,2.9600000743812416e-06,0.951926752,0.360930528,1.3690038520003327,1.3790184660001614,8.652355860961013,252.05352369210155,260.7058795530626,5.228571428571429,195.90721428571428,236.385,1,cpu:tdp_estimate_120w;gpu:nvml,0.0,1.3035293977653128e-05,0.0,1.3035293977653128e-05,8.807631065981843e-05,1761.5262131963686,,,,,,,,,187.66523530980976,1268.0083466879037,46.69138954248366,187.66523530980976
lightning_a100_qwen35,2026-05-11T10:03:59.664985+00:00,chat,chat_003,0,ollama_local,qwen3.5:9b,Qwen 3.5 9B,qwen3.5,9B,gpu,A100 40GB / Ollama GPU,54,96,150,1.40604389300006,0.0026096400000601,0.052129735,1.3513045179999998,2.8399999791872688e-06,0.944570904,0.4067336139999998,1.4060467330000392,1.416020428000138,8.969477968218019,247.8232749752001,256.7927529434181,5.278571428571429,192.93521428571427,242.236,1,cpu:tdp_estimate_120w;gpu:nvml,0.0,1.2839637647170906e-05,0.0,1.2839637647170906e-05,8.55975843144727e-05,1711.951686289454,,,,,,,,,181.7073135713312,1211.3820904755414,46.69138954248366,181.7073135713312
lightning_a100_qwen35,2026-05-11T10:04:01.009788+00:00,chat,chat_004,0,ollama_local,qwen3.5:9b,Qwen 3.5 9B,qwen3.5,9B,gpu,A100 40GB / Ollama GPU,50,96,146,1.3321005640000294,0.0025103590000294,0.042325495,1.28726471,2.4200003281293903e-06,0.94602485,0.3412398599999998,1.3321029840003575,1.3420923290000246,7.155269388325846,262.33892660856327,269.4941959968891,4.442857142857143,203.4182142857143,247.257,1,cpu:tdp_estimate_120w;gpu:nvml,0.0,1.3474709799844457e-05,0.0,1.3474709799844457e-05,9.229253287564696e-05,1845.8506575129393,,,,,,,,,199.67477087324397,1367.6354169400272,46.69138954248366,199.67477087324397
lightning_a100_qwen35,2026-05-11T10:04:02.370918+00:00,chat,chat_005,0,ollama_local,qwen3.5:9b,Qwen 3.5 9B,qwen3.5,9B,gpu,A100 40GB / Ollama GPU,66,96,162,1.3484040280000045,0.0025584700000045,0.055550922,1.290294636,2.051000137726078e-06,0.940418583,0.349876053,1.3484060790001422,1.3583839810003155,7.8126484392961,254.14511344298631,261.9577618822824,4.792857142857143,197.60585714285713,246.659,1,cpu:tdp_estimate_120w;gpu:nvml,0.0,1.309788809411412e-05,0.0,1.309788809411412e-05,8.085116107477852e-05,1617.0232214955704,,,,,,,,,190.72027783783085,1177.2856656656224,46.69138954248366,190.72027783783085
lightning_a100_qwen35,2026-05-11T10:04:03.764819+00:00,chat,chat_001,1,ollama_local,qwen3.5:9b,Qwen 3.5 9B,qwen3.5,9B,gpu,A100 40GB / Ollama GPU,59,96,155,1.381138756999917,0.0024092459999169,0.084329008,1.294400503,1.7899997146741953e-06,0.946959467,0.3474410359999998,1.3811405469996316,1.391150282000126,12.41303523053255,246.9079904587585,259.32102568929105,7.435714285714285,192.41357142857143,244.328,1,cpu:tdp_estimate_120w;gpu:nvml,0.0,1.2966051284464552e-05,0.0,1.2966051284464552e-05,8.365194377073904e-05,1673.038875414781,,,,,,,,,181.95325072975461,1173.8919401919652,46.69138954248366,181.95325072975461
lightning_a100_qwen35,2026-05-11T10:04:05.127527+00:00,chat,chat_002,1,ollama_local,qwen3.5:9b,Qwen 3.5 9B,qwen3.5,9B,gpu,A100 40GB / Ollama GPU,52,96,148,1.3500162129998898,0.0026510309998897,0.057977837,1.2893873450000002,2.0200000108161476e-06,0.94679457,0.3425927750000002,1.3500182329999006,1.3599524859996563,8.765865166900642,250.38390454432692,259.1497697112276,5.371428571428572,195.46264285714284,243.982,1,cpu:tdp_estimate_120w;gpu:nvml,0.0,1.295748848556138e-05,0.0,1.295748848556138e-05,8.755059787541473e-05,1751.0119575082945,,,,,,,,,186.8858332612479,1262.7421166300535,46.69138954248366,186.8858332612479
lightning_a100_qwen35,2026-05-11T10:04:06.560226+00:00,chat,chat_003,1,ollama_local,qwen3.5:9b,Qwen 3.5 9B,qwen3.5,9B,gpu,A100 40GB / Ollama GPU,54,96,150,1.419817017999776,0.002346433999776,0.124089072,1.2933815119999998,1.869999778136844e-06,0.942060498,0.3513210139999998,1.419818887999554,1.4299698360000548,16.793565753984648,267.6493920734393,284.4429578274239,9.786666666666669,193.69626666666667,244.328,1,cpu:tdp_estimate_120w;gpu:nvml,0.0,1.4222147891371196e-05,0.0,1.4222147891371196e-05,9.481431927580798e-05,1896.2863855161595,,,,,,,,,200.88211342675925,1339.2140895117284,46.69138954248366,200.88211342675925
lightning_a100_qwen35,2026-05-11T10:04:07.956391+00:00,chat,chat_004,1,ollama_local,qwen3.5:9b,Qwen 3.5 9B,qwen3.5,9B,gpu,A100 40GB / Ollama GPU,50,96,146,1.3825550449996626,0.0024882079996626,0.093830574,1.286236263,2.249999852210749e-06,0.939879712,0.3463565509999999,1.3825572949995149,1.3934322069999323,14.26078332992502,245.8682006262633,260.12898395618834,8.528571428571428,191.9077142857143,249.622,1,cpu:tdp_estimate_120w;gpu:nvml,0.0,1.3006449197809416e-05,0.0,1.3006449197809416e-05,8.908526847814669e-05,1781.7053695629338,,,,,,,,,180.80691464818673,1238.4035249875803,46.69138954248366,180.80691464818673
lightning_a100_qwen35,2026-05-11T10:04:09.328134+00:00,chat,chat_005,1,ollama_local,qwen3.5:9b,Qwen 3.5 9B,qwen3.5,9B,gpu,A100 40GB / Ollama GPU,66,96,162,1.356694214000072,0.0024577390000719,0.068517861,1.285718614,1.880000127130188e-06,0.943988528,0.3417300860000001,1.356696094000199,1.366653776000021,8.891058994148707,254.664623914733,263.5556829088817,5.421428571428572,198.4005,242.855,1,cpu:tdp_estimate_120w;gpu:nvml,0.0,1.3177784145444084e-05,0.0,1.3177784145444084e-05,8.134434657681533e-05,1626.8869315363067,,,,,,,,,190.8536600898098,1178.1090129000606,46.69138954248366,190.8536600898098
lightning_a100_qwen35,2026-05-11T10:04:10.141666+00:00,summarization,classroom_notebooks,0,ollama_local,qwen3.5:0.8b,Qwen 3.5 0.8B,qwen3.5,0.8B,gpu,A100 40GB / Ollama GPU,144,96,240,0.8008199470000363,0.0026599320000363,0.030308939,0.767851076,1.910000264615519e-06,0.416903001,0.350948075,0.800821857000301,0.8106233969997447,5.021811944413418,74.76387434529516,79.78568628970858,5.1625,115.821,238.736,1,cpu:tdp_estimate_120w;gpu:nvml,0.0,3.989284314485429e-06,0.0,3.989284314485429e-06,1.6622017977022622e-05,332.44035954045245,,,,,,,,,36.9147415437287,153.81142309886957,46.69138954248366,36.9147415437287
lightning_a100_qwen35,2026-05-11T10:04:10.971726+00:00,summarization,python_llm_costs,0,ollama_local,qwen3.5:0.8b,Qwen 3.5 0.8B,qwen3.5,0.8B,gpu,A100 40GB / Ollama GPU,175,96,271,0.8170740930004285,0.0028898750004285,0.042950965,0.771233253,1.4410002222575713e-06,0.420007107,0.351226146,0.8170755340006508,0.8274017630001254,6.497861845427651,87.62784165492164,94.12570350034927,6.544444444444444,111.63988888888888,134.588,1,cpu:tdp_estimate_120w;gpu:nvml,0.0,4.706285175017464e-06,0.0,4.706285175017464e-06,1.7366365959474038e-05,347.32731918948076,,,,,,,,,48.99530363054504,180.79447834149462,46.69138954248366,48.99530363054504
lightning_a100_qwen35,2026-05-11T10:04:11.787633+00:00,summarization,rag_pipeline,0,ollama_local,qwen3.5:0.8b,Qwen 3.5 0.8B,qwen3.5,0.8B,gpu,A100 40GB / Ollama GPU,159,96,255,0.8033410749999348,0.0027820119999347,0.038349365,0.762209698,1.8600003386382016e-06,0.418453713,0.343755985,0.8033429350002734,0.8131765469997845,5.635313470708507,73.74587544065457,79.38118891136308,5.775,107.452875,136.662,1,cpu:tdp_estimate_120w;gpu:nvml,0.0,3.969059445568154e-06,0.0,3.969059445568154e-06,1.5564939002228056e-05,311.2987800445611,,,,,,,,,35.77753251787586,140.30404908970925,46.69138954248366,35.77753251787586
lightning_a100_qwen35,2026-05-11T10:04:12.625971+00:00,summarization,classroom_notebooks,1,ollama_local,qwen3.5:0.8b,Qwen 3.5 0.8B,qwen3.5,0.8B,gpu,A100 40GB / Ollama GPU,144,96,240,0.8258112329999676,0.0028961469999676,0.04990014,0.773014946,1.8299997464055195e-06,0.417883795,0.355131151,0.825813062999714,0.8356308839997837,7.632095407198023,86.8116141492186,94.44370955641662,7.611111111111111,109.93033333333332,139.016,1,cpu:tdp_estimate_120w;gpu:nvml,0.0,4.722185477820831e-06,0.0,4.722185477820831e-06,1.9675772824253466e-05,393.5154564850693,,,,,,,,,47.79484703065472,199.14519596106135,46.69138954248366,47.79484703065472
lightning_a100_qwen35,2026-05-11T10:04:13.461812+00:00,summarization,python_llm_costs,1,ollama_local,qwen3.5:0.8b,Qwen 3.5 0.8B,qwen3.5,0.8B,gpu,A100 40GB / Ollama GPU,175,96,271,0.8234330059999593,0.0026441519999592,0.048741468,0.772047386,1.781000264600152e-06,0.421293173,0.350754213,0.8234347870002239,0.8331909759999689,7.654247766186382,86.88939086077409,94.54363862696049,7.655555555555556,109.91822222222224,130.678,1,cpu:tdp_estimate_120w;gpu:nvml,0.0,4.727181931348024e-06,0.0,4.727181931348024e-06,1.7443475761431823e-05,348.86951522863643,,,,,,,,,47.98654643707738,177.07212707408627,46.69138954248366,47.98654643707738
lightning_a100_qwen35,2026-05-11T10:04:14.270384+00:00,summarization,rag_pipeline,1,ollama_local,qwen3.5:0.8b,Qwen 3.5 0.8B,qwen3.5,0.8B,gpu,A100 40GB / Ollama GPU,159,96,255,0.7961850869996852,0.0026035309996851,0.029728627,0.763852929,1.969999630091479e-06,0.418288135,0.345564794,0.7961870569993152,0.8058440039999368,4.7383627435196285,73.42033344790875,78.15869619142838,4.9,106.77225,132.424,1,cpu:tdp_estimate_120w;gpu:nvml,0.0,3.9079348095714184e-06,0.0,3.9079348095714184e-06,1.5325234547338894e-05,306.50469094677794,,,,,,,,,35.79435714667293,140.37002802616834,46.69138954248366,35.79435714667293
lightning_a100_qwen35,2026-05-11T10:04:15.529962+00:00,summarization,classroom_notebooks,0,ollama_local,qwen3.5:4b,Qwen 3.5 4B,qwen3.5,4B,gpu,A100 40GB / Ollama GPU,144,96,240,1.2470872919998328,0.0027180039998329,0.119995852,1.124373436,1.7100001059588976e-06,0.773455832,0.3509176039999999,1.2470890019999388,1.2568663520000882,13.690175034093269,177.13954340249524,190.8297184365885,9.076923076923077,148.1493076923077,194.372,1,cpu:tdp_estimate_120w;gpu:nvml,0.0,9.541485921829423e-06,0.0,9.541485921829423e-06,3.9756191340955934e-05,795.1238268191188,,,,,,,,,118.45470695841873,493.56127899341135,46.69138954248366,118.45470695841873
lightning_a100_qwen35,2026-05-11T10:04:16.741384+00:00,summarization,python_llm_costs,0,ollama_local,qwen3.5:4b,Qwen 3.5 4B,qwen3.5,4B,gpu,A100 40GB / Ollama GPU,175,96,271,1.198400374999892,0.0027707239998919,0.064599366,1.131030285,1.7100001059588976e-06,0.78312102,0.3479092650000001,1.198402084999998,1.208215705999919,7.358033649539507,172.15381773359252,179.511851383132,5.075,158.95291666666665,196.452,1,cpu:tdp_estimate_120w;gpu:nvml,0.0,8.9755925691566e-06,0.0,8.9755925691566e-06,3.312026778286569e-05,662.4053556573137,,,,,,,,,115.74054755340339,427.0868913409719,46.69138954248366,115.74054755340339
lightning_a100_qwen35,2026-05-11T10:04:17.945913+00:00,summarization,rag_pipeline,0,ollama_local,qwen3.5:4b,Qwen 3.5 4B,qwen3.5,4B,gpu,A100 40GB / Ollama GPU,159,96,255,1.1920188620001682,0.0027902040001681,0.075967317,1.113261341,1.7809998098528013e-06,0.77305273,0.3402086110000001,1.192020642999978,1.2018238310001834,8.424785055311284,165.0173042051969,173.44208926050817,5.841666666666666,152.90833333333333,193.775,1,cpu:tdp_estimate_120w;gpu:nvml,0.0,8.672104463025408e-06,0.0,8.672104463025408e-06,3.400825279617807e-05,680.1650559235615,,,,,,,,,108.90247955052727,427.0685472569697,46.69138954248366,108.90247955052727
lightning_a100_qwen35,2026-05-11T10:04:19.163382+00:00,summarization,classroom_notebooks,1,ollama_local,qwen3.5:4b,Qwen 3.5 4B,qwen3.5,4B,gpu,A100 40GB / Ollama GPU,144,96,240,1.2050164030001724,0.0028131730001723,0.073695022,1.128508208,2.2700000954500865e-06,0.776578989,0.3519292189999999,1.205018673000268,1.2147363529998074,9.34132255456852,164.89651985446812,174.23784240903666,6.408333333333334,152.42866666666666,200.549,1,cpu:tdp_estimate_120w;gpu:nvml,0.0,8.711892120451833e-06,0.0,8.711892120451833e-06,3.629955050188264e-05,725.9910100376528,,,,,,,,,108.17879160513817,450.74496502140903,46.69138954248366,108.17879160513817
lightning_a100_qwen35,2026-05-11T10:04:20.398014+00:00,summarization,python_llm_costs,1,ollama_local,qwen3.5:4b,Qwen 3.5 4B,qwen3.5,4B,gpu,A100 40GB / Ollama GPU,175,96,271,1.2213079489997654,0.0038572249997652,0.077981106,1.139469618,1.8499999896448571e-06,0.785229989,0.3542396290000001,1.221309798999755,1.231050249999953,8.727199310768896,186.2263422050907,194.9535415158596,5.907692307692307,156.65284615384616,190.826,1,cpu:tdp_estimate_120w;gpu:nvml,0.0,9.74767707579298e-06,0.0,9.74767707579298e-06,3.596928810255712e-05,719.3857620511425,,,,,,,,,128.746895435971,475.0807949666827,46.69138954248366,128.746895435971
lightning_a100_qwen35,2026-05-11T10:04:21.714239+00:00,summarization,rag_pipeline,1,ollama_local,qwen3.5:4b,Qwen 3.5 4B,qwen3.5,4B,gpu,A100 40GB / Ollama GPU,159,96,255,1.243002252000224,0.0027462430002238,0.117608335,1.1226476740000002,1.829000211728271e-06,0.774686401,0.3479612730000002,1.2430040810004357,1.3135210420000476,13.78590853619127,182.46709106617917,196.25299960237044,8.746153846153847,153.65476923076923,200.549,1,cpu:tdp_estimate_120w;gpu:nvml,0.0,9.81264998011852e-06,0.0,9.81264998011852e-06,3.8480980314190275e-05,769.6196062838056,,,,,,,,,121.13696842190589,475.0469349878663,46.69138954248366,121.13696842190589
lightning_a100_qwen35,2026-05-11T10:04:23.196609+00:00,summarization,classroom_notebooks,0,ollama_local,qwen3.5:9b,Qwen 3.5 9B,qwen3.5,9B,gpu,A100 40GB / Ollama GPU,144,96,240,1.4693555030003154,0.0027945250003154,0.165987497,1.300573481,2.1800001377414446e-06,0.945536232,0.355037249,1.469357683000453,1.4796521220000614,18.32401187884876,258.363812909003,276.68782478785175,10.32,185.8430666666667,247.622,1,cpu:tdp_estimate_120w;gpu:nvml,0.0,1.3834391239392588e-05,0.0,1.3834391239392588e-05,5.764329683080245e-05,1152.8659366160489,,,,,,,,,189.27679929333556,788.6533303888982,46.69138954248366,189.27679929333556
lightning_a100_qwen35,2026-05-11T10:04:24.610150+00:00,summarization,python_llm_costs,0,ollama_local,qwen3.5:9b,Qwen 3.5 9B,qwen3.5,9B,gpu,A100 40GB / Ollama GPU,175,96,271,1.4007811490000677,0.0030492490000677,0.095926504,1.301805396,2.4800001483527012e-06,0.952807834,0.348997562,1.400783629000216,1.4108411950001027,9.674339622857849,258.60944172696,268.28378134981784,5.714285714285714,200.7492857142857,251.7,1,cpu:tdp_estimate_120w;gpu:nvml,0.0,1.3414189067490892e-05,0.0,1.3414189067490892e-05,4.9498852647567866e-05,989.9770529513576,,,,,,,,,192.73530590862703,711.2003908067418,46.69138954248366,192.73530590862703
lightning_a100_qwen35,2026-05-11T10:04:26.065543+00:00,summarization,rag_pipeline,0,ollama_local,qwen3.5:9b,Qwen 3.5 9B,qwen3.5,9B,gpu,A100 40GB / Ollama GPU,159,96,255,1.4426110120002704,0.0025513100002703,0.09417519,1.345884512,1.8999999156221747e-06,0.977878173,0.368006339,1.442612912000186,1.452685387999736,9.971232503230189,269.8539974669578,279.825229970188,5.72,194.84793333333337,243.105,1,cpu:tdp_estimate_120w;gpu:nvml,0.0,1.39912614985094e-05,0.0,1.39912614985094e-05,5.4867692151017255e-05,1097.353843020345,,,,,,,,,202.02609813318813,792.2592083654436,46.69138954248366,202.02609813318813
lightning_a100_qwen35,2026-05-11T10:04:27.482040+00:00,summarization,classroom_notebooks,1,ollama_local,qwen3.5:9b,Qwen 3.5 9B,qwen3.5,9B,gpu,A100 40GB / Ollama GPU,144,96,240,1.4033108779999566,0.0029273459999565,0.090350947,1.310032585,2.2989997887634672e-06,0.944926607,0.3651059780000001,1.4033131769997451,1.4138098720000016,9.86435344978287,245.12554390174347,254.9898973515263,5.814285714285715,191.30857142857144,248.149,1,cpu:tdp_estimate_120w;gpu:nvml,0.0,1.2749494867576316e-05,0.0,1.2749494867576316e-05,5.312289528156798e-05,1062.4579056313596,,,,,,,,,179.11279642918242,746.3033184549269,46.69138954248366,179.11279642918242
lightning_a100_qwen35,2026-05-11T10:04:28.881143+00:00,summarization,python_llm_costs,1,ollama_local,qwen3.5:9b,Qwen 3.5 9B,qwen3.5,9B,gpu,A100 40GB / Ollama GPU,175,96,271,1.3864139299998897,0.0026593419998897,0.085889688,1.2978649,2.0900001800328027e-06,0.947963986,0.349900914,1.3864160200000697,1.3963973449999685,8.498075270999808,257.3328087870752,265.830884058075,5.071428571428571,199.6422142857143,246.079,1,cpu:tdp_estimate_120w;gpu:nvml,0.0,1.329154420290375e-05,0.0,1.329154420290375e-05,4.904628857160055e-05,980.9257714320112,,,,,,,,,192.1330763955917,708.9781416811502,46.69138954248366,192.1330763955917
lightning_a100_qwen35,2026-05-11T10:04:30.276348+00:00,summarization,rag_pipeline,1,ollama_local,qwen3.5:9b,Qwen 3.5 9B,qwen3.5,9B,gpu,A100 40GB / Ollama GPU,159,96,255,1.3826748460001,0.0026737310000999,0.083156535,1.29684458,1.720000000204891e-06,0.947318873,0.3495257069999999,1.3826765660001,1.3925010280004244,8.259520383225375,258.9229415870967,267.1824619703221,4.942857142857143,201.13807142857144,249.622,1,cpu:tdp_estimate_120w;gpu:nvml,0.0,1.3359123098516103e-05,0.0,1.3359123098516103e-05,5.238871803339649e-05,1047.7743606679296,,,,,,,,,193.90513365041994,760.4122888251762,46.69138954248366,193.90513365041994
lightning_a100_qwen35,2026-05-11T10:04:31.105100+00:00,classification,cls_001,0,ollama_local,qwen3.5:0.8b,Qwen 3.5 0.8B,qwen3.5,0.8B,gpu,A100 40GB / Ollama GPU,65,96,161,0.8158733800000846,0.0024454880000845,0.045042325,0.7683855669999999,4.410999736137455e-06,0.417742693,0.3506428739999999,0.8158777909998207,0.8258710639997844,7.395675378118069,98.00684969628144,105.4025250743995,7.4625,143.392875,246.747,1,cpu:tdp_estimate_120w;gpu:nvml,0.0,5.270126253719975e-06,0.0,5.270126253719975e-06,3.27337034392545e-05,654.6740687850901,,False,,,,,,,59.445782135202045,369.22846046709344,46.69138954248366,59.445782135202045
lightning_a100_qwen35,2026-05-11T10:04:31.921771+00:00,classification,cls_002,0,ollama_local,qwen3.5:0.8b,Qwen 3.5 0.8B,qwen3.5,0.8B,gpu,A100 40GB / Ollama GPU,66,96,162,0.8042085330002919,0.0025295290002919,0.033285697,0.768393307,4.300000000512227e-06,0.417212881,0.351180426,0.8042128330002924,0.8139764219999961,6.28796785994997,72.3097234426299,78.59769130257988,6.4375,106.106125,133.159,1,cpu:tdp_estimate_120w;gpu:nvml,0.0,3.929884565128993e-06,0.0,3.929884565128993e-06,2.425854669832712e-05,485.1709339665424,,False,,,,,,,34.304033244631015,211.75329163352478,46.69138954248366,34.304033244631015
lightning_a100_qwen35,2026-05-11T10:04:32.741632+00:00,classification,cls_003,0,ollama_local,qwen3.5:0.8b,Qwen 3.5 0.8B,qwen3.5,0.8B,gpu,A100 40GB / Ollama GPU,61,96,157,0.8072319500001868,0.0024063250001867,0.039740912,0.765084713,4.789999820786761e-06,0.418275891,0.346808822,0.8072367400000076,0.817197694999777,6.929836453598109,83.20610347486223,90.13593992846036,7.066666666666666,106.55833333333334,137.724,1,cpu:tdp_estimate_120w;gpu:nvml,0.0,4.506796996423017e-06,0.0,4.506796996423017e-06,2.8705713353012847e-05,574.114267060257,,False,,,,,,,45.05000756440789,286.9427233401777,46.69138954248366,45.05000756440789
lightning_a100_qwen35,2026-05-11T10:04:33.572982+00:00,classification,cls_004,0,ollama_local,qwen3.5:0.8b,Qwen 3.5 0.8B,qwen3.5,0.8B,gpu,A100 40GB / Ollama GPU,68,96,164,0.8183997679998356,0.0025802389998356,0.041254811,0.7745647179999999,4.640000042854808e-06,0.417298167,0.3572665509999999,0.8184044079998785,0.8286678879999272,6.7729788712527395,85.4603032084942,92.23328207974694,6.811111111111112,109.04944444444445,133.022,1,cpu:tdp_estimate_120w;gpu:nvml,0.0,4.611664103987347e-06,0.0,4.611664103987347e-06,2.811990307309358e-05,562.3980614618715,,False,,,,,,,46.768648048542374,285.17468322281934,46.69138954248366,46.768648048542374
lightning_a100_qwen35,2026-05-11T10:04:34.429121+00:00,classification,cls_005,0,ollama_local,qwen3.5:0.8b,Qwen 3.5 0.8B,qwen3.5,0.8B,gpu,A100 40GB / Ollama GPU,66,96,162,0.8437377109999034,0.0027612729999033,0.071594061,0.769382377,3.8100001802376937e-06,0.415886134,0.353496243,0.8437415210000836,0.8534599190002155,11.04946108465612,84.73572737326421,95.78518845792031,10.788888888888888,108.12011111111111,132.235,1,cpu:tdp_estimate_120w;gpu:nvml,0.0,4.789259422896016e-06,0.0,4.789259422896016e-06,2.956332977096306e-05,591.2665954192613,,False,,,,,,,44.8864978363286,277.0771471378309,46.69138954248366,44.8864978363286
lightning_a100_qwen35,2026-05-11T10:04:35.238577+00:00,classification,cls_006,0,ollama_local,qwen3.5:0.8b,Qwen 3.5 0.8B,qwen3.5,0.8B,gpu,A100 40GB / Ollama GPU,66,96,162,0.7966379839999718,0.0025205079999717,0.036505079,0.757612397,3.96999985241564e-06,0.417354824,0.340257573,0.7966419539998242,0.8068065930001467,6.280989326506142,71.18068393562284,77.46167326212898,6.4875,104.805875,132.561,1,cpu:tdp_estimate_120w;gpu:nvml,0.0,3.873083663106449e-06,0.0,3.873083663106449e-06,2.390792384633611e-05,478.1584769267222,,False,,,,,,,33.50976301640892,206.85038899017852,46.69138954248366,33.50976301640892
lightning_a100_qwen35,2026-05-11T10:04:36.057361+00:00,classification,cls_007,0,ollama_local,qwen3.5:0.8b,Qwen 3.5 0.8B,qwen3.5,0.8B,gpu,A100 40GB / Ollama GPU,61,96,157,0.8064341159997639,0.0025270179997638,0.036884026,0.7670230720000001,5.160000000614673e-06,0.416270867,0.3507522050000001,0.8064392759997645,0.8161502849998215,6.975364435798474,83.90741959563736,90.88278403143585,7.122222222222222,107.56333333333332,136.662,1,cpu:tdp_estimate_120w;gpu:nvml,0.0,4.544139201571792e-06,0.0,4.544139201571792e-06,2.8943561793450905e-05,578.871235869018,,False,,,,,,,45.80022871350164,291.7212019968257,46.69138954248366,45.80022871350164
lightning_a100_qwen35,2026-05-11T10:04:36.864698+00:00,classification,cls_008,0,ollama_local,qwen3.5:0.8b,Qwen 3.5 0.8B,qwen3.5,0.8B,gpu,A100 40GB / Ollama GPU,65,96,161,0.794986353999775,0.0025415809997749,0.025506216,0.766938557,4.779999926540768e-06,0.414668584,0.352269973,0.7949911339997016,0.8046748719998504,5.576396862958964,73.23639748954109,78.81279435250005,5.775,107.61325,133.573,1,cpu:tdp_estimate_120w;gpu:nvml,0.0,3.940639717625002e-06,0.0,3.940639717625002e-06,2.447602309083852e-05,489.5204618167705,,False,,,,,,,35.66500958594789,221.5217986704838,46.69138954248366,35.66500958594789
lightning_a100_qwen35,2026-05-11T10:04:37.663755+00:00,classification,cls_001,1,ollama_local,qwen3.5:0.8b,Qwen 3.5 0.8B,qwen3.5,0.8B,gpu,A100 40GB / Ollama GPU,65,96,161,0.7866710020002756,0.0025397190002756,0.024333553,0.7597977300000001,4.73000000056345e-06,0.417340235,0.342457495,0.7866757320002762,0.7963962010003343,4.981458237257091,73.81185444974679,78.79331268700388,5.2125,108.141875,135.373,1,cpu:tdp_estimate_120w;gpu:nvml,0.0,3.939665634350194e-06,0.0,3.939665634350194e-06,2.44699728841627e-05,489.3994576832539,,False,,,,,,,36.62700919868607,227.49695154463396,46.69138954248366,36.62700919868607
lightning_a100_qwen35,2026-05-11T10:04:38.538530+00:00,classification,cls_002,1,ollama_local,qwen3.5:0.8b,Qwen 3.5 0.8B,qwen3.5,0.8B,gpu,A100 40GB / Ollama GPU,66,96,162,0.8622699809998267,0.0027084829998266,0.087834428,0.7717270700000001,6.08000027568778e-06,0.415153322,0.3565737480000001,0.8622760610001023,0.8720761619997575,12.534641368476514,82.39399377005367,94.92863513853018,11.977777777777778,105.1318888888889,130.678,1,cpu:tdp_estimate_120w;gpu:nvml,0.0,4.746431756926509e-06,0.0,4.746431756926509e-06,2.9298961462509312e-05,585.9792292501863,,False,,,,,,,41.6755459794089,257.25645666301796,46.69138954248366,41.6755459794089
lightning_a100_qwen35,2026-05-11T10:04:39.357953+00:00,classification,cls_003,1,ollama_local,qwen3.5:0.8b,Qwen 3.5 0.8B,qwen3.5,0.8B,gpu,A100 40GB / Ollama GPU,61,96,157,0.8069215849995999,0.0025083989995998,0.035427589,0.768985597,4.738999905384844e-06,0.415953083,0.353032514,0.8069263239995053,0.8167205159998048,6.795114693118375,84.83565671420283,91.6307714073212,6.933333333333334,108.34666666666666,134.309,1,cpu:tdp_estimate_120w;gpu:nvml,0.0,4.5815385703660606e-06,0.0,4.5815385703660606e-06,2.9181774333541782e-05,583.6354866708358,,False,,,,,,,46.70184095431768,297.4639551230426,46.69138954248366,46.70184095431768
lightning_a100_qwen35,2026-05-11T10:04:40.172519+00:00,classification,cls_004,1,ollama_local,qwen3.5:0.8b,Qwen 3.5 0.8B,qwen3.5,0.8B,gpu,A100 40GB / Ollama GPU,68,96,164,0.8019140789997437,0.0027778259997436,0.037810824,0.761325429,3.589099969758536e-05,0.416489065,0.344836364,0.8019499699994412,0.8119051310000032,6.332860021800025,71.06463546527553,77.39749548707556,6.5,105.2415,136.25,1,cpu:tdp_estimate_120w;gpu:nvml,0.0,3.869874774353778e-06,0.0,3.869874774353778e-06,2.3596797404596206e-05,471.9359480919241,,False,,,,,,,33.15565672221315,202.16863855008017,46.69138954248366,33.15565672221315
lightning_a100_qwen35,2026-05-11T10:04:40.998538+00:00,classification,cls_005,1,ollama_local,qwen3.5:0.8b,Qwen 3.5 0.8B,qwen3.5,0.8B,gpu,A100 40GB / Ollama GPU,66,96,162,0.8134992729997066,0.0024581879997065,0.041412025,0.7696290600000001,2.309100000275066e-05,0.416732697,0.3528963630000001,0.8135223639997093,0.8232933839999532,7.38768596575958,84.6852660469692,92.0729520127288,7.477777777777778,108.11533333333334,137.399,1,cpu:tdp_estimate_120w;gpu:nvml,0.0,4.6036476006364395e-06,0.0,4.6036476006364395e-06,2.8417577781706416e-05,568.3515556341283,,False,,,,,,,46.2445539468778,285.46020954862837,46.69138954248366,46.2445539468778
lightning_a100_qwen35,2026-05-11T10:04:41.821841+00:00,classification,cls_006,1,ollama_local,qwen3.5:0.8b,Qwen 3.5 0.8B,qwen3.5,0.8B,gpu,A100 40GB / Ollama GPU,66,96,162,0.810652967000351,0.002462757000351,0.036748255,0.771441955,4.359999820735538e-06,0.418131089,0.353310866,0.8106573270001718,0.8206247519997305,6.586881342717836,86.20071895664894,92.78760029936676,6.688888888888889,109.78755555555556,135.373,1,cpu:tdp_estimate_120w;gpu:nvml,0.0,4.639380014968339e-06,0.0,4.639380014968339e-06,2.8638148240545303e-05,572.762964810906,,False,,,,,,,47.88460899282548,295.58400612855235,46.69138954248366,47.88460899282548
lightning_a100_qwen35,2026-05-11T10:04:42.629523+00:00,classification,cls_007,1,ollama_local,qwen3.5:0.8b,Qwen 3.5 0.8B,qwen3.5,0.8B,gpu,A100 40GB / Ollama GPU,61,96,157,0.7952898190001179,0.0025928800001178,0.031197036,0.761499903,5.140000212122686e-06,0.417590974,0.343908929,0.79529495900033,0.8050064980002389,5.639070518491674,72.36414120858261,78.00321172707429,5.8375,105.984625,129.747,1,cpu:tdp_estimate_120w;gpu:nvml,0.0,3.900160586353714e-06,0.0,3.900160586353714e-06,2.4841787174227475e-05,496.8357434845496,,False,,,,,,,34.777269226222856,221.51126895683348,46.69138954248366,34.777269226222856
lightning_a100_qwen35,2026-05-11T10:04:43.531933+00:00,classification,cls_008,1,ollama_local,qwen3.5:0.8b,Qwen 3.5 0.8B,qwen3.5,0.8B,gpu,A100 40GB / Ollama GPU,65,96,161,0.8899117989999468,0.0025617899999467,0.118177947,0.769172062,3.9720002860121895e-06,0.418070915,0.351101147,0.8899157710002328,0.8996903390002444,16.578293979977836,74.5766928249748,91.15498680495264,15.355555555555554,97.02822222222224,134.17,1,cpu:tdp_estimate_120w;gpu:nvml,0.0,4.557749340247632e-06,0.0,4.557749340247632e-06,2.8309002113339332e-05,566.1800422667866,,False,,,,,,,32.5689007391052,202.29130893854165,46.69138954248366,32.5689007391052
lightning_a100_qwen35,2026-05-11T10:04:44.726511+00:00,classification,cls_001,0,ollama_local,qwen3.5:4b,Qwen 3.5 4B,qwen3.5,4B,gpu,A100 40GB / Ollama GPU,65,96,161,1.1820179859996642,0.0025116279996642,0.051811377,1.127694981,4.811000053450698e-06,0.776413302,0.351281679,1.1820227969997177,1.191829936999966,7.901832482309774,162.36655150323534,170.2683839855451,5.5249999999999995,147.71441666666666,190.555,1,cpu:tdp_estimate_120w;gpu:nvml,0.0,8.513419199277255e-06,0.0,8.513419199277255e-06,5.28783801197345e-05,1057.56760239469,,False,,,,,,,106.71835564637615,662.8469294805972,46.69138954248366,106.71835564637615
lightning_a100_qwen35,2026-05-11T10:04:45.961328+00:00,classification,cls_002,0,ollama_local,qwen3.5:4b,Qwen 3.5 4B,qwen3.5,4B,gpu,A100 40GB / Ollama GPU,66,96,162,1.2222235079998427,0.0025959609998427,0.09573438,1.123893167,4.699999863078119e-06,0.780118263,0.3437749040000001,1.2222282079997058,1.2320586199998615,12.53287937759859,191.1336761570928,203.66655553469135,8.476923076923077,161.02192307692306,196.126,1,cpu:tdp_estimate_120w;gpu:nvml,0.0,1.018332777673457e-05,0.0,1.018332777673457e-05,6.286004800453438e-05,1257.2009600906874,,False,,,,,,,133.6071471915044,824.7354764907678,46.69138954248366,133.6071471915044
lightning_a100_qwen35,2026-05-11T10:04:47.149992+00:00,classification,cls_003,0,ollama_local,qwen3.5:4b,Qwen 3.5 4B,qwen3.5,4B,gpu,A100 40GB / Ollama GPU,61,96,157,1.1756357420003951,0.0023685870003951,0.04419209,1.129075065,4.280000212020241e-06,0.777885789,0.351189276,1.1756400220006071,1.1859524129999954,7.732409732759971,172.4037410785913,180.13615081135129,5.433333333333334,158.95783333333333,194.101,1,cpu:tdp_estimate_120w;gpu:nvml,0.0,9.006807540567564e-06,0.0,9.006807540567564e-06,5.73682008953348e-05,1147.364017906696,,False,,,,,,,117.02997498436005,745.4138534035673,46.69138954248366,117.02997498436005
lightning_a100_qwen35,2026-05-11T10:04:48.349348+00:00,classification,cls_004,0,ollama_local,qwen3.5:4b,Qwen 3.5 4B,qwen3.5,4B,gpu,A100 40GB / Ollama GPU,68,96,164,1.1866343159999817,0.0024647359999814,0.053755505,1.130414075,4.568999884213554e-06,0.77987584,0.350538235,1.1866388849998657,1.1966322299999774,8.304627676199845,174.02324884200596,182.3278765182058,5.783333333333334,160.17033333333333,193.503,1,cpu:tdp_estimate_120w;gpu:nvml,0.0,9.11639382591029e-06,0.0,9.11639382591029e-06,5.558776723116031e-05,1111.7553446232062,,False,,,,,,,118.1508272519861,720.43187348772,46.69138954248366,118.1508272519861
lightning_a100_qwen35,2026-05-11T10:04:49.540491+00:00,classification,cls_005,0,ollama_local,qwen3.5:4b,Qwen 3.5 4B,qwen3.5,4B,gpu,A100 40GB / Ollama GPU,66,96,162,1.178144321000218,0.002562460000218,0.052354528,1.123227333,4.660999820771394e-06,0.777567813,0.34565952,1.1781489820000388,1.1884586020000825,7.522942950660522,176.4577603173721,183.98070326803264,5.275,162.41266666666667,197.872,1,cpu:tdp_estimate_120w;gpu:nvml,0.0,9.199035163401633e-06,0.0,9.199035163401633e-06,5.678416767531871e-05,1135.6833535063745,,False,,,,,,,120.96697677627071,746.7097331868563,46.69138954248366,120.96697677627071
lightning_a100_qwen35,2026-05-11T10:04:50.748082+00:00,classification,cls_006,0,ollama_local,qwen3.5:4b,Qwen 3.5 4B,qwen3.5,4B,gpu,A100 40GB / Ollama GPU,66,96,162,1.194383706999815,0.0027499829998154,0.062840592,1.128793132,4.569999873638153e-06,0.776702577,0.3520905549999999,1.194388276999689,1.2048656200004189,9.084686774803158,176.58561170002594,185.67029847482908,6.283333333333334,162.46258333333333,201.816,1,cpu:tdp_estimate_120w;gpu:nvml,0.0,9.283514923741454e-06,0.0,9.283514923741454e-06,5.730564767741638e-05,1146.1129535483276,,False,,,,,,,120.32876169024028,742.7701338903721,46.69138954248366,120.32876169024028
lightning_a100_qwen35,2026-05-11T10:04:51.924542+00:00,classification,cls_007,0,ollama_local,qwen3.5:4b,Qwen 3.5 4B,qwen3.5,4B,gpu,A100 40GB / Ollama GPU,61,96,157,1.1614454659998046,0.0025041079998044,0.036407417,1.122533941,5.338999926607357e-06,0.774501104,0.3480328370000001,1.1614508049997312,1.173676964999686,7.030325020348119,177.51852541688564,184.54885043723377,4.991666666666666,163.34966666666665,201.426,1,cpu:tdp_estimate_120w;gpu:nvml,0.0,9.227442521861689e-06,0.0,9.227442521861689e-06,5.877351924752669e-05,1175.4703849505336,,False,,,,,,,122.71791704704533,781.6427837391421,46.69138954248366,122.71791704704533
lightning_a100_qwen35,2026-05-11T10:04:53.113038+00:00,classification,cls_008,0,ollama_local,qwen3.5:4b,Qwen 3.5 4B,qwen3.5,4B,gpu,A100 40GB / Ollama GPU,65,96,161,1.1759466989997236,0.0025607289997235,0.057341345,1.116044625,4.290000106266234e-06,0.773730649,0.342313976,1.17595098899983,1.18577975900007,8.419036288900498,169.42007099122404,177.83910728012452,5.916666666666667,156.50291666666666,198.598,1,cpu:tdp_estimate_120w;gpu:nvml,0.0,8.891955364006225e-06,0.0,8.891955364006225e-06,5.522953642239891e-05,1104.5907284479783,,False,,,,,,,114.05436635215938,708.4122133674496,46.69138954248366,114.05436635215938
lightning_a100_qwen35,2026-05-11T10:04:54.318134+00:00,classification,cls_001,1,ollama_local,qwen3.5:4b,Qwen 3.5 4B,qwen3.5,4B,gpu,A100 40GB / Ollama GPU,65,96,161,1.1926036320001003,0.0023392240001003,0.055586392,1.134678016,4.3089999053336214e-06,0.776205438,0.3584725780000001,1.1926079410000057,1.2023928710000291,8.65722867120021,169.0995944693972,177.75682314059742,6.0,156.43041666666667,193.575,1,cpu:tdp_estimate_120w;gpu:nvml,0.0,8.887841157029871e-06,0.0,8.887841157029871e-06,5.520398234180044e-05,1104.0796468360088,,False,,,,,,,112.95820054642954,701.6037301020468,46.69138954248366,112.95820054642954
lightning_a100_qwen35,2026-05-11T10:04:55.514075+00:00,classification,cls_002,1,ollama_local,qwen3.5:4b,Qwen 3.5 4B,qwen3.5,4B,gpu,A100 40GB / Ollama GPU,66,96,162,1.183405743000094,0.0027391230000939,0.043633749,1.137032871,5.079999937152024e-06,0.786698754,0.3503341169999999,1.183410823000031,1.1932209439996768,7.0877324073580805,172.22475975964144,179.31249216699953,4.95,159.05491666666668,194.777,1,cpu:tdp_estimate_120w;gpu:nvml,0.0,8.965624608349976e-06,0.0,8.965624608349976e-06,5.534336177993812e-05,1106.8672355987626,,False,,,,,,,116.51161585310246,719.2075052660646,46.69138954248366,116.51161585310246
lightning_a100_qwen35,2026-05-11T10:04:56.692206+00:00,classification,cls_003,1,ollama_local,qwen3.5:4b,Qwen 3.5 4B,qwen3.5,4B,gpu,A100 40GB / Ollama GPU,61,96,157,1.165700908999952,0.0024144459999519,0.042025587,1.121260876,4.581000212056097e-06,0.775853109,0.345407767,1.165705490000164,1.175414327999988,7.275814690319926,173.00890769153494,180.2847223818549,5.158333333333333,158.42558333333332,201.147,1,cpu:tdp_estimate_120w;gpu:nvml,0.0,9.014236119092742e-06,0.0,9.014236119092742e-06,5.7415516682119376e-05,1148.3103336423876,,False,,,,,,,118.12717942907085,752.4024167456743,46.69138954248366,118.12717942907085
lightning_a100_qwen35,2026-05-11T10:04:57.894416+00:00,classification,cls_004,1,ollama_local,qwen3.5:4b,Qwen 3.5 4B,qwen3.5,4B,gpu,A100 40GB / Ollama GPU,68,96,164,1.1896069650001664,0.0024346990001664,0.062784741,1.124387525,4.159999662078917e-06,0.774328648,0.3500588769999999,1.1896111249998285,1.1995187669999725,9.284275256579788,173.54735312263597,182.83162837921577,6.45,160.20933333333332,201.147,1,cpu:tdp_estimate_120w;gpu:nvml,0.0,9.141581418960789e-06,0.0,9.141581418960789e-06,5.5741350115614554e-05,1114.8270023122911,,False,,,,,,,117.54015510912055,716.7082628604911,46.69138954248366,117.54015510912055
lightning_a100_qwen35,2026-05-11T10:04:59.086386+00:00,classification,cls_005,1,ollama_local,qwen3.5:4b,Qwen 3.5 4B,qwen3.5,4B,gpu,A100 40GB / Ollama GPU,66,96,162,1.179410154999914,0.002391514999914,0.046261239,1.130757401,3.849000222544419e-06,0.777942295,0.3528151060000001,1.1794140040001366,1.189273146999767,7.34970804845856,176.31609089949504,183.6657989479536,5.1499999999999995,162.48575,196.655,1,cpu:tdp_estimate_120w;gpu:nvml,0.0,9.18328994739768e-06,0.0,9.18328994739768e-06,5.66869749839363e-05,1133.7394996787257,,False,,,,,,,120.78727512051347,745.6004637068733,46.69138954248366,120.78727512051347
lightning_a100_qwen35,2026-05-11T10:05:00.280432+00:00,classification,cls_006,1,ollama_local,qwen3.5:4b,Qwen 3.5 4B,qwen3.5,4B,gpu,A100 40GB / Ollama GPU,66,96,162,1.1814798059999705,0.0023693559999702,0.055866486,1.123243964,4.670000180340139e-06,0.780829394,0.3424145700000001,1.1814844760001506,1.1913439679997282,8.113052422078148,175.64437512253318,183.75742754461132,5.675,161.17466666666667,195.521,1,cpu:tdp_estimate_120w;gpu:nvml,0.0,9.187871377230566e-06,0.0,9.187871377230566e-06,5.6715255415003493e-05,1134.3051083000698,,False,,,,,,,120.01886983356968,740.8572211948747,46.69138954248366,120.01886983356968
lightning_a100_qwen35,2026-05-11T10:05:01.471096+00:00,classification,cls_007,1,ollama_local,qwen3.5:4b,Qwen 3.5 4B,qwen3.5,4B,gpu,A100 40GB / Ollama GPU,61,96,157,1.1769349279998096,0.0025350989998096,0.044579206,1.129820623,5.200000032345997e-06,0.775300939,0.3545196839999999,1.176940127999842,1.1868135489999077,7.987255184769379,172.24371837450917,180.23097355927857,5.608333333333333,158.96625,195.249,1,cpu:tdp_estimate_120w;gpu:nvml,0.0,9.011548677963927e-06,0.0,9.011548677963927e-06,5.7398399222700174e-05,1147.9679844540035,,False,,,,,,,116.82974464385697,744.1385009162864,46.69138954248366,116.82974464385697
lightning_a100_qwen35,2026-05-11T10:05:02.674918+00:00,classification,cls_008,1,ollama_local,qwen3.5:4b,Qwen 3.5 4B,qwen3.5,4B,gpu,A100 40GB / Ollama GPU,65,96,161,1.1912576969998554,0.0027189229998554,0.056134291,1.132404483,5.129999863129342e-06,0.775027965,0.3573765179999999,1.1912628269997183,1.2011089269999502,9.020328041769623,164.46410727777356,173.4844353195432,6.258333333333333,152.52175,198.47,1,cpu:tdp_estimate_120w;gpu:nvml,0.0,8.67422176597716e-06,0.0,8.67422176597716e-06,5.387715382594509e-05,1077.543076518902,,False,,,,,,,108.38266248426432,673.1842390326976,46.69138954248366,108.38266248426432
lightning_a100_qwen35,2026-05-11T10:05:04.026411+00:00,classification,cls_001,0,ollama_local,qwen3.5:9b,Qwen 3.5 9B,qwen3.5,9B,gpu,A100 40GB / Ollama GPU,65,96,161,1.338942798000062,0.0024685880000618,0.052447829,1.284026381,4.919999810226727e-06,0.941561503,0.3424648779999999,1.338947717999872,1.348765927999921,7.179288353896722,256.05370663074683,263.23299498464354,4.435714285714286,197.57235714285713,250.757,1,cpu:tdp_estimate_120w;gpu:nvml,0.0,1.3161649749232175e-05,0.0,1.3161649749232175e-05,8.174937732442345e-05,1634.9875464884692,,False,,,,,,,193.07795128487305,1199.2419334464164,46.69138954248366,193.07795128487305
lightning_a100_qwen35,2026-05-11T10:05:05.391980+00:00,classification,cls_002,0,ollama_local,qwen3.5:9b,Qwen 3.5 9B,qwen3.5,9B,gpu,A100 40GB / Ollama GPU,66,96,162,1.352453080000032,0.0025762800000319,0.052484501,1.2973922990000002,4.7399998948094435e-06,0.944516995,0.3528753040000002,1.3524578199999269,1.3628341919998093,7.627977663221789,262.53767265265884,270.1656503158806,4.664285714285714,203.71814285714285,249.351,1,cpu:tdp_estimate_120w;gpu:nvml,0.0,1.350828251579403e-05,0.0,1.350828251579403e-05,8.338445997403723e-05,1667.6891994807445,,False,,,,,,,198.90505051217977,1227.8089537788874,46.69138954248366,198.90505051217977
lightning_a100_qwen35,2026-05-11T10:05:06.757218+00:00,classification,cls_003,0,ollama_local,qwen3.5:9b,Qwen 3.5 9B,qwen3.5,9B,gpu,A100 40GB / Ollama GPU,61,96,157,1.3525290019997556,0.0026095309997555,0.053689074,1.296230397,4.850000095757423e-06,0.944728431,0.3515019659999999,1.352533851999851,1.3624631349998708,9.07400447909914,252.52599704095064,261.6000015200498,5.55,196.5771428571429,249.608,1,cpu:tdp_estimate_120w;gpu:nvml,0.0,1.3080000076002488e-05,0.0,1.3080000076002488e-05,8.33121023949203e-05,1666.242047898406,,False,,,,,,,188.91070006739818,1203.252866671326,46.69138954248366,188.91070006739818
lightning_a100_qwen35,2026-05-11T10:05:08.117206+00:00,classification,cls_004,0,ollama_local,qwen3.5:9b,Qwen 3.5 9B,qwen3.5,9B,gpu,A100 40GB / Ollama GPU,68,96,164,1.3473085589998846,0.0026098719998846,0.058818714,1.285879973,5.060000148660038e-06,0.942648062,0.3432319109999999,1.3473136190000332,1.3572339929996815,7.840934668129589,258.7466871615603,266.5876218296899,4.814285714285715,201.02107142857145,251.626,1,cpu:tdp_estimate_120w;gpu:nvml,0.0,1.3329381091484494e-05,0.0,1.3329381091484494e-05,8.127671397246643e-05,1625.5342794493286,,False,,,,,,,195.37554609411166,1191.3143054519005,46.69138954248366,195.37554609411166
lightning_a100_qwen35,2026-05-11T10:05:09.473383+00:00,classification,cls_005,0,ollama_local,qwen3.5:9b,Qwen 3.5 9B,qwen3.5,9B,gpu,A100 40GB / Ollama GPU,66,96,162,1.3433837029997449,0.0023592249997448,0.051547373,1.289477105,5.169999894860666e-06,0.941944016,0.347533089,1.3433888729996395,1.3534293590000743,7.714547346300424,258.70910956679035,266.4236569130908,4.75,201.11114285714285,243.731,1,cpu:tdp_estimate_120w;gpu:nvml,0.0,1.3321182845654538e-05,0.0,1.3321182845654538e-05,8.222952373860826e-05,1644.5904747721654,,False,,,,,,,195.51561214748392,1206.886494737555,46.69138954248366,195.51561214748392
lightning_a100_qwen35,2026-05-11T10:05:10.826811+00:00,classification,cls_006,0,ollama_local,qwen3.5:9b,Qwen 3.5 9B,qwen3.5,9B,gpu,A100 40GB / Ollama GPU,66,96,162,1.3407684329999938,0.0025254299999937,0.050845718,1.2873972850000002,4.529999841906829e-06,0.940584727,0.3468125580000002,1.3407729629998355,1.3507039060000352,7.455885561120195,261.56390873407486,269.019794295195,4.6000000000000005,203.42657142857144,251.028,1,cpu:tdp_estimate_120w;gpu:nvml,0.0,1.3450989714759752e-05,0.0,1.3450989714759752e-05,8.303080070839353e-05,1660.6160141678706,,False,,,,,,,198.49766650247298,1225.2942376695864,46.69138954248366,198.49766650247298
lightning_a100_qwen35,2026-05-11T10:05:12.175787+00:00,classification,cls_007,0,ollama_local,qwen3.5:9b,Qwen 3.5 9B,qwen3.5,9B,gpu,A100 40GB / Ollama GPU,61,96,157,1.3352535159997387,0.0025112989997386,0.041949056,1.290793161,4.049999915878288e-06,0.94583742,0.344955741,1.3352575659996546,1.3462174390001564,7.350347216940854,260.8918907558935,268.24223797283435,4.55,202.8079285714286,246.676,1,cpu:tdp_estimate_120w;gpu:nvml,0.0,1.3412111898641716e-05,0.0,1.3412111898641716e-05,8.54274643225587e-05,1708.549286451174,,False,,,,,,,198.03512790265245,1261.3702414181685,46.69138954248366,198.03512790265245
lightning_a100_qwen35,2026-05-11T10:05:13.546474+00:00,classification,cls_008,0,ollama_local,qwen3.5:9b,Qwen 3.5 9B,qwen3.5,9B,gpu,A100 40GB / Ollama GPU,65,96,161,1.3579926769998565,0.0025492589998565,0.058987357,1.296456061,4.191000243736198e-06,0.943838145,0.352617916,1.3579968680001002,1.3679647419999128,8.207788451999477,257.5401060170058,265.7478944690053,5.0,200.27285714285716,242.855,1,cpu:tdp_estimate_120w;gpu:nvml,0.0,1.3287394723450264e-05,0.0,1.3287394723450264e-05,8.253040200900787e-05,1650.608040180157,,False,,,,,,,193.66793136790474,1202.9064060118305,46.69138954248366,193.66793136790474
lightning_a100_qwen35,2026-05-11T10:05:14.938779+00:00,classification,cls_001,1,ollama_local,qwen3.5:9b,Qwen 3.5 9B,qwen3.5,9B,gpu,A100 40GB / Ollama GPU,65,96,161,1.373139091000212,0.0027713730002119,0.078525195,1.291842523,4.200000148557592e-06,0.943238189,0.3486043339999999,1.3731432910003605,1.382997793999948,11.10744799695387,256.4805458881909,267.5879938851447,6.692857142857143,199.2625,246.659,1,cpu:tdp_estimate_120w;gpu:nvml,0.0,1.3379399694257236e-05,0.0,1.3379399694257236e-05,8.310186145501388e-05,1662.037229100278,,False,,,,,,,191.90645715214373,1191.9655723735636,46.69138954248366,191.90645715214373
lightning_a100_qwen35,2026-05-11T10:05:16.298941+00:00,classification,cls_002,1,ollama_local,qwen3.5:9b,Qwen 3.5 9B,qwen3.5,9B,gpu,A100 40GB / Ollama GPU,66,96,162,1.3478000879999854,0.0030921179999854,0.059314924,1.285393046,4.328999693825608e-06,0.941545111,0.343847935,1.3478044169996792,1.3574290050000857,8.354005933629098,257.9143009041114,266.2683068377405,5.128571428571428,200.59292857142856,252.491,1,cpu:tdp_estimate_120w;gpu:nvml,0.0,1.3313415341887026e-05,0.0,1.3313415341887026e-05,8.218157618448781e-05,1643.6315236897562,,False,,,,,,,194.5340544553864,1200.8274966381878,46.69138954248366,194.5340544553864
lightning_a100_qwen35,2026-05-11T10:05:17.685232+00:00,classification,cls_003,1,ollama_local,qwen3.5:9b,Qwen 3.5 9B,qwen3.5,9B,gpu,A100 40GB / Ollama GPU,61,96,157,1.3735268599998562,0.0030286899998561,0.07871024,1.29178793,4.569999873638153e-06,0.94378046,0.3480074700000001,1.37353142999973,1.383584404999965,11.693264771399706,257.1808832400073,268.874148011407,7.042857142857144,200.2685,246.931,1,cpu:tdp_estimate_120w;gpu:nvml,0.0,1.3443707400570348e-05,0.0,1.3443707400570348e-05,8.562870955777293e-05,1712.5741911554587,,False,,,,,,,192.57940482124843,1226.6204128741938,46.69138954248366,192.57940482124843
lightning_a100_qwen35,2026-05-11T10:05:19.059744+00:00,classification,cls_004,1,ollama_local,qwen3.5:9b,Qwen 3.5 9B,qwen3.5,9B,gpu,A100 40GB / Ollama GPU,68,96,164,1.3618624630003069,0.0027765240003068,0.060205441,1.2988804980000002,4.2490000851103105e-06,0.94521175,0.3536687480000001,1.361866712000392,1.3718162260001918,8.489582701475474,263.6010694756785,272.09065217715397,5.1571428571428575,204.2162142857143,247.257,1,cpu:tdp_estimate_120w;gpu:nvml,0.0,1.3604532608857698e-05,0.0,1.3604532608857698e-05,8.295446712718109e-05,1659.0893425436218,,False,,,,,,,199.54906368680375,1216.7625834561204,46.69138954248366,199.54906368680375
lightning_a100_qwen35,2026-05-11T10:05:20.423076+00:00,classification,cls_005,1,ollama_local,qwen3.5:9b,Qwen 3.5 9B,qwen3.5,9B,gpu,A100 40GB / Ollama GPU,66,96,162,1.350617314000374,0.0023706970003738,0.060842982,1.287403635,4.44999977844418e-06,0.945919237,0.3414843979999999,1.3506217640001523,1.3605426469998747,8.104946911413538,256.90827545434587,265.0132223657594,4.964285714285714,200.031,253.977,1,cpu:tdp_estimate_120w;gpu:nvml,0.0,1.3250661118287972e-05,0.0,1.3250661118287972e-05,8.179420443387637e-05,1635.8840886775272,,False,,,,,,,193.38264873411288,1193.7200539142768,46.69138954248366,193.38264873411288
lightning_a100_qwen35,2026-05-11T10:05:21.794162+00:00,classification,cls_006,1,ollama_local,qwen3.5:9b,Qwen 3.5 9B,qwen3.5,9B,gpu,A100 40GB / Ollama GPU,66,96,162,1.358374324000124,0.0026344810001239,0.059827283,1.29591256,4.630000148608815e-06,0.945565929,0.3503466310000001,1.3583789540002726,1.3683629279998968,8.796618822856479,257.87354557049144,266.67016439334793,5.357142857142857,200.32871428571428,247.808,1,cpu:tdp_estimate_120w;gpu:nvml,0.0,1.3333508219667396e-05,0.0,1.3333508219667396e-05,8.230560629424318e-05,1646.112125884864,,False,,,,,,,193.98277906375475,1197.424562121943,46.69138954248366,193.98277906375475
lightning_a100_qwen35,2026-05-11T10:05:23.166098+00:00,classification,cls_007,1,ollama_local,qwen3.5:9b,Qwen 3.5 9B,qwen3.5,9B,gpu,A100 40GB / Ollama GPU,61,96,157,1.359265941999638,0.002573829999638,0.056563929,1.300128183,4.27999975727289e-06,0.943191359,0.356936824,1.3592702219993953,1.3692245049996927,8.93125584261228,255.61273475541492,264.5439905980272,5.435714285714285,198.92164285714284,249.622,1,cpu:tdp_estimate_120w;gpu:nvml,0.0,1.322719952990136e-05,0.0,1.322719952990136e-05,8.424967853440356e-05,1684.9935706880717,,False,,,,,,,191.6817400213599,1220.9028026838212,46.69138954248366,191.6817400213599
lightning_a100_qwen35,2026-05-11T10:05:24.532007+00:00,classification,cls_008,1,ollama_local,qwen3.5:9b,Qwen 3.5 9B,qwen3.5,9B,gpu,A100 40GB / Ollama GPU,65,96,161,1.353454700000384,0.002429238000384,0.065530734,1.285494728,3.999999989900971e-06,0.943628332,0.341866396,1.353458700000374,1.3632303300000783,8.798678044200505,258.19154521445887,266.9902232586594,5.378571428571428,200.6810714285714,247.878,1,cpu:tdp_estimate_120w;gpu:nvml,0.0,1.334951116293297e-05,0.0,1.334951116293297e-05,8.291621840331037e-05,1658.3243680662074,,False,,,,,,,194.54042684029667,1208.3256325484267,46.69138954248366,194.54042684029667
lightning_a100_qwen35,2026-05-11T10:05:26.378766+00:00,rag_rank,rag_001,0,ollama_local,qwen3-embedding:0.6b,Qwen3 Embed 0.6B,qwen3-embedding,0.6B,gpu,A100 40GB / Ollama GPU,14,0,14,0.1023816009997062,0.0016505719997062,0.0,0.100731029,0.0004396879999148,0.0,0.0,0.1028212889996211,0.1134082449998459,0.5035326077993159,9.210610485882754,9.71414309368207,3.7,90.3595,108.497,1,cpu:tdp_estimate_120w;gpu:nvml,0.0,4.857071546841035e-07,0.0,4.857071546841035e-07,3.4693368191721674e-05,693.8673638344336,,,How should I explain CPU and GPU energy measurement on the poster?,doc_energy,doc_cpu_gpu|doc_energy|doc_cost,True,,,3.9154219412655236,279.6729958046802,46.69138954248366,3.9154219412655236
lightning_a100_qwen35,2026-05-11T10:05:26.493984+00:00,rag_rank,rag_002,0,ollama_local,qwen3-embedding:0.6b,Qwen3 Embed 0.6B,qwen3-embedding,0.6B,gpu,A100 40GB / Ollama GPU,11,0,11,0.102293828999791,0.001622491999791,0.0,0.100671337,0.0004429679997883,0.0,0.0,0.1027367969995793,0.1130793090001134,0.2442513074402449,7.356952529831775,7.60120383727202,1.8,72.222,72.222,1,cpu:tdp_estimate_120w;gpu:nvml,0.0,3.80060191863601e-07,0.0,3.80060191863601e-07,3.455092653305463e-05,691.0185306610927,,,Why can batching make embedding jobs cheaper or faster?,doc_batching,doc_batching|doc_latency|doc_rag,True,,,2.077122464112601,188.82931491932737,46.69138954248366,2.077122464112601
lightning_a100_qwen35,2026-05-11T10:05:26.609623+00:00,rag_rank,rag_003,0,ollama_local,qwen3-embedding:0.6b,Qwen3 Embed 0.6B,qwen3-embedding,0.6B,gpu,A100 40GB / Ollama GPU,15,0,15,0.1032612670001071,0.0016273320001071,0.0,0.101633935,0.0004342480001469,0.0,0.0,0.103695515000254,0.1133936049996009,0.387806129098635,7.330314384001617,7.718120513100252,2.8499999999999996,72.222,72.222,1,cpu:tdp_estimate_120w;gpu:nvml,0.0,3.859060256550126e-07,0.0,3.859060256550126e-07,2.572706837700084e-05,514.5413675400168,,,Which latency buckets should a Python developer inspect for an LLM call?,doc_latency,doc_latency|doc_classification|doc_rag,True,,,2.035809401338728,135.7206267559152,46.69138954248366,2.035809401338728
lightning_a100_qwen35,2026-05-11T10:05:26.730348+00:00,rag_rank,rag_004,0,ollama_local,qwen3-embedding:0.6b,Qwen3 Embed 0.6B,qwen3-embedding,0.6B,gpu,A100 40GB / Ollama GPU,13,0,13,0.1086483220001355,0.0015726700001355,0.0,0.107075652,0.0004831900000681,0.0,0.0,0.1091315120002036,0.1188917009999386,0.8346197410195688,7.352189205456355,8.186808946475924,5.85,72.52099999999999,72.82,1,cpu:tdp_estimate_120w;gpu:nvml,0.0,4.0934044732379626e-07,0.0,4.0934044732379626e-07,3.14877267172151e-05,629.7545343443019,,,"For a short classification task, what usually dominates the request?",doc_classification,doc_classification|doc_latency|doc_rag,True,,,1.8009704806997275,138.53619082305596,46.69138954248366,1.8009704806997275
lightning_a100_qwen35,2026-05-11T10:05:26.846741+00:00,rag_rank,rag_001,1,ollama_local,qwen3-embedding:0.6b,Qwen3 Embed 0.6B,qwen3-embedding,0.6B,gpu,A100 40GB / Ollama GPU,14,0,14,0.1012221279997902,0.0014570189997902,0.0,0.099765109,0.0003735059999598,0.0,0.0,0.1015956339997501,0.111142130999724,0.440122838758907,7.592318229220125,8.032441067979033,3.3,74.8685,76.917,1,cpu:tdp_estimate_120w;gpu:nvml,0.0,4.016220533989516e-07,0.0,4.016220533989516e-07,2.868728952849654e-05,573.7457905699309,,,How should I explain CPU and GPU energy measurement on the poster?,doc_energy,doc_cpu_gpu|doc_energy|doc_cost,True,,,2.4029376961302624,171.63840686644733,46.69138954248366,2.4029376961302624
lightning_a100_qwen35,2026-05-11T10:05:26.958549+00:00,rag_rank,rag_002,1,ollama_local,qwen3-embedding:0.6b,Qwen3 Embed 0.6B,qwen3-embedding,0.6B,gpu,A100 40GB / Ollama GPU,11,0,11,0.1005089430000225,0.0015730300000225,0.0,0.098935913,0.0003980879996561,0.0,0.0,0.1009070309996786,0.1102414939996379,0.5688461090381315,8.3637,8.932546109038132,4.3,83.637,83.637,1,cpu:tdp_estimate_120w;gpu:nvml,0.0,4.466273054519066e-07,0.0,4.466273054519066e-07,4.060248231380969e-05,812.0496462761938,,,Why can batching make embedding jobs cheaper or faster?,doc_batching,doc_batching|doc_latency|doc_rag,True,,,3.2163714599175313,292.3974054470483,46.69138954248366,3.2163714599175313
lightning_a100_qwen35,2026-05-11T10:05:27.073163+00:00,rag_rank,rag_003,1,ollama_local,qwen3-embedding:0.6b,Qwen3 Embed 0.6B,qwen3-embedding,0.6B,gpu,A100 40GB / Ollama GPU,15,0,15,0.1025081729999328,0.0014958099999328,0.0,0.101012363,0.0004531989998213,0.0,0.0,0.1029613719997541,0.1128675539998766,0.4469555138395113,7.287244330487776,7.734199844327288,3.3,71.691,71.691,1,cpu:tdp_estimate_120w;gpu:nvml,0.0,3.867099922163644e-07,0.0,3.867099922163644e-07,2.5780666147757622e-05,515.6133229551525,,,Which latency buckets should a Python developer inspect for an LLM call?,doc_latency,doc_latency|doc_classification|doc_rag,True,,,2.0173013999722285,134.48675999814859,46.69138954248366,2.0173013999722285
lightning_a100_qwen35,2026-05-11T10:05:27.187532+00:00,rag_rank,rag_004,1,ollama_local,qwen3-embedding:0.6b,Qwen3 Embed 0.6B,qwen3-embedding,0.6B,gpu,A100 40GB / Ollama GPU,13,0,13,0.1018808909998369,0.0015846109998369,0.0,0.10029628,0.0003973279999627,0.0,0.0,0.1022782189997997,0.1118994450002901,0.5505452694014272,6.47249974679675,7.023045016198177,4.1,63.7635,71.691,1,cpu:tdp_estimate_120w;gpu:nvml,0.0,3.511522508099088e-07,0.0,3.511522508099088e-07,2.7011711600762215e-05,540.2342320152443,,,"For a short classification task, what usually dominates the request?",doc_classification,doc_classification|doc_latency|doc_rag,True,,,1.247759170700479,95.98147466926761,46.69138954248366,1.247759170700479
lightning_a100_qwen35,2026-05-11T10:05:29.416647+00:00,rag_rank,rag_001,0,ollama_local,qwen3-embedding:4b,Qwen3 Embed 4B,qwen3-embedding,4B,gpu,A100 40GB / Ollama GPU,14,0,14,0.109400707000077,0.001762924000077,0.0,0.107637783,0.0009028680001392,0.0,0.0,0.1103035750002163,0.1209671110000272,0.5733841061401289,12.360377043534648,12.933761149674776,3.95,121.614,123.904,1,cpu:tdp_estimate_120w;gpu:nvml,0.0,6.466880574837388e-07,0.0,6.466880574837388e-07,4.6192004105981344e-05,923.8400821196268,,,How should I explain CPU and GPU energy measurement on the poster?,doc_energy,doc_cpu_gpu|doc_energy|doc_cost,True,,,6.712254542003517,479.44675300025125,46.69138954248366,6.712254542003517
lightning_a100_qwen35,2026-05-11T10:05:29.537157+00:00,rag_rank,rag_002,0,ollama_local,qwen3-embedding:4b,Qwen3 Embed 4B,qwen3-embedding,4B,gpu,A100 40GB / Ollama GPU,11,0,11,0.1084066970001913,0.0016372030001913,0.0,0.106769494,0.0008004240003174,0.0,0.0,0.1092071210005087,0.1188710299998092,0.349480828199439,9.623829623502225,9.973310451701664,2.45,94.5735,123.904,1,cpu:tdp_estimate_120w;gpu:nvml,0.0,4.986655225850832e-07,0.0,4.986655225850832e-07,4.5333229325916656e-05,906.6645865183332,,,Why can batching make embedding jobs cheaper or faster?,doc_batching,doc_batching|doc_cost|doc_rag,True,,,4.073576056464872,370.3250960422611,46.69138954248366,4.073576056464872
lightning_a100_qwen35,2026-05-11T10:05:29.657041+00:00,rag_rank,rag_003,0,ollama_local,qwen3-embedding:4b,Qwen3 Embed 4B,qwen3-embedding,4B,gpu,A100 40GB / Ollama GPU,15,0,15,0.1079477579996819,0.0015986209996819,0.0,0.106349137,0.0008038460000534,0.0,0.0,0.1087516039997353,0.118343079999704,0.4970409359987568,7.808770750616128,8.305811686614884,3.5,76.3985,79.622,1,cpu:tdp_estimate_120w;gpu:nvml,0.0,4.152905843307442e-07,0.0,4.152905843307442e-07,2.7686038955382945e-05,553.7207791076589,,,Which latency buckets should a Python developer inspect for an LLM call?,doc_latency,doc_latency|doc_batching|doc_rag,True,,,2.2831679026926412,152.21119351284275,46.69138954248366,2.2831679026926412
lightning_a100_qwen35,2026-05-11T10:05:29.786864+00:00,rag_rank,rag_004,0,ollama_local,qwen3-embedding:4b,Qwen3 Embed 4B,qwen3-embedding,4B,gpu,A100 40GB / Ollama GPU,13,0,13,0.1171349370001735,0.0017306640001735,0.0,0.115404273,0.0008255160000771,0.0,0.0,0.1179604530002507,0.1275973120000344,0.8268305817602231,9.58652859641548,10.413359178175703,5.4,94.1155,108.609,1,cpu:tdp_estimate_120w;gpu:nvml,0.0,5.206679589087851e-07,0.0,5.206679589087851e-07,4.0051381454521934e-05,801.0276290904387,,,"For a short classification task, what usually dominates the request?",doc_classification,doc_classification|doc_batching|doc_summarization,True,,,3.628832797248048,279.140984403696,46.69138954248366,3.628832797248048
lightning_a100_qwen35,2026-05-11T10:05:29.905631+00:00,rag_rank,rag_001,1,ollama_local,qwen3-embedding:4b,Qwen3 Embed 4B,qwen3-embedding,4B,gpu,A100 40GB / Ollama GPU,14,0,14,0.1064690490002249,0.0017620830002249,0.0,0.104706966,0.0007889549997344,0.0,0.0,0.1072580039999593,0.1173055899998871,0.4152617885996004,9.134610998491873,9.549872787091472,2.95,90.014,108.609,1,cpu:tdp_estimate_120w;gpu:nvml,0.0,4.774936393545737e-07,0.0,4.774936393545737e-07,3.4106688525326694e-05,682.1337705065338,,,How should I explain CPU and GPU energy measurement on the poster?,doc_energy,doc_cpu_gpu|doc_energy|doc_cost,True,,,3.6574500002962678,261.2464285925906,46.69138954248366,3.6574500002962678
lightning_a100_qwen35,2026-05-11T10:05:30.022921+00:00,rag_rank,rag_002,1,ollama_local,qwen3-embedding:4b,Qwen3 Embed 4B,qwen3-embedding,4B,gpu,A100 40GB / Ollama GPU,11,0,11,0.1052526759999636,0.0017139939999636,0.0,0.103538682,0.0007885859999987,0.0,0.0,0.1060412619999624,0.1157550100001572,0.3611556312004904,7.250819846619982,7.611975477820472,2.5999999999999996,71.555,71.691,1,cpu:tdp_estimate_120w;gpu:nvml,0.0,3.805987738910236e-07,0.0,3.805987738910236e-07,3.45998885355476e-05,691.9977707109521,,,Why can batching make embedding jobs cheaper or faster?,doc_batching,doc_batching|doc_cost|doc_rag,True,,,1.8460575832085508,167.8234166553228,46.69138954248366,1.8460575832085508
lightning_a100_qwen35,2026-05-11T10:05:30.141838+00:00,rag_rank,rag_003,1,ollama_local,qwen3-embedding:4b,Qwen3 Embed 4B,qwen3-embedding,4B,gpu,A100 40GB / Ollama GPU,15,0,15,0.106939130000228,0.001631144000228,0.0,0.105307986,0.0007692560002396,0.0,0.0,0.1077083860004677,0.1174153030001434,0.4226950908005162,7.275592920029083,7.698288010829599,3.0,71.7935,71.896,1,cpu:tdp_estimate_120w;gpu:nvml,0.0,3.8491440054147994e-07,0.0,3.8491440054147994e-07,2.566096003609866e-05,513.2192007219733,,,Which latency buckets should a Python developer inspect for an LLM call?,doc_latency,doc_latency|doc_batching|doc_rag,True,,,1.7933092694006367,119.55395129337579,46.69138954248366,1.7933092694006367
lightning_a100_qwen35,2026-05-11T10:05:30.264010+00:00,rag_rank,rag_004,1,ollama_local,qwen3-embedding:4b,Qwen3 Embed 4B,qwen3-embedding,4B,gpu,A100 40GB / Ollama GPU,13,0,13,0.1100729889999456,0.0016796119999456,0.0,0.108393377,0.0008017649997782,0.0,0.0,0.1108747539997239,0.1204492519996165,0.5420216339982742,7.808894433849094,8.350916067847368,3.75,77.0985,80.826,1,cpu:tdp_estimate_120w;gpu:nvml,0.0,4.175458033923684e-07,0.0,4.175458033923684e-07,3.21189079532591e-05,642.3781590651821,,,"For a short classification task, what usually dominates the request?",doc_classification,doc_classification|doc_batching|doc_summarization,True,,,2.184951488634221,168.0731914334016,46.69138954248366,2.184951488634221
lightning_a100_qwen35,2026-05-11T10:05:31.714413+00:00,batch_embeddings,batch_0,0,ollama_local,qwen3-embedding:0.6b,Qwen3 Embed 0.6B,qwen3-embedding,0.6B,gpu,A100 40GB / Ollama GPU,196,0,196,1.4375584539998272,0.0019181479998271,0.0,1.435640306,7.099997674231417e-07,0.0,0.0,1.4375591639995946,1.447552647000066,6.82086807266431,106.89686318180576,113.71773125447008,3.9266666666666663,76.06046666666666,116.253,1,cpu:tdp_estimate_120w;gpu:nvml,0.0,5.685886562723503e-06,0.0,5.685886562723503e-06,2.9009625320017873e-05,580.1925064003575,,,,,,,4.0,1024.0,39.30861865747234,200.55417682383845,46.69138954248366,39.30861865747234
lightning_a100_qwen35,2026-05-11T10:05:31.859932+00:00,batch_embeddings,batch_1,0,ollama_local,qwen3-embedding:0.6b,Qwen3 Embed 0.6B,qwen3-embedding,0.6B,gpu,A100 40GB / Ollama GPU,163,0,163,0.1334818440000162,0.0019099270000162,0.0,0.131571917,7.010003173490986e-07,0.0,0.0,0.1334825450003336,0.1437422740000329,0.5002231135201145,7.333269963241024,7.833493076761139,2.9000000000000004,71.994,72.569,1,cpu:tdp_estimate_120w;gpu:nvml,0.0,3.916746538380569e-07,0.0,3.916746538380569e-07,2.4029119867365455e-06,48.05823973473091,,,,,,,4.0,1024.0,0.6217434541830675,3.8143770195280218,46.69138954248366,0.6217434541830675
lightning_a100_qwen35,2026-05-11T10:05:32.009078+00:00,batch_embeddings,batch_2,0,ollama_local,qwen3-embedding:0.6b,Qwen3 Embed 0.6B,qwen3-embedding,0.6B,gpu,A100 40GB / Ollama GPU,330,0,330,0.1371566450002319,0.0018180850002319,0.0,0.13533856,8.000001798791345e-07,0.0,0.0,0.1371574450004118,0.1469048150001981,1.013643223501367,7.968954434588908,8.982597658090276,5.75,78.667,85.717,1,cpu:tdp_estimate_120w;gpu:nvml,0.0,4.491298829045138e-07,0.0,4.491298829045138e-07,1.3609996451651935e-06,27.21999290330387,,,,,,,3.0,1024.0,1.1097644917481606,3.362922702267153,46.69138954248366,1.1097644917481606
lightning_a100_qwen35,2026-05-11T10:05:32.157023+00:00,batch_embeddings,batch_0,1,ollama_local,qwen3-embedding:0.6b,Qwen3 Embed 0.6B,qwen3-embedding,0.6B,gpu,A100 40GB / Ollama GPU,196,0,196,0.1356238270000176,0.0022041540000176,0.0,0.133419673,5.599999894911889e-07,0.0,0.0,0.1356243870000071,0.1458256440000696,0.6124677048002923,8.334082419223694,8.946550124023986,3.5,81.65950000000001,85.717,1,cpu:tdp_estimate_120w;gpu:nvml,0.0,4.473275062011993e-07,0.0,4.473275062011993e-07,2.282283194904078e-06,45.645663898081565,,,,,,,4.0,1024.0,1.5252804699329001,7.782043213943368,46.69138954248366,1.5252804699329001
lightning_a100_qwen35,2026-05-11T10:05:32.302224+00:00,batch_embeddings,batch_1,1,ollama_local,qwen3-embedding:0.6b,Qwen3 Embed 0.6B,qwen3-embedding,0.6B,gpu,A100 40GB / Ollama GPU,163,0,163,0.1332982910003011,0.0019930190003011,0.0,0.131305272,6.700001904391684e-07,0.0,0.0,0.1332989610004915,0.143176031999701,0.5583865247988339,7.775923683570106,8.33431020836894,3.25,76.61850000000001,81.62,1,cpu:tdp_estimate_120w;gpu:nvml,0.0,4.16715510418447e-07,0.0,4.16715510418447e-07,2.5565368737328036e-06,51.13073747465607,,,,,,,4.0,1024.0,1.0908358003249603,6.692244173772763,46.69138954248366,1.0908358003249603
lightning_a100_qwen35,2026-05-11T10:05:32.445423+00:00,batch_embeddings,batch_2,1,ollama_local,qwen3-embedding:0.6b,Qwen3 Embed 0.6B,qwen3-embedding,0.6B,gpu,A100 40GB / Ollama GPU,330,0,330,0.1315751769998314,0.0017340019998314,0.0,0.129841175,6.509999366244301e-07,0.0,0.0,0.131575827999768,0.1416538029998264,0.5354513753393438,8.617722669589554,9.153174044928898,3.15,84.5415,87.463,1,cpu:tdp_estimate_120w;gpu:nvml,0.0,4.576587022464449e-07,0.0,4.576587022464449e-07,1.3868445522619543e-06,27.736891045239084,,,,,,,3.0,1024.0,2.003709773550418,6.071847798637631,46.69138954248366,2.003709773550418
lightning_a100_qwen35,2026-05-11T10:05:34.505574+00:00,batch_embeddings,batch_0,0,ollama_local,qwen3-embedding:4b,Qwen3 Embed 4B,qwen3-embedding,4B,gpu,A100 40GB / Ollama GPU,196,0,196,2.0471859540002697,0.0026110090002697,0.0,2.044574945,7.700000423938036e-07,0.0,0.0,2.047186724000312,2.057792241000243,10.535896273921244,124.4132554315978,134.94915170551906,4.266666666666667,62.33680952380953,76.917,1,cpu:tdp_estimate_120w;gpu:nvml,0.0,6.747457585275953e-06,0.0,6.747457585275953e-06,3.4425804006509966e-05,688.5160801301993,,,,,,,4.0,2560.0,28.332076309555035,144.55140974262773,46.69138954248366,28.332076309555035
lightning_a100_qwen35,2026-05-11T10:05:34.692027+00:00,batch_embeddings,batch_1,0,ollama_local,qwen3-embedding:4b,Qwen3 Embed 4B,qwen3-embedding,4B,gpu,A100 40GB / Ollama GPU,163,0,163,0.1732873380001365,0.0025862900001365,0.0,0.170701048,8.689999049238395e-07,0.0,0.0,0.1732882070000414,0.18424448199994,0.718553479799766,10.792347459612,11.510900939411766,3.25,106.2315,141.642,1,cpu:tdp_estimate_120w;gpu:nvml,0.0,5.755450469705882e-07,0.0,5.755450469705882e-07,3.530951208408517e-06,70.61902416817034,,,,,,,4.0,2560.0,2.189716579499681,13.433844046010313,46.69138954248366,2.189716579499681
lightning_a100_qwen35,2026-05-11T10:05:34.887321+00:00,batch_embeddings,batch_2,0,ollama_local,qwen3-embedding:4b,Qwen3 Embed 4B,qwen3-embedding,4B,gpu,A100 40GB / Ollama GPU,330,0,330,0.1832287709999036,0.0022303539999036,0.0,0.180998417,6.699997356918175e-07,0.0,0.0,0.1832294409996393,0.1937069850000625,1.0111504617003262,11.2144916437145,12.225642105414826,4.35,110.1435,148.868,1,cpu:tdp_estimate_120w;gpu:nvml,0.0,6.112821052707413e-07,0.0,6.112821052707413e-07,1.8523700159719432e-06,37.047400319438864,,,,,,,3.0,2560.0,2.1700433499765417,6.575888939322853,46.69138954248366,2.1700433499765417
lightning_a100_qwen35,2026-05-11T10:05:35.080458+00:00,batch_embeddings,batch_0,1,ollama_local,qwen3-embedding:4b,Qwen3 Embed 4B,qwen3-embedding,4B,gpu,A100 40GB / Ollama GPU,196,0,196,0.1802078129999245,0.0024367379999244,0.0,0.177771075,9.200002750731072e-07,0.0,0.0,0.1802087330001995,0.190721176000352,0.9383481859217316,11.361936159805309,12.30028434572704,4.1,112.192,152.965,1,cpu:tdp_estimate_120w;gpu:nvml,0.0,6.150142172863519e-07,0.0,6.150142172863519e-07,3.1378276392160813e-06,62.75655278432163,,,,,,,4.0,2560.0,2.4568994371722876,12.535201210062692,46.69138954248366,2.4568994371722876
lightning_a100_qwen35,2026-05-11T10:05:35.263291+00:00,batch_embeddings,batch_1,1,ollama_local,qwen3-embedding:4b,Qwen3 Embed 4B,qwen3-embedding,4B,gpu,A100 40GB / Ollama GPU,163,0,163,0.1701632260001133,0.0025646980001133,0.0,0.167598528,7.20000116416486e-07,0.0,0.0,0.1701639460002297,0.1810403290000977,0.8146814805004396,8.728664086004114,9.543345566504554,3.75,86.05250000000001,100.686,1,cpu:tdp_estimate_120w;gpu:nvml,0.0,4.771672783252277e-07,0.0,4.771672783252277e-07,2.9274066154921944e-06,58.548132309843886,,,,,,,4.0,2560.0,0.27563956176115134,1.6910402562033826,46.69138954248366,0.27563956176115134
lightning_a100_qwen35,2026-05-11T10:05:35.456314+00:00,batch_embeddings,batch_2,1,ollama_local,qwen3-embedding:4b,Qwen3 Embed 4B,qwen3-embedding,4B,gpu,A100 40GB / Ollama GPU,330,0,330,0.1808184040000924,0.0021690910000924,0.0,0.178649313,7.20000116416486e-07,0.0,0.0,0.1808191240002088,0.1912277059996086,0.75726171575845,10.127316737147316,10.884578452905766,3.3,99.813,100.686,1,cpu:tdp_estimate_120w;gpu:nvml,0.0,5.442289226452882e-07,0.0,5.442289226452882e-07,1.6491785534705705e-06,32.98357106941141,,,,,,,3.0,2560.0,1.198629425004052,3.632210378800157,46.69138954248366,1.198629425004052
lightning_a100_mixed_families,2026-05-11T10:13:05.417605+00:00,chat,chat_001,0,ollama_local,llama3.2:3b,Llama 3.2 3B,llama3.2,3B,cpu,CPU / num_gpu=0,67,96,163,5.72052342500001,0.0017683350000101,0.47420327,5.24455182,2.2399999579647556e-06,2.222143668,3.0224081519999997,5.720525664999968,5.730735232999905,177.1460745813423,262.3957403149166,439.5418148962589,25.759649122807016,46.631947368421045,46.653,1,cpu:tdp_estimate;gpu:nvml,0.0,2.1977090744812943e-05,0.0,2.1977090744812943e-05,0.0001348287775755,2696.575551510791,,,,,,,,,177.1460745813423,1086.7857336278669,46.69138954248366,0.0
lightning_a100_mixed_families,2026-05-11T10:13:08.130973+00:00,chat,chat_002,0,ollama_local,llama3.2:3b,Llama 3.2 3B,llama3.2,3B,cpu,CPU / num_gpu=0,60,96,156,2.700038829999812,0.002034029999812,0.178976373,2.5190284270000003,2.500000391592039e-06,2.226699308,0.2923291190000001,2.7000413300002037,2.710847699000169,152.91590664760065,122.01761674141989,274.93352338902054,47.007407407407406,46.65299999999999,46.653,1,cpu:tdp_estimate;gpu:nvml,0.0,1.3746676169451028e-05,0.0,1.3746676169451028e-05,8.811971903494248e-05,1762.3943806988495,,,,,,,,,152.91590664760065,980.230170817953,46.69138954248366,0.0
lightning_a100_mixed_families,2026-05-11T10:13:11.038741+00:00,chat,chat_003,0,ollama_local,llama3.2:3b,Llama 3.2 3B,llama3.2,3B,cpu,CPU / num_gpu=0,62,96,158,2.893120118999832,0.0020949409998318,0.188329385,2.702695793,1.6799999684735667e-06,2.410809992,0.2918858010000003,2.8931217989998004,2.9038583149999795,166.08467433074364,131.30378541488437,297.388459745628,47.66206896551724,46.64968965517241,46.653,1,cpu:tdp_estimate;gpu:nvml,0.0,1.48694229872814e-05,0.0,1.48694229872814e-05,9.411027207140126e-05,1882.205441428025,,,,,,,,,166.08467433074364,1051.1688248781243,46.69138954248366,0.0
lightning_a100_mixed_families,2026-05-11T10:13:13.709974+00:00,chat,chat_004,0,ollama_local,llama3.2:3b,Llama 3.2 3B,llama3.2,3B,cpu,CPU / num_gpu=0,58,96,154,2.6579384500000742,0.002036939000074,0.165365829,2.490535682,1.7009997463901527e-06,2.199886842,0.2906488399999998,2.6579401509998206,2.668629927999973,150.1311894605496,121.8972304121747,272.02841987272427,46.88148148148148,46.620999999999995,46.653,1,cpu:tdp_estimate;gpu:nvml,0.0,1.3601420993636212e-05,0.0,1.3601420993636212e-05,8.83209155430923e-05,1766.4183108618458,,,,,,,,,150.1311894605496,974.8778536399324,46.69138954248366,0.0
lightning_a100_mixed_families,2026-05-11T10:13:16.606160+00:00,chat,chat_005,0,ollama_local,llama3.2:3b,Llama 3.2 3B,llama3.2,3B,cpu,CPU / num_gpu=0,71,96,167,2.8828287080000337,0.0019820890000334,0.252405403,2.628441216,1.8099999579135329e-06,2.336817535,0.2916236810000003,2.8828305179999916,2.893711599999733,165.67197392108815,131.08921101513127,296.7611849362194,47.710344827586205,46.58513793103448,46.605,1,cpu:tdp_estimate;gpu:nvml,0.0,1.483805924681097e-05,0.0,1.483805924681097e-05,8.885065417252078e-05,1777.0130834504157,,,,,,,,,165.67197392108815,992.047748030468,46.69138954248366,0.0
lightning_a100_mixed_families,2026-05-11T10:13:19.277052+00:00,chat,chat_001,1,ollama_local,llama3.2:3b,Llama 3.2 3B,llama3.2,3B,cpu,CPU / num_gpu=0,67,96,163,2.657474359999924,0.0020292989999237,0.21533275,2.440112311,1.469999915570952e-06,2.158669243,0.2814430680000002,2.6574758299998393,2.6683979240001463,150.49764291360825,121.70626994273044,272.20391285633866,47.0,46.56411111111111,46.605,1,cpu:tdp_estimate;gpu:nvml,0.0,1.3610195642816934e-05,0.0,1.3610195642816934e-05,8.3498132778018e-05,1669.96265556036,,,,,,,,,150.49764291360825,923.2984227828726,46.69138954248366,0.0
lightning_a100_mixed_families,2026-05-11T10:13:21.934473+00:00,chat,chat_002,1,ollama_local,llama3.2:3b,Llama 3.2 3B,llama3.2,3B,cpu,CPU / num_gpu=0,60,96,156,2.644192743000076,0.0020822810000757,0.17832454,2.463785922,1.9300000531075057e-06,2.186040078,0.277745844,2.644194673000129,2.65498060300024,149.76450583679576,121.82860671242,271.5931125492158,47.007407407407406,46.61388888888889,46.653,1,cpu:tdp_estimate;gpu:nvml,0.0,1.357965562746079e-05,0.0,1.357965562746079e-05,8.704907453500505e-05,1740.9814907001012,,,,,,,,,149.76450583679576,960.0288835692036,46.69138954248366,0.0
lightning_a100_mixed_families,2026-05-11T10:13:24.599640+00:00,chat,chat_003,1,ollama_local,llama3.2:3b,Llama 3.2 3B,llama3.2,3B,cpu,CPU / num_gpu=0,62,96,158,2.6526707779999015,0.0019293879999016,0.188203223,2.462538167,1.7100001059588976e-06,2.177018079,0.2855200879999997,2.652672488000007,2.6627219930001047,148.87574520862808,121.87993481549864,270.7556800241267,46.592592592592595,46.64944444444444,46.653,1,cpu:tdp_estimate;gpu:nvml,0.0,1.3537784001206336e-05,0.0,1.3537784001206336e-05,8.568217722282491e-05,1713.643544456498,,,,,,,,,148.87574520862808,942.2515519533422,46.69138954248366,0.0
lightning_a100_mixed_families,2026-05-11T10:13:27.281133+00:00,chat,chat_004,1,ollama_local,llama3.2:3b,Llama 3.2 3B,llama3.2,3B,cpu,CPU / num_gpu=0,58,96,154,2.6683445119997486,0.0020500989997485,0.165853538,2.500440875,1.8799996723828372e-06,2.202118425,0.2983224500000001,2.668346391999421,2.6790571410001576,149.55092307094213,121.99543848790432,271.54636155884646,46.51851851851852,46.654777777777774,46.701,1,cpu:tdp_estimate;gpu:nvml,0.0,1.3577318077942322e-05,0.0,1.3577318077942322e-05,8.816440310352157e-05,1763.2880620704314,,,,,,,,,149.55092307094213,971.1098900710529,46.69138954248366,0.0
lightning_a100_mixed_families,2026-05-11T10:13:30.022139+00:00,chat,chat_005,1,ollama_local,llama3.2:3b,Llama 3.2 3B,llama3.2,3B,cpu,CPU / num_gpu=0,71,96,167,2.7275877849997414,0.0019738069997412,0.250556587,2.475057391,1.749999682942871e-06,2.187493674,0.2875637169999998,2.7275895349994244,2.7385831600004167,154.62040521362354,126.83967802797504,281.46008324159857,47.05,46.66157142857143,46.701,1,cpu:tdp_estimate;gpu:nvml,0.0,1.4073004162079929e-05,0.0,1.4073004162079929e-05,8.42694860004786e-05,1685.389720009572,,,,,,,,,154.62040521362354,925.8706899019373,46.69138954248366,0.0
lightning_a100_mixed_families,2026-05-11T10:13:36.210860+00:00,chat,chat_001,0,ollama_local,gemma3:4b,Gemma 3 4B,gemma3,4B,cpu,CPU / num_gpu=0,58,96,154,6.174675375000334,0.0023657760003334,0.488855483,5.683454116,2.781000148388557e-06,2.887865429,2.795588687,6.174678156000482,6.185709150000093,237.66292710319712,285.80769465900363,523.4706217622007,32.01774193548387,46.63751612903226,46.653,1,cpu:tdp_estimate;gpu:nvml,0.0,2.617353108811004e-05,0.0,2.617353108811004e-05,0.0001699579940786,3399.1598815727316,,,,,,,,,237.66292710319712,1543.265760410371,46.69138954248366,0.0
lightning_a100_mixed_families,2026-05-11T10:13:39.889966+00:00,chat,chat_002,0,ollama_local,gemma3:4b,Gemma 3 4B,gemma3,4B,cpu,CPU / num_gpu=0,51,96,147,3.6639148379999824,0.0032917829999825,0.218711167,3.441911888,4.750000243802788e-06,2.87516669,0.566745198,3.663919588000226,3.675751549999859,201.04175396496527,169.16348503882267,370.20523900378794,45.57837837837838,46.66208108108109,46.701,1,cpu:tdp_estimate;gpu:nvml,0.0,1.85102619501894e-05,0.0,1.85102619501894e-05,0.000125920149321,2518.4029864203258,,,,,,,,,201.04175396496527,1367.6309793535054,46.69138954248366,0.0
lightning_a100_mixed_families,2026-05-11T10:13:43.539445+00:00,chat,chat_003,0,ollama_local,gemma3:4b,Gemma 3 4B,gemma3,4B,cpu,CPU / num_gpu=0,52,96,148,3.633610109000074,0.0033328250000739,0.226074709,3.404202575,4.138999884162331e-06,2.888866383,0.5153361919999999,3.633614247999958,3.646081781999783,201.24006410618043,169.24949897438833,370.4895630805688,45.994594594594595,46.72435135135136,46.749,1,cpu:tdp_estimate;gpu:nvml,0.0,1.852447815402844e-05,0.0,1.852447815402844e-05,0.0001251653929326,2503.307858652492,,,,,,,,,201.24006410618043,1359.7301628795974,46.69138954248366,0.0
lightning_a100_mixed_families,2026-05-11T10:13:47.176544+00:00,chat,chat_004,0,ollama_local,gemma3:4b,Gemma 3 4B,gemma3,4B,cpu,CPU / num_gpu=0,49,96,145,3.621567916000003,0.0034399090000034,0.204252575,3.413875432,2.500000391592039e-06,2.882370322,0.5315051100000003,3.621570416000395,3.6339091049999297,199.5310739923745,169.2061427860983,368.7372167784728,45.75675675675676,46.749,46.749,1,cpu:tdp_estimate;gpu:nvml,0.0,1.8436860838923637e-05,0.0,1.8436860838923637e-05,0.0001271507644063,2543.0152881273984,,,,,,,,,199.5310739923745,1376.0763723612035,46.69138954248366,0.0
lightning_a100_mixed_families,2026-05-11T10:13:50.946763+00:00,chat,chat_005,0,ollama_local,gemma3:4b,Gemma 3 4B,gemma3,4B,cpu,CPU / num_gpu=0,65,96,161,3.7549021099998754,0.0030929709998752,0.328393492,3.423415647,2.2399999579647556e-06,2.904614678,0.518800969,3.754904349999834,3.7666336889997183,208.52480590059176,173.69892032541583,382.2237262260075,46.13421052631579,46.69342105263158,46.749,1,cpu:tdp_estimate;gpu:nvml,0.0,1.911118631130038e-05,0.0,1.911118631130038e-05,0.000118703020567,2374.0604113416616,,,,,,,,,208.52480590059176,1295.18512981734,46.69138954248366,0.0
lightning_a100_mixed_families,2026-05-11T10:13:54.800882+00:00,chat,chat_001,1,ollama_local,gemma3:4b,Gemma 3 4B,gemma3,4B,cpu,CPU / num_gpu=0,58,96,154,3.8379947859998538,0.0033272939998538,0.354724483,3.479943009,1.8099999579135329e-06,2.938660316,0.5412826929999999,3.837996595999812,3.850655493999966,212.7457540008104,178.40416134461933,391.14991534542975,46.04102564102564,46.684999999999995,46.749,1,cpu:tdp_estimate;gpu:nvml,0.0,1.9557495767271487e-05,0.0,1.9557495767271487e-05,0.0001269967257615,2539.934515230063,,,,,,,,,212.7457540008104,1381.4659350701975,46.69138954248366,0.0
lightning_a100_mixed_families,2026-05-11T10:13:58.469777+00:00,chat,chat_002,1,ollama_local,gemma3:4b,Gemma 3 4B,gemma3,4B,cpu,CPU / num_gpu=0,51,96,147,3.6534782169997015,0.0032418339997013,0.217582835,3.432653548,2.430999757052632e-06,2.9133346,0.519318948,3.6534806479994586,3.6659060370002408,202.09644589274623,169.1326690380099,371.22911493075617,45.94054054054054,46.69710810810811,46.701,1,cpu:tdp_estimate;gpu:nvml,0.0,1.856145574653781e-05,0.0,1.856145574653781e-05,0.000126268406439,2525.3681287806544,,,,,,,,,202.09644589274623,1374.8057543724233,46.69138954248366,0.0
lightning_a100_mixed_families,2026-05-11T10:14:02.109247+00:00,chat,chat_003,1,ollama_local,gemma3:4b,Gemma 3 4B,gemma3,4B,cpu,CPU / num_gpu=0,52,96,148,3.624502863000089,0.0030534500000887,0.224394077,3.397055336,4.349999926489545e-06,2.873317471,0.5237378650000002,3.6245072130000153,3.6361264679999294,199.82939025971612,164.68168598117063,364.5110762408867,45.797222222222224,46.68633333333334,46.701,1,cpu:tdp_estimate;gpu:nvml,0.0,1.8225553812044336e-05,0.0,1.8225553812044336e-05,0.0001231456338651,2462.912677303289,,,,,,,,,199.82939025971612,1350.1985828359198,46.69138954248366,0.0
lightning_a100_mixed_families,2026-05-11T10:14:05.703991+00:00,chat,chat_004,1,ollama_local,gemma3:4b,Gemma 3 4B,gemma3,4B,cpu,CPU / num_gpu=0,49,96,145,3.578939915999854,0.0033176959998537,0.202010223,3.3736119970000003,2.009000127145555e-06,2.843791534,0.5298204630000001,3.578941924999981,3.591225904000112,196.4999107138728,164.35134779853328,360.8512585124061,45.59722222222222,46.71166666666667,46.749,1,cpu:tdp_estimate;gpu:nvml,0.0,1.8042562925620303e-05,0.0,1.8042562925620303e-05,0.0001244314684525,2488.6293690510765,,,,,,,,,196.4999107138728,1355.1717980267088,46.69138954248366,0.0
lightning_a100_mixed_families,2026-05-11T10:14:09.475134+00:00,chat,chat_005,1,ollama_local,gemma3:4b,Gemma 3 4B,gemma3,4B,cpu,CPU / num_gpu=0,65,96,161,3.754876129999957,0.0025536599999567,0.329738807,3.422583663,1.5999999050109182e-06,2.892950331,0.529633332,3.754877729999862,3.7666268880002463,207.5728604920809,173.9031096925293,381.4759701846102,45.92368421052631,46.71868421052631,46.749,1,cpu:tdp_estimate;gpu:nvml,0.0,1.907379850923051e-05,0.0,1.907379850923051e-05,0.0001184707981939,2369.4159638795663,,,,,,,,,207.5728604920809,1289.2724254166517,46.69138954248366,0.0
lightning_a100_mixed_families,2026-05-11T10:14:27.297337+00:00,chat,chat_001,0,ollama_local,mistral-small3.2:24b,Mistral Small 3.2 24B,mistral-small3.2,24B,cpu,CPU / num_gpu=0,48,96,144,17.804933897999945,0.0029558669999438,2.449096375,15.352881656,3.029999788850546e-06,12.266691529,3.086190127000002,17.804936927999734,17.818939111999953,1032.713634323873,830.645376821018,1863.3590111448912,48.29662921348314,46.694258426966286,46.749,1,cpu:tdp_estimate;gpu:nvml,0.0,9.316795055724455e-05,0.0,9.316795055724455e-05,0.0006469996566475,12939.993132950633,,,,,,,,,1032.713634323873,7171.622460582452,46.69138954248366,0.0
lightning_a100_mixed_families,2026-05-11T10:14:40.847113+00:00,chat,chat_002,0,ollama_local,mistral-small3.2:24b,Mistral Small 3.2 24B,mistral-small3.2,24B,cpu,CPU / num_gpu=0,40,96,136,13.532386142999712,0.0041100489997116,1.052931923,12.475344171,4.11000019084895e-06,12.190024662,0.2853195089999989,13.532390252999903,13.545223434000036,855.7089552691705,629.3632881084972,1485.0722433776675,52.64518518518519,46.69815555555556,46.749,1,cpu:tdp_estimate;gpu:nvml,0.0,7.425361216888338e-05,0.0,7.425361216888338e-05,0.0005459824424182,10919.648848365205,,,,,,,,,855.7089552691705,6291.977612273312,46.69138954248366,0.0
lightning_a100_mixed_families,2026-05-11T10:14:54.738097+00:00,chat,chat_003,0,ollama_local,mistral-small3.2:24b,Mistral Small 3.2 24B,mistral-small3.2,24B,cpu,CPU / num_gpu=0,42,96,138,13.874092044999998,0.0042035029999976,1.474203562,12.39568498,2.27999998969608e-06,12.13152229,0.2641626900000009,13.874094324999987,13.887534325999695,880.3368389835232,643.3647582647104,1523.7015972482336,52.825362318840575,46.69230434782609,46.749,1,cpu:tdp_estimate;gpu:nvml,0.0,7.618507986241168e-05,0.0,7.618507986241168e-05,0.0005520657961044,11041.31592208865,,,,,,,,,880.3368389835232,6379.2524564023415,46.69138954248366,0.0
lightning_a100_mixed_families,2026-05-11T10:15:08.124961+00:00,chat,chat_004,0,ollama_local,mistral-small3.2:24b,Mistral Small 3.2 24B,mistral-small3.2,24B,cpu,CPU / num_gpu=0,38,96,134,13.372302157999911,0.0061738889999105,0.958976414,12.407151855,2.3810002858226653e-06,12.127312324,0.2798395310000003,13.372304539000195,13.384288081999784,849.2031139788221,624.1989305960768,1473.4020445748988,52.87313432835821,46.69383582089552,46.749,1,cpu:tdp_estimate;gpu:nvml,0.0,7.367010222874494e-05,0.0,7.367010222874494e-05,0.000549776882304,10995.537646081337,,,,,,,,,849.2031139788221,6337.3366714837475,46.69138954248366,0.0
lightning_a100_mixed_families,2026-05-11T10:15:22.358157+00:00,chat,chat_005,0,ollama_local,mistral-small3.2:24b,Mistral Small 3.2 24B,mistral-small3.2,24B,cpu,CPU / num_gpu=0,54,96,150,14.219412496000132,0.003978768000131,1.760260779,12.455172949,1.779999820428202e-06,12.181865758,0.2733071910000006,14.219414275999952,14.230745326000031,903.2594794567914,661.9106336280604,1565.170113084852,52.89366197183098,46.69423943661972,46.749,1,cpu:tdp_estimate;gpu:nvml,0.0,7.82585056542426e-05,0.0,7.82585056542426e-05,0.0005217233710282,10434.46742056568,,,,,,,,,903.2594794567914,6021.729863045276,46.69138954248366,0.0
lightning_a100_mixed_families,2026-05-11T10:15:36.522228+00:00,chat,chat_001,1,ollama_local,mistral-small3.2:24b,Mistral Small 3.2 24B,mistral-small3.2,24B,cpu,CPU / num_gpu=0,48,96,144,14.147104259000116,0.0029856380001156,1.629335592,12.514783029,1.9899998733308166e-06,12.187676133,0.3271068960000001,14.14710624899999,14.16152921999992,895.8282075439608,656.9635293624749,1552.7917369064355,52.714893617021275,46.677283687943266,46.749,1,cpu:tdp_estimate;gpu:nvml,0.0,7.763958684532179e-05,0.0,7.763958684532179e-05,0.0005391637975369,10783.275950739137,,,,,,,,,895.8282075439608,6221.029219055284,46.69138954248366,0.0
lightning_a100_mixed_families,2026-05-11T10:15:50.118807+00:00,chat,chat_002,1,ollama_local,mistral-small3.2:24b,Mistral Small 3.2 24B,mistral-small3.2,24B,cpu,CPU / num_gpu=0,40,96,136,13.582648791999873,0.003724041999872,1.050013646,12.528911104,2.4119999579852447e-06,12.267299897,0.2616112070000014,13.58265120399983,13.593765070000243,863.2920416013509,632.5860571186141,1495.878098719965,52.92205882352941,46.6265294117647,46.653,1,cpu:tdp_estimate;gpu:nvml,0.0,7.479390493599825e-05,0.0,7.479390493599825e-05,0.0005499551833529,10999.103667058567,,,,,,,,,863.2920416013509,6347.7356000099335,46.69138954248366,0.0
lightning_a100_mixed_families,2026-05-11T10:16:03.864538+00:00,chat,chat_003,1,ollama_local,mistral-small3.2:24b,Mistral Small 3.2 24B,mistral-small3.2,24B,cpu,CPU / num_gpu=0,42,96,138,13.729382918999818,0.0027919749998179,1.145929773,12.580661171,2.2300000637187622e-06,12.320753503,0.2599076679999985,13.72938514899988,13.743076695000129,873.2049988717788,637.3816182155871,1510.586617087366,52.94817518248175,46.638635036496346,46.653,1,cpu:tdp_estimate;gpu:nvml,0.0,7.55293308543683e-05,0.0,7.55293308543683e-05,0.0005473139916983,10946.27983396642,,,,,,,,,873.2049988717788,6327.5724555926,46.69138954248366,0.0
lightning_a100_mixed_families,2026-05-11T10:16:17.480949+00:00,chat,chat_004,1,ollama_local,mistral-small3.2:24b,Mistral Small 3.2 24B,mistral-small3.2,24B,cpu,CPU / num_gpu=0,38,96,134,13.599275816000045,0.005044427000044,0.962643947,12.631587442,2.2399999579647556e-06,12.377889919,0.2536975230000013,13.599278056000005,13.612963903000036,865.3881267524501,632.5783451406973,1497.9664718931474,52.97573529411765,46.61205882352941,46.653,1,cpu:tdp_estimate;gpu:nvml,0.0,7.489832359465738e-05,0.0,7.489832359465738e-05,0.0005589427133929,11178.85426785931,,,,,,,,,865.3881267524501,6458.120348898881,46.69138954248366,0.0
lightning_a100_mixed_families,2026-05-11T10:16:32.108243+00:00,chat,chat_005,1,ollama_local,mistral-small3.2:24b,Mistral Small 3.2 24B,mistral-small3.2,24B,cpu,CPU / num_gpu=0,54,96,150,14.608490107999842,0.0134639619998413,1.930813639,12.664212507,1.5999999050109182e-06,12.412315653,0.2518968539999999,14.608491707999748,14.624622572000137,929.8254896359482,678.3595951086323,1608.1850847445803,52.98287671232877,46.572452054794525,46.701,1,cpu:tdp_estimate;gpu:nvml,0.0,8.040925423722903e-05,0.0,8.040925423722903e-05,0.0005360616949148,10721.233898297203,,,,,,,,,929.8254896359482,6198.8365975729885,46.69138954248366,0.0
lightning_a100_mixed_families,2026-05-11T10:16:35.576095+00:00,summarization,classroom_notebooks,0,ollama_local,llama3.2:3b,Llama 3.2 3B,llama3.2,3B,cpu,CPU / num_gpu=0,151,96,247,3.454869179999605,0.0022284829996048,0.933538949,2.519101748,1.439999778085621e-06,2.239061113,0.2800406350000002,3.454870619999383,3.4649426969999695,210.94967132786903,159.5525826231955,370.5022539510645,50.73428571428572,46.70237142857143,46.749,1,cpu:tdp_estimate;gpu:nvml,0.0,1.8525112697553224e-05,0.0,1.8525112697553224e-05,7.500045626539766e-05,1500.0091253079536,,,,,,,,,210.94967132786903,854.0472523395507,46.69138954248366,0.0
lightning_a100_mixed_families,2026-05-11T10:16:39.045828+00:00,summarization,python_llm_costs,0,ollama_local,llama3.2:3b,Llama 3.2 3B,llama3.2,3B,cpu,CPU / num_gpu=0,182,96,278,3.4572758869999234,0.0024166559999234,0.90115486,2.553704371,1.640000391489593e-06,2.281080928,0.2726234429999996,3.457277527000315,3.467292871999689,202.47405324308124,159.57166327451847,362.0457165175997,48.66285714285714,46.703742857142856,46.749,1,cpu:tdp_estimate;gpu:nvml,0.0,1.8102285825879987e-05,0.0,1.8102285825879987e-05,6.51161360643165e-05,1302.32272128633,,,,,,,,,202.47405324308124,728.3239325290692,46.69138954248366,0.0
lightning_a100_mixed_families,2026-05-11T10:16:42.398478+00:00,summarization,rag_pipeline,0,ollama_local,llama3.2:3b,Llama 3.2 3B,llama3.2,3B,cpu,CPU / num_gpu=0,165,96,261,3.3391660180000144,0.0021016400000144,0.774251349,2.562813029,1.5099999473022765e-06,2.287498729,0.2753142999999998,3.3391675279999617,3.3500661309999487,194.31171810654055,154.94934985854488,349.26106796508543,48.33529411764706,46.69535294117647,46.749,1,cpu:tdp_estimate;gpu:nvml,0.0,1.7463053398254272e-05,0.0,1.7463053398254272e-05,6.690825056802403e-05,1338.1650113604803,,,,,,,,,194.31171810654055,744.48934140437,46.69138954248366,0.0
lightning_a100_mixed_families,2026-05-11T10:16:45.635504+00:00,summarization,classroom_notebooks,1,ollama_local,llama3.2:3b,Llama 3.2 3B,llama3.2,3B,cpu,CPU / num_gpu=0,151,96,247,3.2236542410000766,0.0026141720000767,0.679720819,2.54131925,2.0109996512474027e-06,2.246481812,0.294837438,3.223656251999728,3.23446887099999,185.42327909569033,150.18299433053608,335.6062734262264,47.77272727272727,46.69518181818182,46.749,1,cpu:tdp_estimate;gpu:nvml,0.0,1.678031367131132e-05,0.0,1.678031367131132e-05,6.79364925964021e-05,1358.729851928042,,,,,,,,,185.42327909569033,750.7015348003657,46.69138954248366,0.0
lightning_a100_mixed_families,2026-05-11T10:16:49.154548+00:00,summarization,python_llm_costs,1,ollama_local,llama3.2:3b,Llama 3.2 3B,llama3.2,3B,cpu,CPU / num_gpu=0,182,96,278,3.5058781230000022,0.002037319000002,0.89448207,2.609358734,1.6700000742275734e-06,2.327838557,0.281520177,3.5058797930000765,3.5165692719997423,202.43382197785945,159.73744855789687,362.1712705357563,47.97142857142857,46.69688571428571,46.749,1,cpu:tdp_estimate;gpu:nvml,0.0,1.8108563526787815e-05,0.0,1.8108563526787815e-05,6.513871772225833e-05,1302.7743544451666,,,,,,,,,202.43382197785945,728.1792157476958,46.69138954248366,0.0
lightning_a100_mixed_families,2026-05-11T10:16:52.462879+00:00,summarization,rag_pipeline,1,ollama_local,llama3.2:3b,Llama 3.2 3B,llama3.2,3B,cpu,CPU / num_gpu=0,165,96,261,3.295103390999884,0.0021251109998843,0.775678896,2.517299384,1.7899997146741953e-06,2.250592057,0.2667073269999997,3.295105180999599,3.305881750000026,192.11380453363785,150.20055410846277,342.3143586421006,48.42727272727272,46.70972727272727,46.749,1,cpu:tdp_estimate;gpu:nvml,0.0,1.711571793210503e-05,0.0,1.711571793210503e-05,6.557746334139857e-05,1311.549266827972,,,,,,,,,192.11380453363785,736.0682166039765,46.69138954248366,0.0
lightning_a100_mixed_families,2026-05-11T10:16:57.090066+00:00,summarization,classroom_notebooks,0,ollama_local,gemma3:4b,Gemma 3 4B,gemma3,4B,cpu,CPU / num_gpu=0,140,96,236,4.608716468000239,0.0031920830002389,1.103818473,3.501705912,1.7400002434442283e-06,2.976549389,0.5251565229999997,4.608718208000482,4.621806343000117,260.9471861257866,211.43769312314384,472.3848792489304,47.05,46.698913043478264,46.749,1,cpu:tdp_estimate;gpu:nvml,0.0,2.361924396244652e-05,0.0,2.361924396244652e-05,0.0001000815422137,2001.630844275129,,,,,,,,,260.9471861257866,1105.7084157872312,46.69138954248366,0.0
lightning_a100_mixed_families,2026-05-11T10:17:01.743438+00:00,summarization,python_llm_costs,0,ollama_local,gemma3:4b,Gemma 3 4B,gemma3,4B,cpu,CPU / num_gpu=0,175,96,271,4.638250749000235,0.0036719510002356,1.081767884,3.5528109139999997,4.121000074519543e-06,3.038017646,0.5147932679999996,4.63825487000031,4.650138810000044,266.43514477075144,216.17181491517297,482.6069596859244,47.746808510638296,46.69589361702128,46.749,1,cpu:tdp_estimate;gpu:nvml,0.0,2.4130347984296215e-05,0.0,2.4130347984296215e-05,8.904187448079785e-05,1780.837489615957,,,,,,,,,266.43514477075144,983.1555157592304,46.69138954248366,0.0
lightning_a100_mixed_families,2026-05-11T10:17:06.247605+00:00,summarization,rag_pipeline,0,ollama_local,gemma3:4b,Gemma 3 4B,gemma3,4B,cpu,CPU / num_gpu=0,157,96,253,4.488777475000006,0.0038879250000061,0.936956981,3.5479325690000003,1.9389999579288997e-06,3.026882457,0.5210501120000002,4.488779413999964,4.50084502000027,255.93605121729536,206.78469127987267,462.720742497168,47.38666666666667,46.703133333333334,46.749,1,cpu:tdp_estimate;gpu:nvml,0.0,2.31360371248584e-05,0.0,2.31360371248584e-05,9.14467870547763e-05,1828.9357410955256,,,,,,,,,255.93605121729536,1011.6049455229066,46.69138954248366,0.0
lightning_a100_mixed_families,2026-05-11T10:17:10.533542+00:00,summarization,classroom_notebooks,1,ollama_local,gemma3:4b,Gemma 3 4B,gemma3,4B,cpu,CPU / num_gpu=0,140,96,236,4.2696273809997365,0.0035801199997367,0.805419272,3.460627989,3.5200000638724305e-06,2.959323702,0.501304287,4.2696309009998,4.281755815999986,243.64186350206433,197.2386175592563,440.88048106132067,47.41860465116279,46.701,46.749,1,cpu:tdp_estimate;gpu:nvml,0.0,2.204402405306603e-05,0.0,2.204402405306603e-05,9.340688158078828e-05,1868.1376316157657,,,,,,,,,243.64186350206433,1032.38077755112,46.69138954248366,0.0
lightning_a100_mixed_families,2026-05-11T10:17:15.179005+00:00,summarization,python_llm_costs,1,ollama_local,gemma3:4b,Gemma 3 4B,gemma3,4B,cpu,CPU / num_gpu=0,175,96,271,4.62995827199984,0.00393146499984,1.087367698,3.5386591089999997,1.630000042496249e-06,3.016911996,0.5217471129999995,4.629959901999882,4.642287432000103,264.7289101116314,216.0723513542046,480.801261465836,47.52127659574468,46.70508510638298,46.749,1,cpu:tdp_estimate;gpu:nvml,0.0,2.40400630732918e-05,0.0,2.40400630732918e-05,8.870871982764503e-05,1774.1743965529004,,,,,,,,,264.7289101116314,976.859446906389,46.69138954248366,0.0
lightning_a100_mixed_families,2026-05-11T10:17:19.618166+00:00,summarization,rag_pipeline,1,ollama_local,gemma3:4b,Gemma 3 4B,gemma3,4B,cpu,CPU / num_gpu=0,157,96,253,4.422546317000069,0.0037912950000693,0.935554345,3.483200677,1.7689999367576092e-06,2.976149572,0.507051105,4.422548086000006,4.436596349999945,252.12370403167867,201.96179715114025,454.0855011828189,47.35681818181818,46.702090909090906,46.749,1,cpu:tdp_estimate;gpu:nvml,0.0,2.2704275059140945e-05,0.0,2.2704275059140945e-05,8.974021762506302e-05,1794.8043525012604,,,,,,,,,252.12370403167867,996.5363795718525,46.69138954248366,0.0
lightning_a100_mixed_families,2026-05-11T10:17:39.347645+00:00,summarization,classroom_notebooks,0,ollama_local,mistral-small3.2:24b,Mistral Small 3.2 24B,mistral-small3.2,24B,cpu,CPU / num_gpu=0,134,96,230,19.714443272999688,0.0036374189996877,7.049621825,12.661184029,4.2010001379821915e-06,12.399304568,0.2618794610000012,19.714447473999822,19.725546909999593,1253.619585235119,920.1594789498516,2173.7790641849706,52.96091370558375,46.70148730964467,46.749,1,cpu:tdp_estimate;gpu:nvml,0.0,0.0001086889532092,0.0,0.0001086889532092,0.0004725606661271,9451.213322543352,,,,,,,,,1253.619585235119,5450.519935804866,46.69138954248366,0.0
lightning_a100_mixed_families,2026-05-11T10:17:58.394253+00:00,summarization,python_llm_costs,0,ollama_local,mistral-small3.2:24b,Mistral Small 3.2 24B,mistral-small3.2,24B,cpu,CPU / num_gpu=0,165,96,261,19.02787981499978,0.0041338109997788,6.448501938,12.575244066,1.7299998944508843e-06,12.317276039,0.2579680270000004,19.027881544999673,19.043840095000174,1214.688287389998,887.3808697508338,2102.0691571408315,53.15315789473684,46.70681052631579,46.749,1,cpu:tdp_estimate;gpu:nvml,0.0,0.000105103457857,0.0,0.000105103457857,0.0004026952408315,8053.904816631539,,,,,,,,,1214.688287389998,4653.978112605357,46.69138954248366,0.0
lightning_a100_mixed_families,2026-05-11T10:18:16.547366+00:00,summarization,rag_pipeline,0,ollama_local,mistral-small3.2:24b,Mistral Small 3.2 24B,mistral-small3.2,24B,cpu,CPU / num_gpu=0,146,96,242,18.139128249999885,0.003565778999885,5.493524526,12.642037945,1.8099999579135329e-06,12.37795657,0.2640813749999999,18.139130059999843,18.150241737000215,1158.4226330635602,844.6797989346541,2003.1024319982143,53.186740331491706,46.7110773480663,46.749,1,cpu:tdp_estimate;gpu:nvml,0.0,0.0001001551215999,0.0,0.0001001551215999,0.0004138641388426,8277.282776852126,,,,,,,,,1158.4226330635602,4786.870384560167,46.69138954248366,0.0
lightning_a100_mixed_families,2026-05-11T10:18:34.078613+00:00,summarization,classroom_notebooks,1,ollama_local,mistral-small3.2:24b,Mistral Small 3.2 24B,mistral-small3.2,24B,cpu,CPU / num_gpu=0,134,96,230,17.51235495400033,0.0035699190003306,4.928324337,12.580460698,1.7809998098528013e-06,12.314013464,0.2664472339999992,17.51235673500014,17.528526888000215,1117.098026722793,817.0856989073304,1934.1837256301235,53.10857142857143,46.71306857142857,46.749,1,cpu:tdp_estimate;gpu:nvml,0.0,9.670918628150616e-05,0.0,9.670918628150616e-05,0.000420474722963,8409.494459261407,,,,,,,,,1117.098026722793,4856.947942273014,46.69138954248366,0.0
lightning_a100_mixed_families,2026-05-11T10:18:53.078726+00:00,summarization,python_llm_costs,1,ollama_local,mistral-small3.2:24b,Mistral Small 3.2 24B,mistral-small3.2,24B,cpu,CPU / num_gpu=0,165,96,261,18.986488217999977,0.0036622519999767,6.438975903,12.543850063,1.6799999684735667e-06,12.283093264,0.260756799000001,18.986489897999945,18.99738668100008,1212.2986305696984,882.5054938591625,2094.8041244288606,53.17830687830688,46.709380952380954,46.749,1,cpu:tdp_estimate;gpu:nvml,0.0,0.0001047402062214,0.0,0.0001047402062214,0.0004013034721128,8026.069442256171,,,,,,,,,1212.2986305696984,4644.822339347504,46.69138954248366,0.0
lightning_a100_mixed_families,2026-05-11T10:19:11.417671+00:00,summarization,rag_pipeline,1,ollama_local,mistral-small3.2:24b,Mistral Small 3.2 24B,mistral-small3.2,24B,cpu,CPU / num_gpu=0,146,96,242,18.325305653000218,0.0030326890002143,5.529424484,12.79284848,1.8589998944662511e-06,12.532296303,0.2605521769999992,18.32530751200011,18.33636265899986,1170.00422377659,853.3958364235115,2023.4000602001015,53.17322404371585,46.70134972677595,46.749,1,cpu:tdp_estimate;gpu:nvml,0.0,0.00010117000301,0.0,0.00010117000301,0.0004180578636777,8361.157273554138,,,,,,,,,1170.00422377659,4834.728197423925,46.69138954248366,0.0
lightning_a100_mixed_families,2026-05-11T10:19:12.084528+00:00,classification,cls_001,0,ollama_local,llama3.2:3b,Llama 3.2 3B,llama3.2,3B,cpu,CPU / num_gpu=0,73,3,76,0.6533526630000779,0.0021770520000778,0.395834753,0.255340858,7.699999969190685e-06,0.0437319,0.211608958,0.6533603630000471,0.6641540329997042,39.131955624342574,28.199861945042088,67.33181756938467,49.1,46.69414285714286,46.701,1,cpu:tdp_estimate;gpu:nvml,0.0,3.366590878469233e-06,0.0,3.366590878469233e-06,4.429724840091096e-05,885.9449680182194,how-to,False,,,,,,,39.131955624342574,514.894152951876,46.69138954248366,0.0
lightning_a100_mixed_families,2026-05-11T10:19:12.536963+00:00,classification,cls_002,0,ollama_local,llama3.2:3b,Llama 3.2 3B,llama3.2,3B,cpu,CPU / num_gpu=0,74,3,77,0.4393702100001064,0.0018221260001064,0.182462791,0.255085293,6.979999852774199e-06,0.048974274,0.206111019,0.4393771899999592,0.4499918860001344,16.620900301300964,18.77629848189998,35.39719878320094,30.78,46.6722,46.701,1,cpu:tdp_estimate;gpu:nvml,0.0,1.769859939160047e-06,0.0,1.769859939160047e-06,2.2985194015065547e-05,459.7038803013109,how-to,True,,,,,,,16.620900301300964,215.85584806884367,46.69138954248366,0.0
lightning_a100_mixed_families,2026-05-11T10:19:12.927104+00:00,classification,cls_003,0,ollama_local,llama3.2:3b,Llama 3.2 3B,llama3.2,3B,cpu,CPU / num_gpu=0,69,2,71,0.3762159010002506,0.0017959560002506,0.149884446,0.2245354989999999,5.450000116979936e-06,0.021827005,0.2027084939999999,0.3762213510003676,0.3877038250002442,11.456648028757218,14.109137903006417,25.565785931763635,24.625,46.701,46.701,1,cpu:tdp_estimate;gpu:nvml,0.0,1.2782892965881818e-06,0.0,1.2782892965881818e-06,1.8004074599833546e-05,360.08149199667093,performance,False,,,,,,,11.456648028757218,161.36123984165096,46.69138954248366,0.0
lightning_a100_mixed_families,2026-05-11T10:19:13.378680+00:00,classification,cls_004,0,ollama_local,llama3.2:3b,Llama 3.2 3B,llama3.2,3B,cpu,CPU / num_gpu=0,75,3,78,0.4391562060000069,0.0019734700000069,0.189840155,0.247342581,5.310000233293977e-06,0.046708659,0.200633922,0.4391615160002402,0.4492003010000189,17.58349658234474,18.792149001558805,36.37564558390355,32.62,46.701,46.701,1,cpu:tdp_estimate;gpu:nvml,0.0,1.8187822791951776e-06,0.0,1.8187822791951776e-06,2.33177215281433e-05,466.354430562866,how-to,False,,,,,,,17.58349658234474,225.4294433633941,46.69138954248366,0.0
lightning_a100_mixed_families,2026-05-11T10:19:13.806752+00:00,classification,cls_005,0,ollama_local,llama3.2:3b,Llama 3.2 3B,llama3.2,3B,cpu,CPU / num_gpu=0,74,2,76,0.4156349079999017,0.0018447859999017,0.182521402,0.2312687199999999,6.108999969001161e-06,0.023835344,0.2074333759999999,0.4156410169998707,0.4257048130002658,15.18233645084148,18.80913718700524,33.991473637846724,29.72,46.7298,46.749,1,cpu:tdp_estimate;gpu:nvml,0.0,1.699573681892336e-06,0.0,1.699573681892336e-06,2.2362811603846524e-05,447.2562320769306,bug,False,,,,,,,15.18233645084148,199.76758487949317,46.69138954248366,0.0
lightning_a100_mixed_families,2026-05-11T10:19:14.222381+00:00,classification,cls_006,0,ollama_local,llama3.2:3b,Llama 3.2 3B,llama3.2,3B,cpu,CPU / num_gpu=0,74,2,76,0.4032526559999496,0.0017818139999496,0.18501271,0.216458132,5.909999799769139e-06,0.021988618,0.194469514,0.4032585659997494,0.4132416620000185,14.807275232784669,18.802300963450207,33.609576196234876,29.860000000000003,46.7394,46.749,1,cpu:tdp_estimate;gpu:nvml,0.0,1.6804788098117438e-06,0.0,1.6804788098117438e-06,2.211156328699663e-05,442.2312657399326,bug,True,,,,,,,14.807275232784669,194.83256885242986,46.69138954248366,0.0
lightning_a100_mixed_families,2026-05-11T10:19:14.613679+00:00,classification,cls_007,0,ollama_local,llama3.2:3b,Llama 3.2 3B,llama3.2,3B,cpu,CPU / num_gpu=0,69,2,71,0.3789621629998692,0.0018059939998691,0.149934518,0.227221651,4.789999820786761e-06,0.02318872,0.204032931,0.3789669529996899,0.3889580689997274,7.421319956514798,14.127364543906126,21.54868450042092,15.9,46.749,46.749,1,cpu:tdp_estimate;gpu:nvml,0.0,1.077434225021046e-06,0.0,1.077434225021046e-06,1.5175129929873888e-05,303.5025985974778,concept,True,,,,,,,7.421319956514798,104.52563319034925,46.69138954248366,0.0
lightning_a100_mixed_families,2026-05-11T10:19:15.050246+00:00,classification,cls_008,0,ollama_local,llama3.2:3b,Llama 3.2 3B,llama3.2,3B,cpu,CPU / num_gpu=0,73,3,76,0.4241513020001548,0.0017326930001548,0.17628603,0.246132579,5.859999873791821e-06,0.043926375,0.202206204,0.4241571620000286,0.434195259000262,16.579311769666003,18.811698492123764,35.391010261789766,31.82,46.749,46.749,1,cpu:tdp_estimate;gpu:nvml,0.0,1.7695505130894883e-06,0.0,1.7695505130894883e-06,2.3283559382756425e-05,465.6711876551285,how-to,True,,,,,,,16.579311769666003,218.14883907455265,46.69138954248366,0.0
lightning_a100_mixed_families,2026-05-11T10:19:15.496673+00:00,classification,cls_001,1,ollama_local,llama3.2:3b,Llama 3.2 3B,llama3.2,3B,cpu,CPU / num_gpu=0,73,3,76,0.4332943320000595,0.0018468680000595,0.176551165,0.254896299,5.111000064061955e-06,0.045086748,0.2098095509999999,0.4332994430001236,0.444054350999977,15.144029586503216,18.81166518194631,33.955694768449526,28.42,46.7106,46.749,1,cpu:tdp_estimate;gpu:nvml,0.0,1.6977847384224763e-06,0.0,1.6977847384224763e-06,2.233927287397995e-05,446.785457479599,how-to,False,,,,,,,15.144029586503216,199.2635471908318,46.69138954248366,0.0
lightning_a100_mixed_families,2026-05-11T10:19:15.938776+00:00,classification,cls_002,1,ollama_local,llama3.2:3b,Llama 3.2 3B,llama3.2,3B,cpu,CPU / num_gpu=0,74,3,77,0.4297784130003492,0.0017512550003492,0.182499141,0.245528017,4.900000021734741e-06,0.046173809,0.199354208,0.429783313000371,0.4397370460001184,16.29489597658039,18.792084554180775,35.08698053076117,30.880000000000003,46.701,46.701,1,cpu:tdp_estimate;gpu:nvml,0.0,1.7543490265380582e-06,0.0,1.7543490265380582e-06,2.2783753591403356e-05,455.6750718280671,how-to,True,,,,,,,16.29489597658039,211.62202566987517,46.69138954248366,0.0
lightning_a100_mixed_families,2026-05-11T10:19:16.323109+00:00,classification,cls_003,1,ollama_local,llama3.2:3b,Llama 3.2 3B,llama3.2,3B,cpu,CPU / num_gpu=0,69,2,71,0.3706400020000728,0.0018365650000728,0.151323194,0.217480243,6.271000074775657e-06,0.023704351,0.193775892,0.3706462730001476,0.3819113009999455,11.308393622608389,14.113738091593666,25.422131714202052,24.675,46.701,46.701,1,cpu:tdp_estimate;gpu:nvml,0.0,1.2711065857101025e-06,0.0,1.2711065857101025e-06,1.7902909657888768e-05,358.05819315777535,performance,False,,,,,,,11.308393622608389,159.27314961420265,46.69138954248366,0.0
lightning_a100_mixed_families,2026-05-11T10:19:16.772422+00:00,classification,cls_004,1,ollama_local,llama3.2:3b,Llama 3.2 3B,llama3.2,3B,cpu,CPU / num_gpu=0,75,3,78,0.4363065699999424,0.0018613569999424,0.18969305,0.244752163,5.361000148695894e-06,0.044312601,0.200439562,0.4363119310000911,0.4469242069999382,16.893735024597664,18.7960845513334,35.68981957593107,31.5,46.6914,46.701,1,cpu:tdp_estimate;gpu:nvml,0.0,1.7844909787965533e-06,0.0,1.7844909787965533e-06,2.2878089471750684e-05,457.5617894350137,how-to,False,,,,,,,16.893735024597664,216.58634646920083,46.69138954248366,0.0
lightning_a100_mixed_families,2026-05-11T10:19:17.196902+00:00,classification,cls_005,1,ollama_local,llama3.2:3b,Llama 3.2 3B,llama3.2,3B,cpu,CPU / num_gpu=0,74,2,76,0.411253083000247,0.0018183460002469,0.184317687,0.2251170499999999,6.460000349761685e-06,0.022625581,0.2024914689999999,0.4112595430005967,0.4220717529997273,15.295880328710115,18.8023482197555,34.09822854846562,30.2,46.701,46.701,1,cpu:tdp_estimate;gpu:nvml,0.0,1.7049114274232808e-06,0.0,1.7049114274232808e-06,2.2433045097674747e-05,448.660901953495,bug,False,,,,,,,15.295880328710115,201.26158327250153,46.69138954248366,0.0
lightning_a100_mixed_families,2026-05-11T10:19:17.617587+00:00,classification,cls_006,1,ollama_local,llama3.2:3b,Llama 3.2 3B,llama3.2,3B,cpu,CPU / num_gpu=0,74,2,76,0.4081540120000682,0.0018523770000681,0.183083032,0.223218603,5.639999926643213e-06,0.02315051,0.200068093,0.4081596519999948,0.4182790979998572,13.492010585083396,18.84604671905488,32.338057304138275,26.880000000000003,46.701,46.701,1,cpu:tdp_estimate;gpu:nvml,0.0,1.6169028652069137e-06,0.0,1.6169028652069137e-06,2.127503770009097e-05,425.5007540018194,bug,True,,,,,,,13.492010585083396,177.52645506688677,46.69138954248366,0.0
lightning_a100_mixed_families,2026-05-11T10:19:18.015669+00:00,classification,cls_007,1,ollama_local,llama3.2:3b,Llama 3.2 3B,llama3.2,3B,cpu,CPU / num_gpu=0,69,2,71,0.3849663510000027,0.0017546350000027,0.151573169,0.2316385469999999,5.51999983144924e-06,0.026726899,0.2049116479999999,0.3849718709998342,0.3956846789997144,8.344989880103975,14.10951664810362,22.454506528207595,17.575,46.701,46.701,1,cpu:tdp_estimate;gpu:nvml,0.0,1.1227253264103797e-06,0.0,1.1227253264103797e-06,1.5813032766343376e-05,316.26065532686755,concept,True,,,,,,,8.344989880103975,117.53506873385881,46.69138954248366,0.0
lightning_a100_mixed_families,2026-05-11T10:19:18.451843+00:00,classification,cls_008,1,ollama_local,llama3.2:3b,Llama 3.2 3B,llama3.2,3B,cpu,CPU / num_gpu=0,73,3,76,0.4237644449999607,0.0017508919999607,0.178109627,0.243903926,5.560000317927916e-06,0.049702817,0.1942011089999999,0.4237700050002786,0.4337683300000208,17.30215114704083,18.79651868549017,36.098669832531,33.24,46.7106,46.749,1,cpu:tdp_estimate;gpu:nvml,0.0,1.80493349162655e-06,0.0,1.80493349162655e-06,2.3749124889823027e-05,474.98249779646056,how-to,True,,,,,,,17.30215114704083,227.65988351369515,46.69138954248366,0.0
lightning_a100_mixed_families,2026-05-11T10:19:19.462645+00:00,classification,cls_001,0,ollama_local,gemma3:4b,Gemma 3 4B,gemma3,4B,cpu,CPU / num_gpu=0,65,3,68,0.9966812339998796,0.0021449719998796,0.497242356,0.497293906,6.620000021939632e-06,0.064964705,0.432329201,0.9966878539999016,1.007520913999997,36.60927993110389,42.225230374573194,78.83451030567709,30.28,46.701,46.749,1,cpu:tdp_estimate;gpu:nvml,0.0,3.9417255152838545e-06,0.0,3.9417255152838545e-06,5.796655169535081e-05,1159.331033907016,bug,True,,,,,,,36.60927993110389,538.3717636927043,46.69138954248366,0.0
lightning_a100_mixed_families,2026-05-11T10:19:20.257137+00:00,classification,cls_002,0,ollama_local,gemma3:4b,Gemma 3 4B,gemma3,4B,cpu,CPU / num_gpu=0,65,5,70,0.7764259880000282,0.0027248030000281,0.223300185,0.5504009999999999,6.200000370881753e-06,0.126114753,0.4242862469999999,0.776432188000399,0.7919176990003507,26.91728258902192,32.9012271492788,59.81850973830072,28.325,46.719,46.749,1,cpu:tdp_estimate;gpu:nvml,0.0,2.990925486915036e-06,0.0,2.990925486915036e-06,4.272750695592909e-05,854.5501391185817,how-to,True,,,,,,,26.91728258902192,384.5326084145988,46.69138954248366,0.0
lightning_a100_mixed_families,2026-05-11T10:19:20.947484+00:00,classification,cls_003,0,ollama_local,gemma3:4b,Gemma 3 4B,gemma3,4B,cpu,CPU / num_gpu=0,61,3,64,0.6765528450000602,0.0021343220000601,0.189921316,0.484497207,7.820000064384658e-06,0.062878974,0.421618233,0.6765606650001246,0.6877003519998652,21.173311409001563,28.22853991530193,49.40185132430349,25.657142857142855,46.72842857142857,46.749,1,cpu:tdp_estimate;gpu:nvml,0.0,2.4700925662151745e-06,0.0,2.4700925662151745e-06,3.8595196347112105e-05,771.903926942242,performance,False,,,,,,,21.173311409001563,330.8329907656494,46.69138954248366,0.0
lightning_a100_mixed_families,2026-05-11T10:19:21.699151+00:00,classification,cls_004,0,ollama_local,gemma3:4b,Gemma 3 4B,gemma3,4B,cpu,CPU / num_gpu=0,69,3,72,0.7372965269996712,0.0022648739996712,0.25076282,0.4842688329999999,5.270000201562652e-06,0.062837673,0.4214311599999999,0.7373017969998727,0.748571587999777,25.354119685552448,32.87813075993611,58.23225044548856,28.225,46.707,46.749,1,cpu:tdp_estimate;gpu:nvml,0.0,2.911612522274428e-06,0.0,2.911612522274428e-06,4.043906280936705e-05,808.7812561873411,performance,True,,,,,,,25.354119685552448,352.14055118822847,46.69138954248366,0.0
lightning_a100_mixed_families,2026-05-11T10:19:22.444407+00:00,classification,cls_005,0,ollama_local,gemma3:4b,Gemma 3 4B,gemma3,4B,cpu,CPU / num_gpu=0,66,3,69,0.7291633780000666,0.0025782110000666,0.232288279,0.4942968879999999,9.420999958820175e-06,0.062691878,0.4316050099999999,0.7291727990000254,0.7419541369999934,25.530641854169772,32.90173289909205,58.432374753261826,28.675,46.701,46.701,1,cpu:tdp_estimate;gpu:nvml,0.0,2.9216187376630915e-06,0.0,2.9216187376630915e-06,4.2342300545841905e-05,846.846010916838,security,True,,,,,,,25.530641854169772,370.00930223434455,46.69138954248366,0.0
lightning_a100_mixed_families,2026-05-11T10:19:23.164145+00:00,classification,cls_006,0,ollama_local,gemma3:4b,Gemma 3 4B,gemma3,4B,cpu,CPU / num_gpu=0,66,3,69,0.7038105839997115,0.0028091929997114,0.228158579,0.472842812,7.100999937392771e-06,0.059154921,0.413687891,0.7038176849996489,0.7163141480000377,21.89465358658401,28.20325274810529,50.0979063346893,25.471428571428568,46.701,46.701,1,cpu:tdp_estimate;gpu:nvml,0.0,2.5048953167344647e-06,0.0,2.5048953167344647e-06,3.630283067731109e-05,726.0566135462218,bug,True,,,,,,,21.89465358658401,317.3138200954204,46.69138954248366,0.0
lightning_a100_mixed_families,2026-05-11T10:19:23.859982+00:00,classification,cls_007,0,ollama_local,gemma3:4b,Gemma 3 4B,gemma3,4B,cpu,CPU / num_gpu=0,61,3,64,0.6805297730002167,0.0026395720002166,0.191733312,0.486156889,8.70099984240369e-06,0.059338934,0.4268179549999999,0.6805384740000591,0.6928140900004109,20.46374874978357,28.220061185168248,48.68380993495182,24.614285714285717,46.72842857142857,46.749,1,cpu:tdp_estimate;gpu:nvml,0.0,2.4341904967475906e-06,0.0,2.4341904967475906e-06,3.8034226511681104e-05,760.6845302336221,concept,True,,,,,,,20.46374874978357,319.74607421536825,46.69138954248366,0.0
lightning_a100_mixed_families,2026-05-11T10:19:24.570175+00:00,classification,cls_008,0,ollama_local,gemma3:4b,Gemma 3 4B,gemma3,4B,cpu,CPU / num_gpu=0,65,3,68,0.695306619999883,0.0026067019998829,0.220630633,0.472069285,1.0029999884864084e-05,0.057635162,0.414434123,0.6953166499997678,0.7069794160001948,22.045638132074647,28.21461162047226,50.26024975254691,25.985714285714288,46.749,46.749,1,cpu:tdp_estimate;gpu:nvml,0.0,2.5130124876273456e-06,0.0,2.5130124876273456e-06,3.695606599451979e-05,739.1213198903957,performance,False,,,,,,,22.045638132074647,324.20056076580363,46.69138954248366,0.0
lightning_a100_mixed_families,2026-05-11T10:19:25.282224+00:00,classification,cls_001,1,ollama_local,gemma3:4b,Gemma 3 4B,gemma3,4B,cpu,CPU / num_gpu=0,65,3,68,0.6970377840002584,0.0024023760002583,0.21996416,0.474671248,5.489000159286661e-06,0.060311522,0.414359726,0.6970432730004177,0.7091860689997702,21.39715682467878,28.20967677394505,49.60683359862383,25.142857142857142,46.71471428571429,46.749,1,cpu:tdp_estimate;gpu:nvml,0.0,2.4803416799311915e-06,0.0,2.4803416799311915e-06,3.647561294016458e-05,729.5122588032916,bug,True,,,,,,,21.39715682467878,314.6640709511586,46.69138954248366,0.0
lightning_a100_mixed_families,2026-05-11T10:19:26.083842+00:00,classification,cls_002,1,ollama_local,gemma3:4b,Gemma 3 4B,gemma3,4B,cpu,CPU / num_gpu=0,65,5,70,0.7876010250001855,0.0062403310001855,0.221559991,0.559800703,5.450000116979936e-06,0.123893267,0.4359074359999999,0.7876064750003025,0.799130600999888,27.282318718136175,32.87725192492935,60.15957064306552,28.45,46.707,46.749,1,cpu:tdp_estimate;gpu:nvml,0.0,3.007978532153276e-06,0.0,3.007978532153276e-06,4.2971121887903944e-05,859.4224377580789,how-to,True,,,,,,,27.282318718136175,389.7474102590882,46.69138954248366,0.0
lightning_a100_mixed_families,2026-05-11T10:19:26.790150+00:00,classification,cls_003,1,ollama_local,gemma3:4b,Gemma 3 4B,gemma3,4B,cpu,CPU / num_gpu=0,61,3,64,0.6924983029998657,0.0020703679998657,0.191056467,0.499371468,8.069000159593998e-06,0.059297023,0.440074445,0.6925063720000253,0.7034533579999334,21.20007434338085,28.155846941436945,49.35592128481779,25.114285714285717,46.687285714285714,46.701,1,cpu:tdp_estimate;gpu:nvml,0.0,2.46779606424089e-06,0.0,2.46779606424089e-06,3.8559313503763905e-05,771.1862700752781,performance,False,,,,,,,21.20007434338085,331.2511616153258,46.69138954248366,0.0
lightning_a100_mixed_families,2026-05-11T10:19:27.545144+00:00,classification,cls_004,1,ollama_local,gemma3:4b,Gemma 3 4B,gemma3,4B,cpu,CPU / num_gpu=0,69,3,72,0.7375769530003708,0.0024244880003708,0.253217848,0.4819346169999999,5.649999820889207e-06,0.059168962,0.4227656549999999,0.7375826030001917,0.7525229120001313,25.995903995044536,32.854511229660645,58.85041522470518,28.7875,46.701,46.701,1,cpu:tdp_estimate;gpu:nvml,0.0,2.942520761235259e-06,0.0,2.942520761235259e-06,4.0868343906045266e-05,817.3668781209052,performance,True,,,,,,,25.995903995044536,361.0542221533963,46.69138954248366,0.0
lightning_a100_mixed_families,2026-05-11T10:19:28.300254+00:00,classification,cls_005,1,ollama_local,gemma3:4b,Gemma 3 4B,gemma3,4B,cpu,CPU / num_gpu=0,66,3,69,0.7416394999995646,0.0021549009995646,0.230266381,0.509218218,9.569999747327527e-06,0.062005827,0.447212391,0.7416490699993119,0.7520556440003929,25.269069638413203,32.88755572729674,58.15662536570994,28.0,46.713,46.749,1,cpu:tdp_estimate;gpu:nvml,0.0,2.907831268285497e-06,0.0,2.907831268285497e-06,4.214248214906518e-05,842.8496429813035,security,True,,,,,,,25.269069638413203,366.21840055671305,46.69138954248366,0.0
lightning_a100_mixed_families,2026-05-11T10:19:29.035636+00:00,classification,cls_006,1,ollama_local,gemma3:4b,Gemma 3 4B,gemma3,4B,cpu,CPU / num_gpu=0,66,3,69,0.7191262940000342,0.0023765370000342,0.228937224,0.487812533,5.330000021785963e-06,0.062512737,0.425299796,0.719131624000056,0.7323908809999011,25.12466917270161,32.881385320102,58.00605449280361,28.5875,46.701,46.701,1,cpu:tdp_estimate;gpu:nvml,0.0,2.90030272464018e-06,0.0,2.90030272464018e-06,4.203337282087217e-05,840.6674564174435,bug,True,,,,,,,25.12466917270161,364.1256401840813,46.69138954248366,0.0
lightning_a100_mixed_families,2026-05-11T10:19:29.721013+00:00,classification,cls_007,1,ollama_local,gemma3:4b,Gemma 3 4B,gemma3,4B,cpu,CPU / num_gpu=0,61,3,64,0.670822034000139,0.0026546130001389,0.192481375,0.475686046,5.530999715119833e-06,0.056976209,0.418709837,0.6708275649998541,0.682334548000199,20.867740005126088,28.201109636093683,49.06884964121977,25.485714285714288,46.68042857142857,46.701,1,cpu:tdp_estimate;gpu:nvml,0.0,2.4534424820609883e-06,0.0,2.4534424820609883e-06,3.8335038782202945e-05,766.7007756440589,concept,True,,,,,,,20.867740005126088,326.05843758009513,46.69138954248366,0.0
lightning_a100_mixed_families,2026-05-11T10:19:30.454141+00:00,classification,cls_008,1,ollama_local,gemma3:4b,Gemma 3 4B,gemma3,4B,cpu,CPU / num_gpu=0,65,3,68,0.7154001019998759,0.0025427899998758,0.221062002,0.49179531,5.548999979509972e-06,0.060051538,0.4317437719999999,0.7154056509998554,0.730595466000068,24.219239697902253,32.90113974969889,57.120379447601145,27.625,46.701,46.701,1,cpu:tdp_estimate;gpu:nvml,0.0,2.856018972380057e-06,0.0,2.856018972380057e-06,4.200027900558907e-05,840.0055801117815,performance,False,,,,,,,24.219239697902253,356.16528967503314,46.69138954248366,0.0
lightning_a100_mixed_families,2026-05-11T10:19:33.384294+00:00,classification,cls_001,0,ollama_local,mistral-small3.2:24b,Mistral Small 3.2 24B,mistral-small3.2,24B,cpu,CPU / num_gpu=0,53,2,55,2.9166127229996164,0.0026288409996162,2.558876572,0.3551073100000002,4.540000190900173e-06,0.128272306,0.2268350040000001,2.9166172629998073,2.9275272849999965,176.6118660494798,135.99088532656478,312.6027513760446,50.27333333333333,46.6994,46.749,1,cpu:tdp_estimate;gpu:nvml,0.0,1.5630137568802227e-05,0.0,1.5630137568802227e-05,0.0002841843194327,5683.686388655356,bug,True,,,,,,,176.6118660494798,3211.1248372632695,46.69138954248366,0.0
lightning_a100_mixed_families,2026-05-11T10:19:34.955140+00:00,classification,cls_002,0,ollama_local,mistral-small3.2:24b,Mistral Small 3.2 24B,mistral-small3.2,24B,cpu,CPU / num_gpu=0,53,3,56,1.5523889480000437,0.0025018000000434,1.061774171,0.4881129770000001,5.80000005356851e-06,0.246439735,0.2416732420000001,1.552394748000097,1.5673063079998428,95.35491577871043,70.4687232508755,165.82363902958593,50.7,46.728,46.749,1,cpu:tdp_estimate;gpu:nvml,0.0,8.291181951479297e-06,0.0,8.291181951479297e-06,0.0001480568205621,2961.136411242606,how-to,True,,,,,,,95.35491577871043,1702.7663531912578,46.69138954248366,0.0
lightning_a100_mixed_families,2026-05-11T10:19:36.301118+00:00,classification,cls_003,0,ollama_local,mistral-small3.2:24b,Mistral Small 3.2 24B,mistral-small3.2,24B,cpu,CPU / num_gpu=0,49,3,52,1.3284431609999956,0.0045549999999956,0.832341576,0.4915465849999999,1.3209999906393932e-05,0.275220234,0.2163263509999999,1.328456370999902,1.3417581389999214,79.83844286517818,61.06577971930855,140.90422258448672,49.58571428571429,46.725,46.749,1,cpu:tdp_estimate;gpu:nvml,0.0,7.045211129224335e-06,0.0,7.045211129224335e-06,0.0001354848294081,2709.6965881632063,concept,True,,,,,,,79.83844286517818,1535.3546704841958,46.69138954248366,0.0
lightning_a100_mixed_families,2026-05-11T10:19:37.983665+00:00,classification,cls_004,0,ollama_local,mistral-small3.2:24b,Mistral Small 3.2 24B,mistral-small3.2,24B,cpu,CPU / num_gpu=0,58,2,60,1.6657172529999116,0.0037455039999114,1.294796865,0.3671748840000002,7.749999895168003e-06,0.136087268,0.2310876160000002,1.6657250029998067,1.679258265000044,102.37943742215565,75.13756803639754,177.51700545855317,50.80588235294118,46.72076470588235,46.749,1,cpu:tdp_estimate;gpu:nvml,0.0,8.875850272927657e-06,0.0,8.875850272927657e-06,0.0001479308378821,2958.616757642553,performance,True,,,,,,,102.37943742215565,1706.3239570359274,46.69138954248366,0.0
lightning_a100_mixed_families,2026-05-11T10:19:39.524944+00:00,classification,cls_005,0,ollama_local,mistral-small3.2:24b,Mistral Small 3.2 24B,mistral-small3.2,24B,cpu,CPU / num_gpu=0,55,2,57,1.5252435990000777,0.0031679310000776,1.149422736,0.372652932,1.2319999768806156e-05,0.141903941,0.230748991,1.5252559189998465,1.5375307079998493,94.28138301455076,70.4519822158422,164.73336523039296,51.1,46.713,46.749,1,cpu:tdp_estimate;gpu:nvml,0.0,8.236668261519648e-06,0.0,8.236668261519648e-06,0.0001445029519564,2890.059039129701,security,True,,,,,,,94.28138301455076,1654.0593511324696,46.69138954248366,0.0
lightning_a100_mixed_families,2026-05-11T10:19:41.023113+00:00,classification,cls_006,0,ollama_local,mistral-small3.2:24b,Mistral Small 3.2 24B,mistral-small3.2,24B,cpu,CPU / num_gpu=0,54,2,56,1.4805419000003894,0.0035891600003894,1.103447362,0.3735053779999999,7.730000106676016e-06,0.132848686,0.2406566919999999,1.480549630000496,1.4943658289998891,89.78149900631335,65.74095480350759,155.52245380982097,50.06666666666667,46.7042,46.749,1,cpu:tdp_estimate;gpu:nvml,0.0,7.776122690491047e-06,0.0,7.776122690491047e-06,0.0001388593337587,2777.186675175374,bug,True,,,,,,,89.78149900631335,1603.2410536841671,46.69138954248366,0.0
lightning_a100_mixed_families,2026-05-11T10:19:42.358286+00:00,classification,cls_007,0,ollama_local,mistral-small3.2:24b,Mistral Small 3.2 24B,mistral-small3.2,24B,cpu,CPU / num_gpu=0,49,3,52,1.317248841000037,0.0033297640000369,0.82690165,0.4870174269999999,5.411000074673211e-06,0.264608929,0.2224084979999999,1.3172542520001116,1.3324079359999814,79.52191250029603,61.07308269967834,140.59499519997436,49.73571428571428,46.701,46.701,1,cpu:tdp_estimate;gpu:nvml,0.0,7.029749759998718e-06,0.0,7.029749759998718e-06,0.0001351874953845,2703.7499076918148,concept,True,,,,,,,79.52191250029603,1529.2675480826158,46.69138954248366,0.0
lightning_a100_mixed_families,2026-05-11T10:19:43.915678+00:00,classification,cls_008,0,ollama_local,mistral-small3.2:24b,Mistral Small 3.2 24B,mistral-small3.2,24B,cpu,CPU / num_gpu=0,53,3,56,1.544613816000037,0.0026867830000374,1.058445195,0.4834818379999999,5.139999757375335e-06,0.259059791,0.2244220469999999,1.5446189559997947,1.5549601170000642,95.28018116917892,70.29958713563465,165.57976830481357,51.0625,46.671,46.701,1,cpu:tdp_estimate;gpu:nvml,0.0,8.278988415240677e-06,0.0,8.278988415240677e-06,0.0001478390788435,2956.781576871671,how-to,True,,,,,,,95.28018116917892,1701.4318065924808,46.69138954248366,0.0
lightning_a100_mixed_families,2026-05-11T10:19:45.358611+00:00,classification,cls_001,1,ollama_local,mistral-small3.2:24b,Mistral Small 3.2 24B,mistral-small3.2,24B,cpu,CPU / num_gpu=0,53,2,55,1.4271462710003109,0.0028791860003105,1.056173382,0.368093703,5.891000000701752e-06,0.132955287,0.235138416,1.4271521620003114,1.4400980410000557,87.81141814801941,65.68102220252209,153.4924403505415,50.81333333333334,46.6786,46.701,1,cpu:tdp_estimate;gpu:nvml,0.0,7.674622017527075e-06,0.0,7.674622017527075e-06,0.0001395385821368,2790.771642737118,bug,True,,,,,,,87.81141814801941,1596.5712390548986,46.69138954248366,0.0
lightning_a100_mixed_families,2026-05-11T10:19:46.920938+00:00,classification,cls_002,1,ollama_local,mistral-small3.2:24b,Mistral Small 3.2 24B,mistral-small3.2,24B,cpu,CPU / num_gpu=0,53,3,56,1.54912157400031,0.0024038660003098,1.059771411,0.486946297,5.160000000614673e-06,0.262492666,0.224453631,1.5491267340003103,1.5599205039998196,95.151250942729,70.38505703798904,165.53630798071805,50.83125,46.707,46.749,1,cpu:tdp_estimate;gpu:nvml,0.0,8.276815399035901e-06,0.0,8.276815399035901e-06,0.0001478002749827,2956.005499655679,how-to,True,,,,,,,95.151250942729,1699.129481120161,46.69138954248366,0.0
lightning_a100_mixed_families,2026-05-11T10:19:48.257206+00:00,classification,cls_003,1,ollama_local,mistral-small3.2:24b,Mistral Small 3.2 24B,mistral-small3.2,24B,cpu,CPU / num_gpu=0,49,3,52,1.3181920900001387,0.0027544430001387,0.821816121,0.493621526,5.469999905471923e-06,0.259915458,0.233706068,1.3181975600000442,1.3327738329999193,80.91460336404366,61.01117925046935,141.925782614513,50.59285714285714,46.69757142857143,46.701,1,cpu:tdp_estimate;gpu:nvml,0.0,7.09628913072565e-06,0.0,7.09628913072565e-06,0.0001364670986678,2729.341973356019,concept,True,,,,,,,80.91460336404366,1556.0500646931473,46.69138954248366,0.0
lightning_a100_mixed_families,2026-05-11T10:19:49.951436+00:00,classification,cls_004,1,ollama_local,mistral-small3.2:24b,Mistral Small 3.2 24B,mistral-small3.2,24B,cpu,CPU / num_gpu=0,58,2,60,1.6794257090000428,0.0032261130000428,1.307289028,0.368910568,1.0890999874391127e-05,0.125032482,0.243878086,1.6794365999999172,1.6906317269999818,102.79836491560832,75.10006285063457,177.8984277662429,50.67058823529412,46.706647058823535,46.749,1,cpu:tdp_estimate;gpu:nvml,0.0,8.894921388312144e-06,0.0,8.894921388312144e-06,0.0001482486898052,2964.973796104048,performance,True,,,,,,,102.79836491560832,1713.3060819268053,46.69138954248366,0.0
lightning_a100_mixed_families,2026-05-11T10:19:51.487173+00:00,classification,cls_005,1,ollama_local,mistral-small3.2:24b,Mistral Small 3.2 24B,mistral-small3.2,24B,cpu,CPU / num_gpu=0,55,2,57,1.5195843180003976,0.0065385560003976,1.153290801,0.3597549609999999,5.461000000650529e-06,0.124492383,0.2352625779999999,1.5195897790003985,1.5328513770000427,92.30447779450007,70.4018370226301,162.7063148171302,50.18125,46.704,46.749,1,cpu:tdp_estimate;gpu:nvml,0.0,8.13531574085651e-06,0.0,8.13531574085651e-06,0.0001427248375588,2854.4967511777227,security,True,,,,,,,92.30447779450007,1619.376803412282,46.69138954248366,0.0
lightning_a100_mixed_families,2026-05-11T10:19:52.971382+00:00,classification,cls_006,1,ollama_local,mistral-small3.2:24b,Mistral Small 3.2 24B,mistral-small3.2,24B,cpu,CPU / num_gpu=0,54,2,56,1.471504503000233,0.0025036190002329,1.103840558,0.365160326,5.419999979494605e-06,0.1253462,0.239814126,1.4715099230002124,1.481812213000012,88.90873278000072,65.68259758186547,154.5913303618662,50.0,46.701,46.749,1,cpu:tdp_estimate;gpu:nvml,0.0,7.72956651809331e-06,0.0,7.72956651809331e-06,0.0001380279735373,2760.5594707476107,bug,True,,,,,,,88.90873278000072,1587.6559425000128,46.69138954248366,0.0
lightning_a100_mixed_families,2026-05-11T10:19:54.300222+00:00,classification,cls_007,1,ollama_local,mistral-small3.2:24b,Mistral Small 3.2 24B,mistral-small3.2,24B,cpu,CPU / num_gpu=0,49,3,52,1.3126030809999063,0.0028034739999065,0.825496533,0.4843030739999999,1.2550000064948108e-05,0.25334135,0.2309617239999999,1.3126156309999717,1.324822339000093,80.4205011839885,61.02692963002619,141.4474308140147,50.58571428571429,46.707857142857144,46.749,1,cpu:tdp_estimate;gpu:nvml,0.0,7.072371540700734e-06,0.0,7.072371540700734e-06,0.0001360071450134,2720.142900269513,concept,True,,,,,,,80.4205011839885,1546.5480996920867,46.69138954248366,0.0
lightning_a100_mixed_families,2026-05-11T10:19:55.880228+00:00,classification,cls_008,1,ollama_local,mistral-small3.2:24b,Mistral Small 3.2 24B,mistral-small3.2,24B,cpu,CPU / num_gpu=0,53,3,56,1.56286898999997,0.0056538389999698,1.061746599,0.4954685520000002,7.74000000092201e-06,0.259679702,0.2357888500000001,1.5628767299999708,1.576291991999824,94.9321852181894,70.40573064507129,165.33791586326066,50.1875,46.692,46.701,1,cpu:tdp_estimate;gpu:nvml,0.0,8.266895793163033e-06,0.0,8.266895793163033e-06,0.0001476231391636,2952.462783272512,how-to,True,,,,,,,94.9321852181894,1695.2175931819536,46.69138954248366,0.0
lightning_a100_mixed_families,2026-05-11T10:19:57.976580+00:00,rag_rank,rag_001,0,ollama_local,nomic-embed-text:latest,Nomic Embed Text,nomic-embed-text,137M,cpu,CPU / num_gpu=0,15,0,15,0.0302238989997931,0.0016891139997931,0.0,0.028534785,0.000496269999985,0.0,0.0,0.0307201689997782,0.0419407950003005,0.5435527032038954,4.670100000000001,5.213652703203896,10.8,46.701,46.701,1,cpu:tdp_estimate;gpu:nvml,0.0,2.606826351601948e-07,0.0,2.606826351601948e-07,1.7378842344012987e-05,347.57684688025967,,,How should I explain CPU and GPU energy measurement on the poster?,doc_energy,doc_energy|doc_cpu_gpu|doc_summarization,True,,,0.5435527032038954,36.2368468802597,46.69138954248366,2.7118260029195187
lightning_a100_mixed_families,2026-05-11T10:19:58.020934+00:00,rag_rank,rag_002,0,ollama_local,nomic-embed-text:latest,Nomic Embed Text,nomic-embed-text,137M,cpu,CPU / num_gpu=0,15,0,15,0.0308535310000479,0.0017212840000479,0.0,0.029132247,0.0003703260003931,0.0,0.0,0.031223857000441,0.0421855720001076,0.7340289528018729,4.670100000000001,5.404128952801873,14.5,46.701,46.701,1,cpu:tdp_estimate;gpu:nvml,0.0,2.7020644764009365e-07,0.0,2.7020644764009365e-07,1.8013763176006242e-05,360.27526352012484,,,Why can batching make embedding jobs cheaper or faster?,doc_batching,doc_batching|doc_rag|doc_classification,True,,,0.7340289528018729,48.935263520124856,46.69138954248366,2.700397024670485
lightning_a100_mixed_families,2026-05-11T10:19:58.064712+00:00,rag_rank,rag_003,0,ollama_local,nomic-embed-text:latest,Nomic Embed Text,nomic-embed-text,137M,cpu,CPU / num_gpu=0,17,0,17,0.0307531180001205,0.0015877920001205,0.0,0.029165326,0.0003586749999158,0.0,0.0,0.0311117930000364,0.0418319340001289,0.7931334686424453,4.670100000000001,5.4632334686424455,15.8,46.701,46.701,1,cpu:tdp_estimate;gpu:nvml,0.0,2.7316167343212225e-07,0.0,2.7316167343212225e-07,1.6068333731301308e-05,321.36667462602617,,,Which latency buckets should a Python developer inspect for an LLM call?,doc_latency,doc_latency|doc_classification|doc_batching,True,,,0.7931334686424453,46.65490992014384,46.69138954248366,2.716908874284515
lightning_a100_mixed_families,2026-05-11T10:19:58.105779+00:00,rag_rank,rag_004,0,ollama_local,nomic-embed-text:latest,Nomic Embed Text,nomic-embed-text,137M,cpu,CPU / num_gpu=0,14,0,14,0.0291099859996393,0.0014463689996393,0.0,0.027663617,0.0003248360003453,0.0,0.0,0.0294348219999847,0.039429487000234,0.7381199966443819,4.670100000000001,5.408219996644382,15.6,46.701,46.701,1,cpu:tdp_estimate;gpu:nvml,0.0,2.704109998322191e-07,0.0,2.704109998322191e-07,1.931507141658708e-05,386.3014283317416,,,"For a short classification task, what usually dominates the request?",doc_classification,doc_classification|doc_summarization|doc_latency,True,,,0.7381199966443819,52.72285690317013,46.69138954248366,2.8290824630117792
lightning_a100_mixed_families,2026-05-11T10:19:58.147925+00:00,rag_rank,rag_001,1,ollama_local,nomic-embed-text:latest,Nomic Embed Text,nomic-embed-text,137M,cpu,CPU / num_gpu=0,15,0,15,0.0299556929999198,0.0015178899999198,0.0,0.028437803,0.0003534069996931,0.0,0.0,0.0303090999996129,0.040196281000135,0.7138859505623988,4.670100000000001,5.3839859505623995,14.8,46.701,46.701,1,cpu:tdp_estimate;gpu:nvml,0.0,2.6919929752812e-07,0.0,2.6919929752812e-07,1.7946619835207995e-05,358.93239670415994,,,How should I explain CPU and GPU energy measurement on the poster?,doc_energy,doc_energy|doc_cpu_gpu|doc_summarization,True,,,0.7138859505623988,47.59239670415992,46.69138954248366,2.7932797856635627
lightning_a100_mixed_families,2026-05-11T10:19:58.189939+00:00,rag_rank,rag_002,1,ollama_local,nomic-embed-text:latest,Nomic Embed Text,nomic-embed-text,137M,cpu,CPU / num_gpu=0,15,0,15,0.0297269900001992,0.0014882610001992,0.0,0.028238729,0.0003607769999689,0.0,0.0,0.0300877670001682,0.0403087249997042,0.7158829559947482,4.670100000000001,5.3859829559947485,14.8,46.701,46.701,1,cpu:tdp_estimate;gpu:nvml,0.0,2.692991477997374e-07,0.0,2.692991477997374e-07,1.7953276519982495e-05,359.0655303996499,,,Why can batching make embedding jobs cheaper or faster?,doc_batching,doc_batching|doc_rag|doc_classification,True,,,0.7158829559947482,47.72553039964988,46.69138954248366,2.788029619077962
lightning_a100_mixed_families,2026-05-11T10:19:58.233068+00:00,rag_rank,rag_003,1,ollama_local,nomic-embed-text:latest,Nomic Embed Text,nomic-embed-text,137M,cpu,CPU / num_gpu=0,17,0,17,0.03088863999983,0.00144280599983,0.0,0.029445834,0.0002963760002785,0.0,0.0,0.0311850160001085,0.0413871760001711,0.7896673180832658,4.670100000000001,5.459767318083267,15.9,46.701,46.701,1,cpu:tdp_estimate;gpu:nvml,0.0,2.729883659041633e-07,0.0,2.729883659041633e-07,1.6058139170833137e-05,321.16278341666276,,,Which latency buckets should a Python developer inspect for an LLM call?,doc_latency,doc_latency|doc_classification|doc_batching,True,,,0.7896673180832658,46.45101871078034,46.69138954248366,2.737675243312681
lightning_a100_mixed_families,2026-05-11T10:19:58.274097+00:00,rag_rank,rag_004,1,ollama_local,nomic-embed-text:latest,Nomic Embed Text,nomic-embed-text,137M,cpu,CPU / num_gpu=0,14,0,14,0.0288102500003333,0.0014187460003333,0.0,0.027391504,0.0003237260002606,0.0,0.0,0.0291339760005939,0.0392380430002958,0.7345361649655388,4.670100000000001,5.404636164965539,15.6,46.701,46.701,1,cpu:tdp_estimate;gpu:nvml,0.0,2.70231808248277e-07,0.0,2.70231808248277e-07,1.9302272017734068e-05,386.0454403546814,,,"For a short classification task, what usually dominates the request?",doc_classification,doc_classification|doc_summarization|doc_latency,True,,,0.7345361649655388,52.46686892610991,46.69138954248366,2.838021249388465
lightning_a100_mixed_families,2026-05-11T10:19:59.330785+00:00,rag_rank,rag_001,0,ollama_local,mxbai-embed-large:latest,mxbai Embed Large,mxbai-embed-large,335M,cpu,CPU / num_gpu=0,16,0,16,0.0473326309997901,0.0016382119997901,0.0,0.045694419,0.000411589000123,0.0,0.0,0.0477442199999131,0.0588074539996341,2.420514806624942,4.6429,7.063414806624942,34.3,46.429,46.429,1,cpu:tdp_estimate;gpu:nvml,0.0,3.53170740331247e-07,0.0,3.53170740331247e-07,2.207317127070294e-05,441.46342541405886,,,How should I explain CPU and GPU energy measurement on the poster?,doc_energy,doc_cpu_gpu|doc_energy|doc_cost,True,,,2.420514806624942,151.28217541405886,46.69138954248366,1.8970982573013955
lightning_a100_mixed_families,2026-05-11T10:19:59.389242+00:00,rag_rank,rag_002,0,ollama_local,mxbai-embed-large:latest,mxbai Embed Large,mxbai-embed-large,335M,cpu,CPU / num_gpu=0,15,0,15,0.0452573699999447,0.0015480899999447,0.0,0.04370928,0.0004843990000154,0.0,0.0,0.0457417689999601,0.0563812380000854,1.9147068424829017,4.6429,6.557606842482901,28.3,46.429,46.429,1,cpu:tdp_estimate;gpu:nvml,0.0,3.278803421241451e-07,0.0,3.278803421241451e-07,2.1858689474943003e-05,437.17378949886006,,,Why can batching make embedding jobs cheaper or faster?,doc_batching,doc_batching|doc_classification|doc_rag,True,,,1.9147068424829017,127.64712283219346,46.69138954248366,2.0103816536505303
lightning_a100_mixed_families,2026-05-11T10:19:59.450571+00:00,rag_rank,rag_003,0,ollama_local,mxbai-embed-large:latest,mxbai Embed Large,mxbai-embed-large,335M,cpu,CPU / num_gpu=0,18,0,18,0.0485891240000455,0.0014639580000455,0.0,0.047125166,0.0003620679999585,0.0,0.0,0.048951192000004,0.0593930260001798,1.7176463119252003,4.670100000000001,6.387746311925201,24.1,46.701,46.701,1,cpu:tdp_estimate;gpu:nvml,0.0,3.193873155962601e-07,0.0,3.193873155962601e-07,1.774373975534778e-05,354.8747951069556,,,Which latency buckets should a Python developer inspect for an LLM call?,doc_latency,doc_latency|doc_classification|doc_batching,True,,,1.7176463119252003,95.42479510695557,46.69138954248366,1.896957086918745
lightning_a100_mixed_families,2026-05-11T10:19:59.506452+00:00,rag_rank,rag_004,0,ollama_local,mxbai-embed-large:latest,mxbai Embed Large,mxbai-embed-large,335M,cpu,CPU / num_gpu=0,14,0,14,0.0431033579998256,0.0014878389998256,0.0,0.041615519,0.0003828869998869,0.0,0.0,0.0434862449997126,0.0539114289999815,1.9214033295593436,4.670100000000001,6.591503329559345,29.7,46.701,46.701,1,cpu:tdp_estimate;gpu:nvml,0.0,3.2957516647796725e-07,0.0,3.2957516647796725e-07,2.3541083319854804e-05,470.82166639709607,,,"For a short classification task, what usually dominates the request?",doc_classification,doc_classification|doc_rag|doc_summarization,True,,,1.9214033295593436,137.24309496852456,46.69138954248366,2.152900467769914
lightning_a100_mixed_families,2026-05-11T10:19:59.573199+00:00,rag_rank,rag_001,1,ollama_local,mxbai-embed-large:latest,mxbai Embed Large,mxbai-embed-large,335M,cpu,CPU / num_gpu=0,16,0,16,0.0539636100002098,0.0015049000002098,0.0,0.05245871,0.0004571200001919,0.0,0.0,0.0544207300004018,0.0648213510003188,1.8979691572893351,4.670100000000001,6.568069157289336,24.4,46.701,46.701,1,cpu:tdp_estimate;gpu:nvml,0.0,3.284034578644668e-07,0.0,3.284034578644668e-07,2.0525216116529177e-05,410.5043223305835,,,How should I explain CPU and GPU energy measurement on the poster?,doc_energy,doc_cpu_gpu|doc_energy|doc_cost,True,,,1.8979691572893351,118.62307233058344,46.69138954248366,1.6435010497740525
lightning_a100_mixed_families,2026-05-11T10:19:59.630827+00:00,rag_rank,rag_002,1,ollama_local,mxbai-embed-large:latest,mxbai Embed Large,mxbai-embed-large,335M,cpu,CPU / num_gpu=0,15,0,15,0.0448477429999911,0.0015355709999911,0.0,0.043312172,0.0004469189998417,0.0,0.0,0.0452946619998329,0.0557250039996688,1.8723601343888736,4.670100000000001,6.5424601343888735,28.0,46.701,46.701,1,cpu:tdp_estimate;gpu:nvml,0.0,3.271230067194437e-07,0.0,3.271230067194437e-07,2.180820044796291e-05,436.16400895925824,,,Why can batching make embedding jobs cheaper or faster?,doc_batching,doc_batching|doc_classification|doc_rag,True,,,1.8723601343888736,124.82400895925824,46.69138954248366,2.0682221309950046
lightning_a100_mixed_families,2026-05-11T10:19:59.692980+00:00,rag_rank,rag_003,1,ollama_local,mxbai-embed-large:latest,mxbai Embed Large,mxbai-embed-large,335M,cpu,CPU / num_gpu=0,18,0,18,0.0495406139998522,0.0014311769998522,0.0,0.048109437,0.0004590590001498,0.0,0.0,0.049999673000002,0.0603204139997615,1.693797225113303,4.670100000000001,6.363897225113304,23.4,46.701,46.701,1,cpu:tdp_estimate;gpu:nvml,0.0,3.1819486125566517e-07,0.0,3.1819486125566517e-07,1.7677492291981398e-05,353.549845839628,,,Which latency buckets should a Python developer inspect for an LLM call?,doc_latency,doc_latency|doc_classification|doc_batching,True,,,1.693797225113303,94.09984583962795,46.69138954248366,1.8536560525732515
lightning_a100_mixed_families,2026-05-11T10:19:59.749128+00:00,rag_rank,rag_004,1,ollama_local,mxbai-embed-large:latest,mxbai Embed Large,mxbai-embed-large,335M,cpu,CPU / num_gpu=0,14,0,14,0.0434519959999306,0.0014404289999306,0.0,0.042011567,0.0004573279998112,0.0,0.0,0.0439093239997419,0.0542403350000313,1.737860333401004,4.670100000000001,6.407960333401005,26.7,46.701,46.701,1,cpu:tdp_estimate;gpu:nvml,0.0,3.203980166700502e-07,0.0,3.203980166700502e-07,2.28855726192893e-05,457.71145238578606,,,"For a short classification task, what usually dominates the request?",doc_classification,doc_classification|doc_rag|doc_summarization,True,,,1.737860333401004,124.13288095721457,46.69138954248366,2.1375433895987284
lightning_a100_mixed_families,2026-05-11T10:20:03.193080+00:00,rag_rank,rag_001,0,ollama_local,bge-m3:latest,BGE-M3,bge-m3,567M,cpu,CPU / num_gpu=0,16,0,16,0.1750155750000885,0.0016617220000885,0.0,0.173353853,0.000407387999985,0.0,0.0,0.1754229630000736,0.1865069890000086,1.8688000297800864,4.726347732832532,6.595147762612618,8.35,46.565,46.701,1,cpu:tdp_estimate;gpu:nvml,0.0,3.297573881306309e-07,0.0,3.297573881306309e-07,2.060983675816443e-05,412.1967351632886,,,How should I explain CPU and GPU energy measurement on the poster?,doc_energy,doc_energy|doc_cpu_gpu|doc_cost,True,,,1.8688000297800864,116.8000018612554,46.69138954248366,0.0
lightning_a100_mixed_families,2026-05-11T10:20:03.387308+00:00,rag_rank,rag_002,0,ollama_local,bge-m3:latest,BGE-M3,bge-m3,567M,cpu,CPU / num_gpu=0,17,0,17,0.1815055320003011,0.0016179610003011,0.0,0.179887571,0.000514818999818,0.0,0.0,0.1820203510001192,0.1922278910001296,2.6412112223417807,4.738304241931098,7.379515464272878,11.45,46.701,46.701,1,cpu:tdp_estimate;gpu:nvml,0.0,3.6897577321364387e-07,0.0,3.6897577321364387e-07,2.1704457247861404e-05,434.08914495722814,,,Why can batching make embedding jobs cheaper or faster?,doc_batching,doc_batching|doc_classification|doc_cpu_gpu,True,,,2.6412112223417807,155.36536602010474,46.69138954248366,0.0
lightning_a100_mixed_families,2026-05-11T10:20:03.582167+00:00,rag_rank,rag_003,0,ollama_local,bge-m3:latest,BGE-M3,bge-m3,567M,cpu,CPU / num_gpu=0,19,0,19,0.1823762369999713,0.0016203699999713,0.0,0.180755867,0.0005023290000281,0.0,0.0,0.1828785659999994,0.1930234960000234,2.4205146398402944,4.733668093571868,7.154182733412163,10.45,46.701,46.701,1,cpu:tdp_estimate;gpu:nvml,0.0,3.577091366706082e-07,0.0,3.577091366706082e-07,1.8826796666874115e-05,376.5359333374823,,,Which latency buckets should a Python developer inspect for an LLM call?,doc_latency,doc_latency|doc_classification|doc_cpu_gpu,True,,,2.4205146398402944,127.39550736001549,46.69138954248366,0.0
lightning_a100_mixed_families,2026-05-11T10:20:03.769463+00:00,rag_rank,rag_004,0,ollama_local,bge-m3:latest,BGE-M3,bge-m3,567M,cpu,CPU / num_gpu=0,16,0,16,0.1749477450002814,0.0015044010002814,0.0,0.173443344,0.0003866870001729,0.0,0.0,0.1753344320004544,0.1854998590001741,2.693457952682529,4.7386922805564415,7.43215023323897,12.1,46.701,46.701,1,cpu:tdp_estimate;gpu:nvml,0.0,3.716075116619485e-07,0.0,3.716075116619485e-07,2.3225469478871783e-05,464.5093895774356,,,"For a short classification task, what usually dominates the request?",doc_classification,doc_classification|doc_summarization|doc_rag,True,,,2.693457952682529,168.34112204265804,46.69138954248366,0.0
lightning_a100_mixed_families,2026-05-11T10:20:03.963363+00:00,rag_rank,rag_001,1,ollama_local,bge-m3:latest,BGE-M3,bge-m3,567M,cpu,CPU / num_gpu=0,16,0,16,0.1812796660001367,0.0015895590001367,0.0,0.179690107,0.0004946590001964,0.0,0.0,0.1817743250003332,0.1919089140001233,2.5677412693216497,4.767843184855506,7.335584454177155,11.15,46.701,46.701,1,cpu:tdp_estimate;gpu:nvml,0.0,3.667792227088578e-07,0.0,3.667792227088578e-07,2.292370141930361e-05,458.47402838607223,,,How should I explain CPU and GPU energy measurement on the poster?,doc_energy,doc_energy|doc_cpu_gpu|doc_cost,True,,,2.5677412693216497,160.4838293326031,46.69138954248366,0.0
lightning_a100_mixed_families,2026-05-11T10:20:04.156237+00:00,rag_rank,rag_002,1,ollama_local,bge-m3:latest,BGE-M3,bge-m3,567M,cpu,CPU / num_gpu=0,17,0,17,0.1799325910001243,0.0016505530001243,0.0,0.178282038,0.0004259580000507,0.0,0.0,0.1803585490001751,0.1906457489999411,2.29918773293929,4.746853934115488,7.046041667054778,10.05,46.701,46.701,1,cpu:tdp_estimate;gpu:nvml,0.0,3.523020833527389e-07,0.0,3.523020833527389e-07,2.0723651961925816e-05,414.4730392385164,,,Why can batching make embedding jobs cheaper or faster?,doc_batching,doc_batching|doc_classification|doc_cpu_gpu,True,,,2.29918773293929,135.24633723172295,46.69138954248366,0.0
lightning_a100_mixed_families,2026-05-11T10:20:04.350854+00:00,rag_rank,rag_003,1,ollama_local,bge-m3:latest,BGE-M3,bge-m3,567M,cpu,CPU / num_gpu=0,19,0,19,0.1798867200000131,0.0016819030000131,0.0,0.178204817,0.0003795469997385,0.0,0.0,0.1802662669997516,0.1924889749998328,2.5986011624977436,4.747002405077649,7.345603567575393,11.25,46.725,46.749,1,cpu:tdp_estimate;gpu:nvml,0.0,3.6728017837876963e-07,0.0,3.6728017837876963e-07,1.933053570414577e-05,386.6107140829154,,,Which latency buckets should a Python developer inspect for an LLM call?,doc_latency,doc_latency|doc_classification|doc_cpu_gpu,True,,,2.5986011624977436,136.76848223672337,46.69138954248366,0.0
lightning_a100_mixed_families,2026-05-11T10:20:04.543379+00:00,rag_rank,rag_004,1,ollama_local,bge-m3:latest,BGE-M3,bge-m3,567M,cpu,CPU / num_gpu=0,16,0,16,0.1797727769999255,0.0016041209999255,0.0,0.178168656,0.000517899999977,0.0,0.0,0.1802906769999026,0.1904215949998615,2.7763468550979815,4.723689290410814,7.500036145508796,12.15,46.565,46.701,1,cpu:tdp_estimate;gpu:nvml,0.0,3.750018072754398e-07,0.0,3.750018072754398e-07,2.3437612954714986e-05,468.75225909429975,,,"For a short classification task, what usually dominates the request?",doc_classification,doc_classification|doc_summarization|doc_rag,True,,,2.7763468550979815,173.52167844362384,46.69138954248366,0.0
lightning_a100_mixed_families,2026-05-11T10:20:05.426988+00:00,batch_embeddings,batch_0,0,ollama_local,nomic-embed-text:latest,Nomic Embed Text,nomic-embed-text,137M,cpu,CPU / num_gpu=0,203,0,203,0.8704190560001734,0.0018796860001734,0.0,0.86853937,1.640000391489593e-06,0.0,0.0,0.8704206960005649,0.8808577989998412,9.066962944371696,37.48308700608602,46.55004995045772,8.577777777777778,46.629888888888885,46.701,1,cpu:tdp_estimate;gpu:nvml,0.0,2.327502497522886e-06,0.0,2.327502497522886e-06,1.1465529544447711e-05,229.31059088895427,,,,,,,4.0,768.0,9.066962944371696,44.66484209050096,46.69138954248366,0.0
lightning_a100_mixed_families,2026-05-11T10:20:05.570048+00:00,batch_embeddings,batch_1,0,ollama_local,nomic-embed-text:latest,Nomic Embed Text,nomic-embed-text,137M,cpu,CPU / num_gpu=0,179,0,179,0.1296875450002517,0.0019166290002516,0.0,0.127770916,1.2300001799303573e-06,0.0,0.0,0.1296887750004316,0.1408392309999726,7.072946180818625,4.744806095281541,11.817752276100164,41.849999999999994,46.701,46.701,1,cpu:tdp_estimate;gpu:nvml,0.0,5.908876138050082e-07,0.0,5.908876138050082e-07,3.3010481218156887e-06,66.02096243631378,,,,,,,4.0,768.0,7.072946180818625,39.513665814629185,46.69138954248366,0.0
lightning_a100_mixed_families,2026-05-11T10:20:05.792019+00:00,batch_embeddings,batch_2,0,ollama_local,nomic-embed-text:latest,Nomic Embed Text,nomic-embed-text,137M,cpu,CPU / num_gpu=0,323,0,323,0.2087895439999556,0.0018213669999556,0.0,0.206968177,7.600001481478103e-07,0.0,0.0,0.2087903040001038,0.2196793140001318,11.300303912166784,9.426508491704354,20.726812403871136,42.86666666666667,46.701,46.701,1,cpu:tdp_estimate;gpu:nvml,0.0,1.0363406201935569e-06,0.0,1.0363406201935569e-06,3.2084848922401136e-06,64.16969784480229,,,,,,,3.0,768.0,11.300303912166784,34.985461028380136,46.69138954248366,0.0
lightning_a100_mixed_families,2026-05-11T10:20:05.947015+00:00,batch_embeddings,batch_0,1,ollama_local,nomic-embed-text:latest,Nomic Embed Text,nomic-embed-text,137M,cpu,CPU / num_gpu=0,203,0,203,0.1414988129999983,0.0020161279999983,0.0,0.139482685,7.809999260643963e-07,0.0,0.0,0.1414995939999244,0.1527002510001693,5.222348584205792,4.747402885045779,9.969751469251571,28.5,46.725,46.749,1,cpu:tdp_estimate;gpu:nvml,0.0,4.984875734625786e-07,0.0,4.984875734625786e-07,2.4556038101604855e-06,49.11207620320971,,,,,,,4.0,768.0,5.222348584205792,25.725855094609816,46.69138954248366,0.0
lightning_a100_mixed_families,2026-05-11T10:20:06.089480+00:00,batch_embeddings,batch_1,1,ollama_local,nomic-embed-text:latest,Nomic Embed Text,nomic-embed-text,137M,cpu,CPU / num_gpu=0,179,0,179,0.1296018610000828,0.0019757680000828,0.0,0.127626093,9.499999578110874e-07,0.0,0.0,0.1296028110000406,0.140193796999938,6.754537139457017,4.743001792749861,11.497538932206878,40.150000000000006,46.749,46.749,1,cpu:tdp_estimate;gpu:nvml,0.0,5.748769466103439e-07,0.0,5.748769466103439e-07,3.211603053689072e-06,64.23206107378144,,,,,,,4.0,768.0,6.754537139457017,37.734844354508475,46.69138954248366,0.0
lightning_a100_mixed_families,2026-05-11T10:20:06.308603+00:00,batch_embeddings,batch_2,1,ollama_local,nomic-embed-text:latest,Nomic Embed Text,nomic-embed-text,137M,cpu,CPU / num_gpu=0,323,0,323,0.2063681859999633,0.0019087489999633,0.0,0.204459437,6.999998731771484e-07,0.0,0.0,0.2063688859998365,0.2168607789999441,11.18134176523712,9.458568694102668,20.639910459339788,42.96666666666667,46.62633333333334,46.749,1,cpu:tdp_estimate;gpu:nvml,0.0,1.0319955229669894e-06,0.0,1.0319955229669894e-06,3.1950325788451683e-06,63.90065157690338,,,,,,,3.0,768.0,11.18134176523712,34.61715716791678,46.69138954248366,0.0
lightning_a100_mixed_families,2026-05-11T10:20:07.051061+00:00,batch_embeddings,batch_0,0,ollama_local,mxbai-embed-large:latest,mxbai Embed Large,mxbai-embed-large,335M,cpu,CPU / num_gpu=0,215,0,215,0.7290376850000939,0.0021699910000939,0.0,0.726867694,9.099999260797632e-07,0.0,0.0,0.72903859500002,0.7403121540000939,22.831226829362897,32.834876525831184,55.66610335519408,25.7,46.667,46.701,1,cpu:tdp_estimate;gpu:nvml,0.0,2.783305167759704e-06,0.0,2.783305167759704e-06,1.2945605431440484e-05,258.9121086288097,,,,,,,4.0,1024.0,22.831226829362897,106.19175269471116,46.69138954248366,0.0
lightning_a100_mixed_families,2026-05-11T10:20:07.364608+00:00,batch_embeddings,batch_1,0,ollama_local,mxbai-embed-large:latest,mxbai Embed Large,mxbai-embed-large,335M,cpu,CPU / num_gpu=0,181,0,181,0.2995811400001003,0.0021632830001002,0.0,0.297417857,7.600001481478103e-07,0.0,0.0,0.2995819000002484,0.3112918259998878,15.875883125994278,9.4296482466461,25.305531372640377,42.5,46.701,46.701,1,cpu:tdp_estimate;gpu:nvml,0.0,1.2652765686320188e-06,0.0,1.2652765686320188e-06,6.990478279734911e-06,139.8095655946982,,,,,,,4.0,1024.0,15.875883125994278,87.71206146958164,46.69138954248366,0.0
lightning_a100_mixed_families,2026-05-11T10:20:07.903887+00:00,batch_embeddings,batch_2,0,ollama_local,mxbai-embed-large:latest,mxbai Embed Large,mxbai-embed-large,335M,cpu,CPU / num_gpu=0,329,0,329,0.5265888870003437,0.0019159180003436,0.0,0.524672969,7.300000106624793e-07,0.0,0.0,0.5265896170003543,0.5370435490003729,32.39446687570249,23.50207375167414,55.89654062737663,50.26666666666667,46.693000000000005,46.701,1,cpu:tdp_estimate;gpu:nvml,0.0,2.794827031368832e-06,0.0,2.794827031368832e-06,8.494914988963015e-06,169.89829977926027,,,,,,,3.0,1024.0,32.39446687570249,98.46342515411091,46.69138954248366,0.0
lightning_a100_mixed_families,2026-05-11T10:20:08.256123+00:00,batch_embeddings,batch_0,1,ollama_local,mxbai-embed-large:latest,mxbai Embed Large,mxbai-embed-large,335M,cpu,CPU / num_gpu=0,215,0,215,0.3393540030001531,0.0020464090001531,0.0,0.337307594,7.799999366397969e-07,0.0,0.0,0.3393547830000898,0.349983469000108,18.88860782193583,14.085882543256782,32.974490365192615,44.975,46.621,46.701,1,cpu:tdp_estimate;gpu:nvml,0.0,1.6487245182596308e-06,0.0,1.6487245182596308e-06,7.668486131440143e-06,153.36972262880286,,,,,,,4.0,1024.0,18.88860782193583,87.85398986946899,46.69138954248366,0.0
lightning_a100_mixed_families,2026-05-11T10:20:08.566360+00:00,batch_embeddings,batch_1,1,ollama_local,mxbai-embed-large:latest,mxbai Embed Large,mxbai-embed-large,335M,cpu,CPU / num_gpu=0,181,0,181,0.2940040009998483,0.0022229729998483,0.0,0.291781028,9.689997568784747e-07,0.0,0.0,0.2940049699996052,0.3046697589998075,16.232804759509744,9.425400724302484,25.658205483812228,44.4,46.685,46.701,1,cpu:tdp_estimate;gpu:nvml,0.0,1.2829102741906117e-06,0.0,1.2829102741906117e-06,7.0879020673514445e-06,141.7580413470289,,,,,,,4.0,1024.0,16.232804759509744,89.68400419618642,46.69138954248366,0.0
lightning_a100_mixed_families,2026-05-11T10:20:09.119184+00:00,batch_embeddings,batch_2,1,ollama_local,mxbai-embed-large:latest,mxbai Embed Large,mxbai-embed-large,335M,cpu,CPU / num_gpu=0,329,0,329,0.5399812979999297,0.0022226839999296,0.0,0.537758614,9.800000952964183e-07,0.0,0.0,0.539982278000025,0.5507442670000273,32.813343427861625,23.468071747544755,56.28141517540638,49.65,46.653,46.653,1,cpu:tdp_estimate;gpu:nvml,0.0,2.814070758770319e-06,0.0,2.814070758770319e-06,8.553406561611912e-06,171.06813123223824,,,,,,,3.0,1024.0,32.813343427861625,99.73660616371315,46.69138954248366,0.0
lightning_a100_mixed_families,2026-05-11T10:20:09.851180+00:00,batch_embeddings,batch_0,0,ollama_local,bge-m3:latest,BGE-M3,bge-m3,567M,cpu,CPU / num_gpu=0,241,0,241,0.7179900010000893,0.0024255370000892,0.0,0.715564464,1.1490001270431094e-06,0.0,0.0,0.7179911500002163,0.7296090770000774,32.1100954787734,32.85549630745554,64.96559178622894,36.675,46.649,46.701,1,cpu:tdp_estimate;gpu:nvml,0.0,3.248279589311447e-06,0.0,3.248279589311447e-06,1.3478338544860775e-05,269.5667708972155,,,,,,,4.0,1024.0,32.1100954787734,133.23691070030458,46.69138954248366,0.0
lightning_a100_mixed_families,2026-05-11T10:20:10.342855+00:00,batch_embeddings,batch_1,0,ollama_local,bge-m3:latest,BGE-M3,bge-m3,567M,cpu,CPU / num_gpu=0,202,0,202,0.4786625750002713,0.0022657850002713,0.0,0.47639679,8.900001375877764e-07,0.0,0.0,0.4786634650004089,0.4893522029997257,17.229112363214337,18.84827403103517,36.07738639424951,29.339999999999996,46.6466,46.701,1,cpu:tdp_estimate;gpu:nvml,0.0,1.8038693197124752e-06,0.0,1.8038693197124752e-06,8.930046137190472e-06,178.60092274380946,,,,,,,4.0,1024.0,17.229112363214337,85.29263546145711,46.69138954248366,0.0
lightning_a100_mixed_families,2026-05-11T10:20:11.077314+00:00,batch_embeddings,batch_2,0,ollama_local,bge-m3:latest,BGE-M3,bge-m3,567M,cpu,CPU / num_gpu=0,377,0,377,0.721574450999924,0.001977047999924,0.0,0.719597403,1.0700000530050602e-06,0.0,0.0,0.721575520999977,0.7321007370001098,37.128488876960574,32.769391807600385,69.89788068456096,42.2625,46.573,46.749,1,cpu:tdp_estimate;gpu:nvml,0.0,3.494894034228048e-06,0.0,3.494894034228048e-06,9.270275952859544e-06,185.40551905719087,,,,,,,3.0,1024.0,37.128488876960574,98.48405537655324,46.69138954248366,0.0
lightning_a100_mixed_families,2026-05-11T10:20:11.605351+00:00,batch_embeddings,batch_0,1,ollama_local,bge-m3:latest,BGE-M3,bge-m3,567M,cpu,CPU / num_gpu=0,241,0,241,0.5138800889999402,0.0021383509999401,0.0,0.511741738,8.900001375877764e-07,0.0,0.0,0.5138809790000778,0.5245631969996793,22.67162137432614,23.49979038271709,46.17141175704323,36.016666666666666,46.709,46.749,1,cpu:tdp_estimate;gpu:nvml,0.0,2.3085705878521617e-06,0.0,2.3085705878521617e-06,9.579131069925984e-06,191.58262139851965,,,,,,,4.0,1024.0,22.67162137432614,94.0731177357931,46.69138954248366,0.0
lightning_a100_mixed_families,2026-05-11T10:20:12.073929+00:00,batch_embeddings,batch_1,1,ollama_local,bge-m3:latest,BGE-M3,bge-m3,567M,cpu,CPU / num_gpu=0,202,0,202,0.4556218650000119,0.0021949020000118,0.0,0.453426963,7.399999049084727e-07,0.0,0.0,0.4556226049999168,0.466271192000022,17.110287661632807,18.79527054311203,35.905558204744835,30.58,46.701,46.701,1,cpu:tdp_estimate;gpu:nvml,0.0,1.7952779102372418e-06,0.0,1.7952779102372418e-06,8.887514407115057e-06,177.75028814230117,,,,,,,4.0,1024.0,17.110287661632807,84.70439436451885,46.69138954248366,0.0
lightning_a100_mixed_families,2026-05-11T10:20:12.799028+00:00,batch_embeddings,batch_2,1,ollama_local,bge-m3:latest,BGE-M3,bge-m3,567M,cpu,CPU / num_gpu=0,377,0,377,0.7121423260000483,0.0018732450000483,0.0,0.710269081,9.99999883788405e-07,0.0,0.0,0.7121433259999321,0.7227204629998596,36.29502165185295,32.809503323282286,69.10452497513523,41.85,46.633,46.701,1,cpu:tdp_estimate;gpu:nvml,0.0,3.4552262487567616e-06,0.0,3.4552262487567616e-06,9.16505636275003e-06,183.3011272550006,,,,,,,3.0,1024.0,36.29502165185295,96.2732669810423,46.69138954248366,0.0
lightning_a100_mixed_families,2026-05-11T10:20:15.722309+00:00,chat,chat_001,0,ollama_local,llama3.2:3b,Llama 3.2 3B,llama3.2,3B,gpu,A100 40GB / Ollama GPU,67,96,163,2.5361169299999347,0.0019405079999348,0.020357155,2.5138192669999997,1.4600000213249589e-06,0.382081388,2.1317378789999997,2.536118389999956,2.547006250999857,12.260896245197774,168.94625797824114,181.20715422343892,4.0115384615384615,69.76115384615385,213.167,1,cpu:tdp_estimate;gpu:nvml,0.0,9.060357711171944e-06,0.0,9.060357711171944e-06,5.558501663295672e-05,1111.7003326591343,,,,,,,,,50.022996945665895,306.8895518139012,46.69138954248366,50.022996945665895
lightning_a100_mixed_families,2026-05-11T10:20:16.387528+00:00,chat,chat_002,0,ollama_local,llama3.2:3b,Llama 3.2 3B,llama3.2,3B,gpu,A100 40GB / Ollama GPU,60,96,156,0.6531722409999929,0.0020756009999929,0.015758816,0.635337824,1.6909998521441594e-06,0.358220062,0.277117762,0.6531739319998451,0.6629837809996388,2.9663788601298124,94.48477693023628,97.45115579036607,3.7285714285714286,165.12985714285716,219.616,1,cpu:tdp_estimate;gpu:nvml,0.0,4.8725577895183035e-06,0.0,4.8725577895183035e-06,3.123434480460451e-05,624.6868960920901,,,,,,,,,63.52914295123347,407.2380958412402,46.69138954248366,63.52914295123347
lightning_a100_mixed_families,2026-05-11T10:20:17.050365+00:00,chat,chat_003,0,ollama_local,llama3.2:3b,Llama 3.2 3B,llama3.2,3B,gpu,A100 40GB / Ollama GPU,62,96,158,0.6504267070004062,0.0017989860004061,0.011371451,0.63725627,1.6089998098323122e-06,0.357390077,0.279866193,0.650428316000216,0.660864070000116,2.9342364708005153,100.96559427514808,103.8998307459486,3.7,174.93157142857143,220.213,1,cpu:tdp_estimate;gpu:nvml,0.0,5.19499153729743e-06,0.0,5.19499153729743e-06,3.2879693274034366e-05,657.5938654806873,,,,,,,,,70.10893254814147,443.7274211907688,46.69138954248366,70.10893254814147
lightning_a100_mixed_families,2026-05-11T10:20:17.710003+00:00,chat,chat_004,0,ollama_local,llama3.2:3b,Llama 3.2 3B,llama3.2,3B,gpu,A100 40GB / Ollama GPU,58,96,154,0.6478286050000861,0.0019777470000861,0.010499095,0.635351763,1.8599998838908505e-06,0.357477869,0.2778738939999999,0.64783046499997,0.6575122540002667,2.9982558782412165,92.37920971802814,95.37746559626936,3.8,162.44771428571428,220.213,1,cpu:tdp_estimate;gpu:nvml,0.0,4.768873279813467e-06,0.0,4.768873279813467e-06,3.096670960917836e-05,619.3341921835672,,,,,,,,,61.67904893754522,400.5133047892547,46.69138954248366,61.67904893754522
lightning_a100_mixed_families,2026-05-11T10:20:18.367909+00:00,chat,chat_005,0,ollama_local,llama3.2:3b,Llama 3.2 3B,llama3.2,3B,gpu,A100 40GB / Ollama GPU,71,96,167,0.6458855269997912,0.0021877009997911,0.013114226,0.6305836,1.7400002434442283e-06,0.357545113,0.273038487,0.6458872670000346,0.6556596979999085,2.8774094175081704,100.47467654192144,103.35208595942964,3.6571428571428575,173.32571428571427,216.667,1,cpu:tdp_estimate;gpu:nvml,0.0,5.167604297971482e-06,0.0,5.167604297971482e-06,3.0943738311206475e-05,618.8747662241295,,,,,,,,,69.86101417530051,418.3294261994043,46.69138954248366,69.86101417530051
lightning_a100_mixed_families,2026-05-11T10:20:19.022333+00:00,chat,chat_001,1,ollama_local,llama3.2:3b,Llama 3.2 3B,llama3.2,3B,gpu,A100 40GB / Ollama GPU,67,96,163,0.6423802100002831,0.002030550000283,0.011240269,0.6291093910000001,2.1400001060101204e-06,0.357259816,0.271849575,0.6423823500003891,0.6522659319998638,2.8513339313136905,91.65484224651772,94.5061761778314,3.642857142857143,161.15285714285713,217.87,1,cpu:tdp_estimate;gpu:nvml,0.0,4.72530880889157e-06,0.0,4.72530880889157e-06,2.898962459442681e-05,579.7924918885362,,,,,,,,,61.199639530220914,375.45791122834913,46.69138954248366,61.199639530220914
lightning_a100_mixed_families,2026-05-11T10:20:19.670770+00:00,chat,chat_002,1,ollama_local,llama3.2:3b,Llama 3.2 3B,llama3.2,3B,gpu,A100 40GB / Ollama GPU,60,96,156,0.6364375749999454,0.0021838229999453,0.010676417,0.623577335,1.7299998944508843e-06,0.357476265,0.26610107,0.6364393049998398,0.6462938849999773,2.90278282062847,100.99985400549173,103.9026368261202,3.742857142857143,174.73042857142858,220.819,1,cpu:tdp_estimate;gpu:nvml,0.0,5.1951318413060095e-06,0.0,5.1951318413060095e-06,3.3302127187859034e-05,666.0425437571807,,,,,,,,,70.82349446203264,453.99675937200414,46.69138954248366,70.82349446203264
lightning_a100_mixed_families,2026-05-11T10:20:20.320332+00:00,chat,chat_003,1,ollama_local,llama3.2:3b,Llama 3.2 3B,llama3.2,3B,gpu,A100 40GB / Ollama GPU,62,96,158,0.6376140570000643,0.0020883610000643,0.011167007,0.624358689,2.2700000954500865e-06,0.357459131,0.266899558,0.6376163270001598,0.6474423280001247,2.708158766263378,93.1601957029035,95.86835446916687,3.4857142857142853,164.246,223.17,1,cpu:tdp_estimate;gpu:nvml,0.0,4.793417723458344e-06,0.0,4.793417723458344e-06,3.033808685733129e-05,606.7617371466257,,,,,,,,,62.9302137599572,398.2924921516278,46.69138954248366,62.9302137599572
lightning_a100_mixed_families,2026-05-11T10:20:20.972144+00:00,chat,chat_004,1,ollama_local,llama3.2:3b,Llama 3.2 3B,llama3.2,3B,gpu,A100 40GB / Ollama GPU,58,96,154,0.6400606649999645,0.0018763769999644,0.010572926,0.627611362,1.7600000319362152e-06,0.357233135,0.270378227,0.6400624249999964,0.64994515699982,2.91918224801062,101.93556906550477,104.85475131351537,3.742857142857143,175.9774285714286,221.967,1,cpu:tdp_estimate;gpu:nvml,0.0,5.242737565675768e-06,0.0,5.242737565675768e-06,3.404375042646603e-05,680.8750085293206,,,,,,,,,71.58872655877546,464.8618607712692,46.69138954248366,71.58872655877546
lightning_a100_mixed_families,2026-05-11T10:20:21.630175+00:00,chat,chat_005,1,ollama_local,llama3.2:3b,Llama 3.2 3B,llama3.2,3B,gpu,A100 40GB / Ollama GPU,71,96,167,0.6463235380001606,0.0019900100001606,0.012741787,0.631591741,1.5499999790336003e-06,0.357527806,0.274063935,0.6463250880001397,0.6560969569995905,2.913070489078182,92.8796773950128,95.79274788409096,3.7,163.23114285714286,219.018,1,cpu:tdp_estimate;gpu:nvml,0.0,4.789637394204549e-06,0.0,4.789637394204549e-06,2.8680463438350592e-05,573.6092687670118,,,,,,,,,62.24559879810677,372.7281365156094,46.69138954248366,62.24559879810677
lightning_a100_mixed_families,2026-05-11T10:20:25.402273+00:00,chat,chat_001,0,ollama_local,gemma3:4b,Gemma 3 4B,gemma3,4B,gpu,A100 40GB / Ollama GPU,58,96,154,3.758863112000199,0.0028402340001991,0.022040809,3.733982069,1.779999820428202e-06,0.611121001,3.122861068,3.758864892000019,3.768692213999657,22.005195485322204,335.1905180257904,357.1957135111126,4.86578947368421,93.23871052631578,217.264,1,cpu:tdp_estimate;gpu:nvml,0.0,1.785978567555563e-05,0.0,1.785978567555563e-05,0.0001159726342568,2319.4526851370947,,,,,,,,,159.22504179620725,1033.9288428325146,46.69138954248366,159.22504179620725
lightning_a100_mixed_families,2026-05-11T10:20:26.574269+00:00,chat,chat_002,0,ollama_local,gemma3:4b,Gemma 3 4B,gemma3,4B,gpu,A100 40GB / Ollama GPU,51,96,147,1.1599046490000546,0.0025092080000546,0.016164404,1.141231037,1.8099999579135329e-06,0.600988793,0.5402422440000001,1.1599064590000123,1.1697183199999015,6.877943721599421,149.66914297028504,156.54708669188446,4.8999999999999995,140.06033333333332,192.301,1,cpu:tdp_estimate;gpu:nvml,0.0,7.827354334594223e-06,0.0,7.827354334594223e-06,5.3247308398600155e-05,1064.9461679720032,,,,,,,,,95.05336923619008,646.6215594298644,46.69138954248366,95.05336923619008
lightning_a100_mixed_families,2026-05-11T10:20:27.689858+00:00,chat,chat_003,0,ollama_local,gemma3:4b,Gemma 3 4B,gemma3,4B,gpu,A100 40GB / Ollama GPU,52,96,148,1.1006720079999468,0.0027769549999467,0.01592716,1.081967893,1.4590000319003591e-06,0.601669999,0.4802978940000001,1.1006734669999787,1.110315405000165,6.5649921764737025,139.7834749392079,146.34846711568164,4.927272727272728,144.04527272727273,193.177,1,cpu:tdp_estimate;gpu:nvml,0.0,7.317423355784082e-06,0.0,7.317423355784082e-06,4.94420497012438e-05,988.840994024876,,,,,,,,,87.94130584932469,594.1980124954372,46.69138954248366,87.94130584932469
lightning_a100_mixed_families,2026-05-11T10:20:28.815463+00:00,chat,chat_004,0,ollama_local,gemma3:4b,Gemma 3 4B,gemma3,4B,gpu,A100 40GB / Ollama GPU,49,96,145,1.113619369999924,0.0026125509999239,0.015551732,1.095455087,1.7299998944508843e-06,0.606149042,0.4893060449999999,1.1136210999998184,1.123244676000013,6.750700502760079,156.11243571213373,162.8631362148938,5.008333333333334,145.77591666666666,198.803,1,cpu:tdp_estimate;gpu:nvml,0.0,8.14315681074469e-06,0.0,8.14315681074469e-06,5.615970214306683e-05,1123.1940428613368,,,,,,,,,103.66658099349627,714.9419378861812,46.69138954248366,103.66658099349627
lightning_a100_mixed_families,2026-05-11T10:20:29.934363+00:00,chat,chat_005,0,ollama_local,gemma3:4b,Gemma 3 4B,gemma3,4B,gpu,A100 40GB / Ollama GPU,65,96,161,1.106916919000014,0.0026940230000138,0.018260986,1.08596191,1.980999968509422e-06,0.600822923,0.485138987,1.1069188999999824,1.116595007000342,6.487416990671987,152.0364727257437,158.52388971641568,4.841666666666667,142.16708333333332,195.521,1,cpu:tdp_estimate;gpu:nvml,0.0,7.926194485820784e-06,0.0,7.926194485820784e-06,4.9231021651060776e-05,984.6204330212154,,,,,,,,,99.90110029269844,620.5037285260772,46.69138954248366,99.90110029269844
lightning_a100_mixed_families,2026-05-11T10:20:31.062185+00:00,chat,chat_001,1,ollama_local,gemma3:4b,Gemma 3 4B,gemma3,4B,gpu,A100 40GB / Ollama GPU,58,96,154,1.1155769480001254,0.0026175320001253,0.016166694,1.096792722,1.6500002857355869e-06,0.601060802,0.49573192,1.1155785980004111,1.1255239510001047,6.9864341249351956,141.1300926923074,148.1165268172426,5.172727272727273,139.392,194.853,1,cpu:tdp_estimate;gpu:nvml,0.0,7.405826340862129e-06,0.0,7.405826340862129e-06,4.808978143416967e-05,961.7956286833936,,,,,,,,,88.5778154567662,575.1806198491312,46.69138954248366,88.5778154567662
lightning_a100_mixed_families,2026-05-11T10:20:32.191327+00:00,chat,chat_002,1,ollama_local,gemma3:4b,Gemma 3 4B,gemma3,4B,gpu,A100 40GB / Ollama GPU,51,96,147,1.1170394260002467,0.0027784340002467,0.016380289,1.097880703,2.100000074278796e-06,0.604366309,0.4935143939999999,1.117041526000321,1.126843865999945,6.828673827959665,161.77533215270387,168.60400598066354,5.05,150.35541666666668,197.872,1,cpu:tdp_estimate;gpu:nvml,0.0,8.430200299033177e-06,0.0,8.430200299033177e-06,5.734830135396719e-05,1146.9660270793438,,,,,,,,,109.16142625174217,742.5947364064093,46.69138954248366,109.16142625174217
lightning_a100_mixed_families,2026-05-11T10:20:33.295817+00:00,chat,chat_003,1,ollama_local,gemma3:4b,Gemma 3 4B,gemma3,4B,gpu,A100 40GB / Ollama GPU,52,96,148,1.0918735369996284,0.0023881159996284,0.015867349,1.073618072,1.880000127130188e-06,0.600222056,0.4733960159999999,1.0918754169997555,1.101590245999887,6.261038379992085,143.44207690873117,149.70311528872324,4.736363636363636,147.54381818181818,198.47,1,cpu:tdp_estimate;gpu:nvml,0.0,7.485155764436162e-06,0.0,7.485155764436162e-06,5.057537678673082e-05,1011.5075357346165,,,,,,,,,92.00729761655003,621.6709298415542,46.69138954248366,92.00729761655003
lightning_a100_mixed_families,2026-05-11T10:20:34.432379+00:00,chat,chat_004,1,ollama_local,gemma3:4b,Gemma 3 4B,gemma3,4B,gpu,A100 40GB / Ollama GPU,49,96,145,1.1238916790002804,0.0027932150002805,0.015171685,1.1059267789999998,1.880000127130188e-06,0.602498831,0.5034279479999998,1.1238935590004075,1.134217350000199,7.00946322300123,160.52136691768024,167.53083014068147,5.1499999999999995,148.83700000000002,198.598,1,cpu:tdp_estimate;gpu:nvml,0.0,8.376541507034074e-06,0.0,8.376541507034074e-06,5.7769251772648786e-05,1155.3850354529757,,,,,,,,,107.56318280297742,741.8150538136374,46.69138954248366,107.56318280297742
lightning_a100_mixed_families,2026-05-11T10:20:35.554321+00:00,chat,chat_005,1,ollama_local,gemma3:4b,Gemma 3 4B,gemma3,4B,gpu,A100 40GB / Ollama GPU,65,96,161,1.109906896999746,0.0029394579997461,0.017175544,1.0897918949999998,1.7890001799969468e-06,0.602049779,0.4877421159999998,1.109908685999926,1.1196407859997637,6.079649467978714,157.59769439253952,163.67734386051825,4.5249999999999995,146.53033333333337,200.94,1,cpu:tdp_estimate;gpu:nvml,0.0,8.183867193025911e-06,0.0,8.183867193025911e-06,5.083147324860814e-05,1016.629464972163,,,,,,,,,105.32011030577198,654.1621758122484,46.69138954248366,105.32011030577198
lightning_a100_mixed_families,2026-05-11T10:20:41.361780+00:00,chat,chat_001,0,ollama_local,mistral-small3.2:24b,Mistral Small 3.2 24B,mistral-small3.2,24B,gpu,A100 40GB / Ollama GPU,48,96,144,5.79520656700015,0.0029313690001506,0.050175078,5.74210012,1.600000359758269e-06,1.561864092,4.1802360279999995,5.79520816700051,5.804972125999939,41.579614138369216,777.0133341411073,818.5929482794766,5.968965517241379,137.93074137931035,330.025,1,cpu:tdp_estimate;gpu:nvml,0.0,4.092964741397383e-05,0.0,4.092964741397383e-05,0.000284233662597,5684.67325194081,,,,,,,,,505.9711193227846,3513.6883286304487,46.69138954248366,505.9711193227846
lightning_a100_mixed_families,2026-05-11T10:20:43.231381+00:00,chat,chat_002,0,ollama_local,mistral-small3.2:24b,Mistral Small 3.2 24B,mistral-small3.2,24B,gpu,A100 40GB / Ollama GPU,40,96,136,1.855220410000129,0.0025534710001291,0.036738915,1.815928024,1.869999778136844e-06,1.552438598,0.263489426,1.8552222799999072,1.8671494019999957,9.209960102917872,531.7487097177994,540.9586698207173,4.110526315789474,296.21715789473683,340.897,1,cpu:tdp_estimate;gpu:nvml,0.0,2.704793349103586e-05,0.0,2.704793349103586e-05,0.0001988818639046,3977.63727809351,,,,,,,,,444.56890965500224,3268.8890415808987,46.69138954248366,444.56890965500224
lightning_a100_mixed_families,2026-05-11T10:20:45.106702+00:00,chat,chat_003,0,ollama_local,mistral-small3.2:24b,Mistral Small 3.2 24B,mistral-small3.2,24B,gpu,A100 40GB / Ollama GPU,42,96,138,1.862758567000128,0.0029960200001279,0.036015251,1.823747296,2.790000053209951e-06,1.551825194,0.271922102,1.8627613570001813,1.8729141949997936,9.202908907641092,542.3183577205683,551.5212666282094,4.094736842105263,301.66900000000004,342.1,1,cpu:tdp_estimate;gpu:nvml,0.0,2.757606333141047e-05,0.0,2.757606333141047e-05,0.0001998265458797,3996.53091759572,,,,,,,,,454.8693914621857,3296.1550105955484,46.69138954248366,454.8693914621857
lightning_a100_mixed_families,2026-05-11T10:20:46.962636+00:00,chat,chat_004,0,ollama_local,mistral-small3.2:24b,Mistral Small 3.2 24B,mistral-small3.2,24B,gpu,A100 40GB / Ollama GPU,38,96,134,1.842230497999935,0.0030736599999352,0.035507751,1.803649087,2.1399996512627695e-06,1.551236056,0.2524130310000001,1.8422326379995864,1.8523133640001104,8.83261004096895,533.9255734050371,542.758183446006,3.973684210526316,297.7571578947368,338.197,1,cpu:tdp_estimate;gpu:nvml,0.0,2.71379091723003e-05,0.0,2.71379091723003e-05,0.000202521710241,4050.434204820941,,,,,,,,,447.4384885717596,3339.0931982967136,46.69138954248366,447.4384885717596
lightning_a100_mixed_families,2026-05-11T10:20:48.822684+00:00,chat,chat_005,0,ollama_local,mistral-small3.2:24b,Mistral Small 3.2 24B,mistral-small3.2,24B,gpu,A100 40GB / Ollama GPU,54,96,150,1.8470572209998863,0.0028535049998863,0.044902953,1.799300763,2.009000127145555e-06,1.552641502,0.246659261,1.8470592300000137,1.8575941660001265,9.010309386240612,551.3249117808667,560.3352211671073,4.042105263157895,306.8955263157895,337.321,1,cpu:tdp_estimate;gpu:nvml,0.0,2.801676105835536e-05,0.0,2.801676105835536e-05,0.0001867784070557,3735.568141114049,,,,,,,,,464.59125896430976,3097.2750597620648,46.69138954248366,464.59125896430976
lightning_a100_mixed_families,2026-05-11T10:20:50.674842+00:00,chat,chat_001,1,ollama_local,mistral-small3.2:24b,Mistral Small 3.2 24B,mistral-small3.2,24B,gpu,A100 40GB / Ollama GPU,48,96,144,1.839250088999961,0.003237152999961,0.039855485,1.796157451,1.939999947353499e-06,1.552362763,0.2437946879999999,1.8392520289999084,1.8496701629997008,8.539635089385985,539.5434148624294,548.0830499518154,3.8473684210526313,300.6467894736842,337.925,1,cpu:tdp_estimate;gpu:nvml,0.0,2.7404152497590768e-05,0.0,2.7404152497590768e-05,0.0001903066145666,3806.1322913320514,,,,,,,,,453.1797447567011,3147.0815608104244,46.69138954248366,453.1797447567011
lightning_a100_mixed_families,2026-05-11T10:20:52.533494+00:00,chat,chat_002,1,ollama_local,mistral-small3.2:24b,Mistral Small 3.2 24B,mistral-small3.2,24B,gpu,A100 40GB / Ollama GPU,40,96,136,1.8426798960003907,0.0027752740003907,0.035816697,1.804087925,2.1500000002561137e-06,1.554319196,0.2497687289999999,1.842682046000391,1.8561860089998845,9.39034732552994,553.5880920976292,562.9784394231591,4.21578947368421,308.0037894736842,337.669,1,cpu:tdp_estimate;gpu:nvml,0.0,2.8148921971157953e-05,0.0,2.8148921971157953e-05,0.0002069773674349,4139.5473486997,,,,,,,,,466.9201880881075,3433.236677118438,46.69138954248366,466.9201880881075
lightning_a100_mixed_families,2026-05-11T10:20:54.389615+00:00,chat,chat_003,1,ollama_local,mistral-small3.2:24b,Mistral Small 3.2 24B,mistral-small3.2,24B,gpu,A100 40GB / Ollama GPU,42,96,138,1.8416180649996932,0.0028777669996931,0.035902088,1.80283821,1.8700002328841947e-06,1.551893063,0.2509451469999999,1.841619934999926,1.8517939929997735,8.95878441244943,545.6552053049585,554.6139897174079,4.031578947368421,304.04873684210526,343.491,1,cpu:tdp_estimate;gpu:nvml,0.0,2.773069948587039e-05,0.0,2.773069948587039e-05,0.0002009470977236,4018.94195447397,,,,,,,,,459.1923706253748,3327.480946560687,46.69138954248366,459.1923706253748
lightning_a100_mixed_families,2026-05-11T10:20:56.241611+00:00,chat,chat_004,1,ollama_local,mistral-small3.2:24b,Mistral Small 3.2 24B,mistral-small3.2,24B,gpu,A100 40GB / Ollama GPU,38,96,134,1.8395737260002536,0.0026228500002534,0.035772527,1.801178349,1.8900000213761816e-06,1.552194658,0.248983691,1.8395756160002747,1.8495495189999929,9.380136402675754,553.6519218384552,563.0320582411309,4.226315789473684,308.27494736842107,345.84,1,cpu:tdp_estimate;gpu:nvml,0.0,2.8151602912056545e-05,0.0,2.8151602912056545e-05,0.0002100865888959,4201.731777918887,,,,,,,,,467.29388476871327,3487.2677967814425,46.69138954248366,467.29388476871327
lightning_a100_mixed_families,2026-05-11T10:20:58.107520+00:00,chat,chat_005,1,ollama_local,mistral-small3.2:24b,Mistral Small 3.2 24B,mistral-small3.2,24B,gpu,A100 40GB / Ollama GPU,54,96,150,1.8534087849998289,0.0027149029998285,0.043982496,1.806711386,2.031000349234091e-06,1.552800465,0.2539109210000001,1.853410816000178,1.8634939410003424,8.909462610551111,549.7945125073156,558.7039751178668,3.9842105263157896,306.0156315789474,344.088,1,cpu:tdp_estimate;gpu:nvml,0.0,2.7935198755893335e-05,0.0,2.7935198755893335e-05,0.0001862346583726,3724.693167452445,,,,,,,,,462.7853909980106,3085.2359399867373,46.69138954248366,462.7853909980106
lightning_a100_mixed_families,2026-05-11T10:20:58.766236+00:00,summarization,classroom_notebooks,0,ollama_local,llama3.2:3b,Llama 3.2 3B,llama3.2,3B,gpu,A100 40GB / Ollama GPU,151,96,247,0.6453719870000896,0.0023439040000895,0.023028108,0.619999975,1.439999778085621e-06,0.35729319,0.262706785,0.6453734269998677,0.6562190700001338,3.1273525964577806,118.248614995469,121.3759675919268,3.971428571428571,208.44657142857145,335.848,1,cpu:tdp_estimate;gpu:nvml,0.0,6.068798379596339e-06,0.0,6.068798379596339e-06,2.4570033925491248e-05,491.4006785098251,,,,,,,,,87.6088347728864,354.6916387566251,46.69138954248366,87.6088347728864
lightning_a100_mixed_families,2026-05-11T10:20:59.439480+00:00,summarization,python_llm_costs,0,ollama_local,llama3.2:3b,Llama 3.2 3B,llama3.2,3B,gpu,A100 40GB / Ollama GPU,182,96,278,0.6603891800000383,0.0021832020000382,0.022699862,0.6355061160000001,1.9899998733308166e-06,0.361133198,0.2743729180000001,0.6603911699999117,0.6701367199998458,3.2051681979421196,106.23675819075358,109.44192638869568,3.9857142857142858,183.7942857142857,233.196,1,cpu:tdp_estimate;gpu:nvml,0.0,5.472096319434784e-06,0.0,5.472096319434784e-06,1.9683799710197065e-05,393.67599420394134,,,,,,,,,74.94714355051848,269.5940415486276,46.69138954248366,74.94714355051848
lightning_a100_mixed_families,2026-05-11T10:21:00.093721+00:00,summarization,rag_pipeline,0,ollama_local,llama3.2:3b,Llama 3.2 3B,llama3.2,3B,gpu,A100 40GB / Ollama GPU,165,96,261,0.6423057480001262,0.0019653670001261,0.020502509,0.6198378720000001,1.871000222308794e-06,0.362622035,0.257215837,0.6423076190003485,0.6520732580002004,2.9958108538980635,106.0395442020046,109.03535505590268,3.828571428571428,183.24685714285715,229.013,1,cpu:tdp_estimate;gpu:nvml,0.0,5.4517677527951335e-06,0.0,5.4517677527951335e-06,2.088799905285492e-05,417.75998105709834,,,,,,,,,75.5933377024808,289.6296463696582,46.69138954248366,75.5933377024808
lightning_a100_mixed_families,2026-05-11T10:21:00.754480+00:00,summarization,classroom_notebooks,1,ollama_local,llama3.2:3b,Llama 3.2 3B,llama3.2,3B,gpu,A100 40GB / Ollama GPU,151,96,247,0.6489313370002492,0.0018905560002492,0.019610471,0.6274303099999999,1.559999873279594e-06,0.361233183,0.2661971269999999,0.6489328970001225,0.6587605280001299,2.6538638413719515,103.53010443787464,106.1839682792466,3.357142857142857,180.18614285714284,235.182,1,cpu:tdp_estimate;gpu:nvml,0.0,5.309198413962329e-06,0.0,5.309198413962329e-06,2.149473042090012e-05,429.8946084180023,,,,,,,,,72.77166000980836,294.62210530286785,46.69138954248366,72.77166000980836
lightning_a100_mixed_families,2026-05-11T10:21:01.424577+00:00,summarization,python_llm_costs,1,ollama_local,llama3.2:3b,Llama 3.2 3B,llama3.2,3B,gpu,A100 40GB / Ollama GPU,182,96,278,0.6581829169999764,0.0019914089999764,0.022791333,0.633400175,1.7809998098528013e-06,0.363675119,0.269725056,0.6581846979997863,0.6678820860001906,3.045542312160869,106.3848317367588,109.43037404891967,3.8,183.36314285714283,231.69,1,cpu:tdp_estimate;gpu:nvml,0.0,5.4715187024459835e-06,0.0,5.4715187024459835e-06,1.9681721951244545e-05,393.6344390248909,,,,,,,,,75.20048909087733,270.50535644200477,46.69138954248366,75.20048909087733
lightning_a100_mixed_families,2026-05-11T10:21:02.088852+00:00,summarization,rag_pipeline,1,ollama_local,llama3.2:3b,Llama 3.2 3B,llama3.2,3B,gpu,A100 40GB / Ollama GPU,165,96,261,0.6522815819998868,0.0021562819998868,0.020177204,0.629948096,2.0800002857868094e-06,0.36385893,0.266089166,0.6522836620001726,0.6620339219998641,2.973478072525104,97.84674183581092,100.820219908336,3.742857142857143,171.24885714285713,229.013,1,cpu:tdp_estimate;gpu:nvml,0.0,5.0410109954168e-06,0.0,5.0410109954168e-06,1.931421837324445e-05,386.284367464889,,,,,,,,,66.93545809337702,256.4576938443564,46.69138954248366,66.93545809337702
lightning_a100_mixed_families,2026-05-11T10:21:03.238971+00:00,summarization,classroom_notebooks,0,ollama_local,gemma3:4b,Gemma 3 4B,gemma3,4B,gpu,A100 40GB / Ollama GPU,140,96,236,1.137741729000027,0.0032579850000267,0.03036162,1.104122124,2.1999999262334313e-06,0.601501994,0.5026201299999998,1.137743928999953,1.147718742000052,6.783017765220306,167.3431971729603,174.1262149381806,4.925,156.74141666666665,233.165,1,cpu:tdp_estimate;gpu:nvml,0.0,8.706310746909029e-06,0.0,8.706310746909029e-06,3.689114723266538e-05,737.8229446533076,,,,,,,,,113.75461430502655,482.01107756367185,46.69138954248366,113.75461430502655
lightning_a100_mixed_families,2026-05-11T10:21:04.370168+00:00,summarization,python_llm_costs,0,ollama_local,gemma3:4b,Gemma 3 4B,gemma3,4B,gpu,A100 40GB / Ollama GPU,175,96,271,1.1186595069998475,0.0034274959998474,0.028872372,1.086359639,1.8700002328841947e-06,0.60672614,0.4796334990000001,1.1186613770000804,1.1287780739999107,6.264718310699505,163.47365890066496,169.73837721136445,4.625,152.207,208.472,1,cpu:tdp_estimate;gpu:nvml,0.0,8.486918860568223e-06,0.0,8.486918860568223e-06,3.1317043765934404e-05,626.340875318688,,,,,,,,,110.76944214052068,408.74332893181065,46.69138954248366,110.76944214052068
lightning_a100_mixed_families,2026-05-11T10:21:05.514150+00:00,summarization,rag_pipeline,0,ollama_local,gemma3:4b,Gemma 3 4B,gemma3,4B,gpu,A100 40GB / Ollama GPU,157,96,253,1.1307876339997165,0.0034586479997165,0.028710128,1.098618858,2.150999989680713e-06,0.602841298,0.49577756,1.1307897849997062,1.141458992000025,6.962899851200154,168.26070936325058,175.22360921445073,5.083333333333333,156.4665,207.27,1,cpu:tdp_estimate;gpu:nvml,0.0,8.761180460722537e-06,0.0,8.761180460722537e-06,3.4629171781512e-05,692.58343563024,,,,,,,,,114.96440292100667,454.40475462848485,46.69138954248366,114.96440292100667
lightning_a100_mixed_families,2026-05-11T10:21:06.639988+00:00,summarization,classroom_notebooks,1,ollama_local,gemma3:4b,Gemma 3 4B,gemma3,4B,gpu,A100 40GB / Ollama GPU,140,96,236,1.1135463179998624,0.0032357129998623,0.026373313,1.083937292,2.1200003175181337e-06,0.600962933,0.4829743590000001,1.11354843800018,1.123365168999953,7.077200564699706,165.6197387003205,172.6969392650202,5.25,153.90591666666668,204.049,1,cpu:tdp_estimate;gpu:nvml,0.0,8.63484696325101e-06,0.0,8.63484696325101e-06,3.658833459004666e-05,731.7666918009331,,,,,,,,,113.16825799608571,479.5265169325666,46.69138954248366,113.16825799608571
lightning_a100_mixed_families,2026-05-11T10:21:07.775228+00:00,summarization,python_llm_costs,1,ollama_local,gemma3:4b,Gemma 3 4B,gemma3,4B,gpu,A100 40GB / Ollama GPU,175,96,271,1.122912450000058,0.003508899000058,0.029122867,1.090280684,1.8309997358301189e-06,0.604819645,0.4854610389999999,1.1229142809997938,1.1328007219999563,6.502276144279749,157.2731845739485,163.77546071822826,4.783333333333333,146.31625,202.295,1,cpu:tdp_estimate;gpu:nvml,0.0,8.188773035911412e-06,0.0,8.188773035911412e-06,3.0216874671259825e-05,604.3374934251965,,,,,,,,,104.3811447890418,385.17027597432394,46.69138954248366,104.3811447890418
lightning_a100_mixed_families,2026-05-11T10:21:08.915055+00:00,summarization,rag_pipeline,1,ollama_local,gemma3:4b,Gemma 3 4B,gemma3,4B,gpu,A100 40GB / Ollama GPU,157,96,253,1.127671463000297,0.0030657700002971,0.028556735,1.096048958,1.6799999684735667e-06,0.601268477,0.4947804809999999,1.1276731430002656,1.1373863510002593,6.801570378981551,167.82973659271667,174.63130697169822,4.983333333333333,155.7655,200.224,1,cpu:tdp_estimate;gpu:nvml,0.0,8.73156534858491e-06,0.0,8.73156534858491e-06,3.45121160023119e-05,690.2423200462381,,,,,,,,,114.7235874178595,453.45291469509687,46.69138954248366,114.7235874178595
lightning_a100_mixed_families,2026-05-11T10:21:10.846179+00:00,summarization,classroom_notebooks,0,ollama_local,mistral-small3.2:24b,Mistral Small 3.2 24B,mistral-small3.2,24B,gpu,A100 40GB / Ollama GPU,134,96,230,1.9188343779997012,0.0030781899997012,0.11250988,1.803246308,1.8989999261975752e-06,1.552992276,0.2502540320000002,1.9188362769996272,1.9286618490000365,9.222860961918174,573.0965039354397,582.3193648973579,3.985,299.193,341.494,1,cpu:tdp_estimate;gpu:nvml,0.0,2.9115968244867897e-05,0.0,2.9115968244867897e-05,0.000126591166282,2531.8233256406866,,,,,,,,,483.04460224805223,2100.1939228176184,46.69138954248366,483.04460224805223
lightning_a100_mixed_families,2026-05-11T10:21:12.750599+00:00,summarization,python_llm_costs,0,ollama_local,mistral-small3.2:24b,Mistral Small 3.2 24B,mistral-small3.2,24B,gpu,A100 40GB / Ollama GPU,165,96,261,1.8919260229999963,0.0029535569999963,0.08933024,1.799642226,1.5400000847876072e-06,1.554065091,0.245577135,1.8919275630000811,1.901979289999872,8.97333808187308,549.1734861572027,558.1468242390757,3.931578947368421,305.7854210526316,347.91,1,cpu:tdp_estimate;gpu:nvml,0.0,2.7907341211953785e-05,0.0,2.7907341211953785e-05,0.000106924678973,2138.4935794600606,,,,,,,,,460.36743022608215,1763.8598859236865,46.69138954248366,460.36743022608215
lightning_a100_mixed_families,2026-05-11T10:21:14.656003+00:00,summarization,rag_pipeline,0,ollama_local,mistral-small3.2:24b,Mistral Small 3.2 24B,mistral-small3.2,24B,gpu,A100 40GB / Ollama GPU,146,96,242,1.893053556000268,0.003055779000268,0.080637589,1.809360188,1.8000000636675395e-06,1.553313377,0.256046811,1.893055356000332,1.902886446000139,9.169909631356456,546.6121092684585,555.782018899815,4.015789473684211,304.42763157894734,341.494,1,cpu:tdp_estimate;gpu:nvml,0.0,2.7789100944990744e-05,0.0,2.7789100944990744e-05,0.0001148309956404,2296.6199128091525,,,,,,,,,457.76369696315373,1891.585524641131,46.69138954248366,457.76369696315373
lightning_a100_mixed_families,2026-05-11T10:21:16.553059+00:00,summarization,classroom_notebooks,1,ollama_local,mistral-small3.2:24b,Mistral Small 3.2 24B,mistral-small3.2,24B,gpu,A100 40GB / Ollama GPU,134,96,230,1.8846441329997103,0.0032965149997106,0.079040369,1.802307249,2.099999619531445e-06,1.552323179,0.24998407,1.88464623299933,1.894587114999922,9.44102673937856,549.1328097844086,558.5738365237871,4.152631578947369,305.80352631578944,340.545,1,cpu:tdp_estimate;gpu:nvml,0.0,2.792869182618936e-05,0.0,2.792869182618936e-05,0.0001214290948964,2428.581897929509,,,,,,,,,460.6719047757769,2002.9213251120734,46.69138954248366,460.6719047757769
lightning_a100_mixed_families,2026-05-11T10:21:18.462940+00:00,summarization,python_llm_costs,1,ollama_local,mistral-small3.2:24b,Mistral Small 3.2 24B,mistral-small3.2,24B,gpu,A100 40GB / Ollama GPU,165,96,261,1.8974276919998376,0.0028404459998374,0.089246977,1.805340269,1.6910003068915105e-06,1.554959572,0.250380697,1.8974293830001443,1.9074162950000757,9.203785575031944,550.0727510797499,559.2765366547818,4.021052631578947,306.1696842105263,340.79,1,cpu:tdp_estimate;gpu:nvml,0.0,2.796382683273909e-05,0.0,2.796382683273909e-05,0.000107141098976,2142.821979520237,,,,,,,,,461.0128338302204,1766.3326966675113,46.69138954248366,461.0128338302204
lightning_a100_mixed_families,2026-05-11T10:21:20.363415+00:00,summarization,rag_pipeline,1,ollama_local,mistral-small3.2:24b,Mistral Small 3.2 24B,mistral-small3.2,24B,gpu,A100 40GB / Ollama GPU,146,96,242,1.8879021950001516,0.0028967960001515,0.080109078,1.804896321,2.7099999897473026e-06,1.553187695,0.2517086259999999,1.8879049050001413,1.8979599310000592,8.930400938495016,554.6176931848976,563.5480941233926,3.9210526315789473,308.8288947368421,350.439,1,cpu:tdp_estimate;gpu:nvml,0.0,2.817740470616963e-05,0.0,2.817740470616963e-05,0.000116435556637,2328.7111327412917,,,,,,,,,465.9993067105484,1925.6169698782992,46.69138954248366,465.9993067105484
lightning_a100_mixed_families,2026-05-11T10:21:20.598362+00:00,classification,cls_001,0,ollama_local,llama3.2:3b,Llama 3.2 3B,llama3.2,3B,gpu,A100 40GB / Ollama GPU,73,2,75,0.2227126340003451,0.0018935870003451,0.015427021,0.2053920259999999,5.289999990054639e-06,0.005432996,0.1999590299999999,0.2227179240003352,0.2325689740000598,1.255872459600323,55.69113452191684,56.94700698151716,4.5,254.40033333333335,343.408,1,cpu:tdp_estimate;gpu:nvml,0.0,2.8473503490758584e-06,0.0,2.8473503490758584e-06,3.7964671321011447e-05,759.2934264202288,bug,True,,,,,,,44.83216596138429,597.7622128184572,46.69138954248366,44.83216596138429
lightning_a100_mixed_families,2026-05-11T10:21:20.834146+00:00,classification,cls_002,0,ollama_local,llama3.2:3b,Llama 3.2 3B,llama3.2,3B,gpu,A100 40GB / Ollama GPU,74,3,77,0.2236855219998688,0.0018406639998687,0.01126239,0.210582468,2.9120999897713773e-05,0.009227449,0.201355019,0.2237146429997665,0.2334454430001642,1.1485515795608083,15.96120648143626,17.10975806099707,4.1000000000000005,78.77666666666666,80.145,1,cpu:tdp_estimate;gpu:nvml,0.0,8.554879030498535e-07,0.0,8.554879030498535e-07,1.1110232507140952e-05,222.2046501428191,how-to,True,,,,,,,5.061314365397928,65.73135539477829,46.69138954248366,5.061314365397928
lightning_a100_mixed_families,2026-05-11T10:21:21.057640+00:00,classification,cls_003,0,ollama_local,llama3.2:3b,Llama 3.2 3B,llama3.2,3B,gpu,A100 40GB / Ollama GPU,69,2,71,0.2115122159998463,0.0016986719998463,0.010608936,0.199204608,5.020000116928713e-06,0.005265122,0.193939486,0.2115172359999633,0.2217530940001779,0.9313629948007476,17.964156525486004,18.89551952028675,3.5,84.84033333333333,101.284,1,cpu:tdp_estimate;gpu:nvml,0.0,9.447759760143374e-07,0.0,9.447759760143374e-07,1.330670388752588e-05,266.13407775051763,concept,True,,,,,,,7.610196431272701,107.18586522919297,46.69138954248366,7.610196431272701
lightning_a100_mixed_families,2026-05-11T10:21:21.292312+00:00,classification,cls_004,0,ollama_local,llama3.2:3b,Llama 3.2 3B,llama3.2,3B,gpu,A100 40GB / Ollama GPU,75,3,78,0.2229801789999328,0.0017149339999328,0.011232788,0.210032457,6.599999778700294e-06,0.009396882,0.200635575,0.2229867789997115,0.2323814910000692,1.1526121953603434,20.57538011968444,21.727992315044784,4.133333333333334,93.301,127.869,1,cpu:tdp_estimate;gpu:nvml,0.0,1.086399615752239e-06,0.0,1.086399615752239e-06,1.3928200201951782e-05,278.5640040390357,how-to,False,,,,,,,9.725165400937048,124.68160770432112,46.69138954248366,9.725165400937048
lightning_a100_mixed_families,2026-05-11T10:21:21.522027+00:00,classification,cls_005,0,ollama_local,llama3.2:3b,Llama 3.2 3B,llama3.2,3B,gpu,A100 40GB / Ollama GPU,74,2,76,0.2174252300001171,0.0016486910001171,0.011237688,0.204538851,5.100000180391362e-06,0.005346584,0.199192267,0.2174303300002975,0.227728260999811,1.074877391919108,15.340686339713848,16.415563731632957,3.933333333333333,75.82566666666666,76.32,1,cpu:tdp_estimate;gpu:nvml,0.0,8.207781865816479e-07,0.0,8.207781865816479e-07,1.0799712981337472e-05,215.99425962674945,bug,False,,,,,,,4.707737395539283,61.94391309920109,46.69138954248366,4.707737395539283
lightning_a100_mixed_families,2026-05-11T10:21:21.756727+00:00,classification,cls_006,0,ollama_local,llama3.2:3b,Llama 3.2 3B,llama3.2,3B,gpu,A100 40GB / Ollama GPU,74,2,76,0.2229802279998693,0.0016028999998693,0.011129666,0.210247662,5.2400000640773214e-06,0.005406134,0.204841528,0.2229854679999334,0.2328147400003217,1.1175107520015446,15.804749858433016,16.92226061043456,4.0,77.30266666666667,81.294,1,cpu:tdp_estimate;gpu:nvml,0.0,8.46113030521728e-07,0.0,8.46113030521728e-07,1.1133066191075368e-05,222.66132382150735,bug,True,,,,,,,4.934306141845942,64.9250808137624,46.69138954248366,4.934306141845942
lightning_a100_mixed_families,2026-05-11T10:21:21.988612+00:00,classification,cls_007,0,ollama_local,llama3.2:3b,Llama 3.2 3B,llama3.2,3B,gpu,A100 40GB / Ollama GPU,69,2,71,0.2202421950000825,0.0017279030000825,0.010599897,0.207914395,5.549999968934571e-06,0.005232621,0.202681774,0.2202477450000515,0.229948035000234,1.0945526466011142,22.73580678081497,23.830359427416084,3.9666666666666663,100.15833333333336,150.459,1,cpu:tdp_estimate;gpu:nvml,0.0,1.191517971370804e-06,0.0,1.191517971370804e-06,1.678194325874372e-05,335.6388651748744,concept,True,,,,,,,11.999213504090376,169.00300709986445,46.69138954248366,11.999213504090376
lightning_a100_mixed_families,2026-05-11T10:21:22.214656+00:00,classification,cls_008,0,ollama_local,llama3.2:3b,Llama 3.2 3B,llama3.2,3B,gpu,A100 40GB / Ollama GPU,73,3,76,0.2144159010003932,0.0016741510003931,0.010419143,0.202322607,5.110999609314604e-06,0.008988315,0.193334292,0.2144210120000025,0.2242102430000159,0.9416830206000668,15.126622974305128,16.068305994905195,3.5,74.95366666666666,75.171,1,cpu:tdp_estimate;gpu:nvml,0.0,8.034152997452597e-07,0.0,8.034152997452597e-07,1.0571253944016576e-05,211.4250788803315,how-to,True,,,,,,,4.657935178976464,61.288620776006105,46.69138954248366,4.657935178976464
lightning_a100_mixed_families,2026-05-11T10:21:22.451840+00:00,classification,cls_001,1,ollama_local,llama3.2:3b,Llama 3.2 3B,llama3.2,3B,gpu,A100 40GB / Ollama GPU,73,2,75,0.2253384750001714,0.0016352720001714,0.013089655,0.2106135479999999,5.530000180442585e-06,0.006692851,0.2039206969999999,0.2253440050003519,0.2351443059997109,1.0064176296787628,12.951946909652822,13.958364539331583,3.5666666666666664,64.57633333333332,74.574,1,cpu:tdp_estimate;gpu:nvml,0.0,6.979182269665792e-07,0.0,6.979182269665792e-07,9.30557635955439e-06,186.11152719108784,concept,False,,,,,,,1.9727325195233423,26.30310026031123,46.69138954248366,1.9727325195233423
lightning_a100_mixed_families,2026-05-11T10:21:22.690816+00:00,classification,cls_002,1,ollama_local,llama3.2:3b,Llama 3.2 3B,llama3.2,3B,gpu,A100 40GB / Ollama GPU,74,3,77,0.2269646959998681,0.0018805549998681,0.013661675,0.2114224659999999,5.2489999688987155e-06,0.011597305,0.1998251609999999,0.226969944999837,0.2369281899996167,1.3362749915978382,8.595931334856228,9.932206326454066,4.699999999999999,67.524,78.392,1,cpu:tdp_estimate;gpu:nvml,0.0,4.966103163227033e-07,0.0,4.966103163227033e-07,6.449484627567576e-06,128.9896925513515,how-to,True,,,,,,,0.0,0.0,46.69138954248366,0.0
lightning_a100_mixed_families,2026-05-11T10:21:22.926059+00:00,classification,cls_003,1,ollama_local,llama3.2:3b,Llama 3.2 3B,llama3.2,3B,gpu,A100 40GB / Ollama GPU,69,2,71,0.2228618359999927,0.0019521589999927,0.013010843,0.207898834,7.929999810585286e-06,0.006265211,0.201633623,0.2228697659998033,0.2328009910002038,1.1733169946410271,11.48435542145168,12.657672416092709,4.2,56.81733333333333,56.927,1,cpu:tdp_estimate;gpu:nvml,0.0,6.328836208046353e-07,0.0,6.328836208046353e-07,8.913853814149794e-06,178.2770762829959,concept,True,,,,,,,0.6145536647849301,8.655685419506058,46.69138954248366,0.6145536647849301
lightning_a100_mixed_families,2026-05-11T10:21:23.165805+00:00,classification,cls_004,1,ollama_local,llama3.2:3b,Llama 3.2 3B,llama3.2,3B,gpu,A100 40GB / Ollama GPU,75,3,78,0.2272407909999856,0.0019127849999856,0.013813529,0.211514477,4.589000127452891e-06,0.011024895,0.200489582,0.227245380000113,0.2375247509999098,1.2541306852795242,11.649285496367789,12.903416181647312,4.3999999999999995,57.32633333333333,58.667,1,cpu:tdp_estimate;gpu:nvml,0.0,6.451708090823656e-07,0.0,6.451708090823656e-07,8.271420629261098e-06,165.42841258522196,how-to,False,,,,,,,0.5589248214495637,7.16570283909697,46.69138954248366,0.5589248214495637
lightning_a100_mixed_families,2026-05-11T10:21:23.393926+00:00,classification,cls_005,1,ollama_local,llama3.2:3b,Llama 3.2 3B,llama3.2,3B,gpu,A100 40GB / Ollama GPU,74,2,76,0.2156692860003204,0.0016264810003204,0.013744508,0.200298297,5.1710003390326165e-06,0.006256771,0.194041526,0.2156744570006594,0.2259223070000189,0.894652335720075,17.359759236164773,18.254411571884848,3.3000000000000003,76.18933333333332,115.536,1,cpu:tdp_estimate;gpu:nvml,0.0,9.127205785942424e-07,0.0,9.127205785942424e-07,1.2009481297292664e-05,240.1896259458533,bug,False,,,,,,,6.811132793690309,89.62016833803038,46.69138954248366,6.811132793690309
lightning_a100_mixed_families,2026-05-11T10:21:23.624701+00:00,classification,cls_006,1,ollama_local,llama3.2:3b,Llama 3.2 3B,llama3.2,3B,gpu,A100 40GB / Ollama GPU,74,2,76,0.2188496690000647,0.0016302620000647,0.013781968,0.203437439,4.7700000322947744e-06,0.006556428,0.196881011,0.218854439000097,0.228731291999793,1.1345072083189731,11.393849716163365,12.528356924482337,4.133333333333333,56.46933333333333,56.656,1,cpu:tdp_estimate;gpu:nvml,0.0,6.264178462241168e-07,0.0,6.264178462241168e-07,8.242340081896273e-06,164.84680163792547,bug,True,,,,,,,0.7140678608454518,9.39562974796647,46.69138954248366,0.7140678608454518
lightning_a100_mixed_families,2026-05-11T10:21:23.860324+00:00,classification,cls_007,1,ollama_local,llama3.2:3b,Llama 3.2 3B,llama3.2,3B,gpu,A100 40GB / Ollama GPU,69,2,71,0.2214148580001165,0.0017880040001164,0.012991713,0.206635141,5.529999725695234e-06,0.006198,0.200437141,0.2214203879998422,0.2328331009998692,1.1548521809593515,11.527771202209824,12.682623383169176,4.133333333333334,56.82966666666667,57.737,1,cpu:tdp_estimate;gpu:nvml,0.0,6.341311691584588e-07,0.0,6.341311691584588e-07,8.931424917724772e-06,178.62849835449543,concept,True,,,,,,,0.6564701850404884,9.24605894423223,46.69138954248366,0.6564701850404884
lightning_a100_mixed_families,2026-05-11T10:21:24.100414+00:00,classification,cls_008,1,ollama_local,llama3.2:3b,Llama 3.2 3B,llama3.2,3B,gpu,A100 40GB / Ollama GPU,73,3,76,0.2274144040002284,0.0020140080002283,0.012918481,0.212481915,5.77000037083053e-06,0.01083105,0.2016508649999999,0.2274201740005992,0.2375678229996083,1.2923689571178691,13.621483757763391,14.91385271488126,4.533333333333333,63.714666666666666,78.392,1,cpu:tdp_estimate;gpu:nvml,0.0,7.45692635744063e-07,0.0,7.45692635744063e-07,9.811745207158724e-06,196.23490414317448,how-to,True,,,,,,,2.52911199132887,33.27778935959039,46.69138954248366,2.52911199132887
lightning_a100_mixed_families,2026-05-11T10:21:24.582169+00:00,classification,cls_001,0,ollama_local,gemma3:4b,Gemma 3 4B,gemma3,4B,gpu,A100 40GB / Ollama GPU,65,3,68,0.4694450850001885,0.0019232090001885,0.024904905,0.442616971,5.86199985264102e-06,0.017110743,0.425506228,0.4694509470000412,0.4791870340000059,2.231094830304028,22.599844758118916,24.830939588422943,3.88,56.1268,56.376,1,cpu:tdp_estimate;gpu:nvml,0.0,1.241546979421147e-06,0.0,1.241546979421147e-06,1.825804381501687e-05,365.1608763003374,bug,True,,,,,,,0.22593628991727854,3.322592498783508,46.69138954248366,0.22593628991727854
lightning_a100_mixed_families,2026-05-11T10:21:25.074855+00:00,classification,cls_002,0,ollama_local,gemma3:4b,Gemma 3 4B,gemma3,4B,gpu,A100 40GB / Ollama GPU,65,5,70,0.4800544220001939,0.0020661500001938,0.019365877,0.458622395,6.551000296894927e-06,0.032484413,0.426137982,0.4800609730004908,0.4901489169997148,2.940893501998289,28.38096854364785,31.321862045646135,5.0,67.5774,113.513,1,cpu:tdp_estimate;gpu:nvml,0.0,1.5660931022823069e-06,0.0,1.5660931022823069e-06,2.2372758604032953e-05,447.45517208065905,how-to,True,,,,,,,5.495234526187673,78.50335037410962,46.69138954248366,5.495234526187673
lightning_a100_mixed_families,2026-05-11T10:21:25.551556+00:00,classification,cls_003,0,ollama_local,gemma3:4b,Gemma 3 4B,gemma3,4B,gpu,A100 40GB / Ollama GPU,61,3,64,0.4640948599999319,0.0021776519999319,0.018430618,0.44348659,5.360000159271294e-06,0.017019082,0.426467508,0.4641002200000912,0.4740635349999138,2.3096375425195803,29.65860052983305,31.96823807235263,4.0600000000000005,70.0714,126.255,1,cpu:tdp_estimate;gpu:nvml,0.0,1.5984119036176315e-06,0.0,1.5984119036176315e-06,2.4975185994025493e-05,499.50371988050983,performance,False,,,,,,,7.523915349265234,117.56117733226928,46.69138954248366,7.523915349265234
lightning_a100_mixed_families,2026-05-11T10:21:26.025018+00:00,classification,cls_004,0,ollama_local,gemma3:4b,Gemma 3 4B,gemma3,4B,gpu,A100 40GB / Ollama GPU,69,3,72,0.4611633330000586,0.0021412910000586,0.019615892,0.43940615,5.268999757390702e-06,0.016870038,0.422536112,0.461168601999816,0.4710187649998261,2.73567698711899,24.145498495197007,26.881175482315996,4.84,59.1562,72.494,1,cpu:tdp_estimate;gpu:nvml,0.0,1.3440587741157995e-06,0.0,1.3440587741157995e-06,1.8667482973830552e-05,373.349659476611,performance,True,,,,,,,2.1529778567705584,29.902470232924422,46.69138954248366,2.1529778567705584
lightning_a100_mixed_families,2026-05-11T10:21:26.491636+00:00,classification,cls_005,0,ollama_local,gemma3:4b,Gemma 3 4B,gemma3,4B,gpu,A100 40GB / Ollama GPU,66,3,69,0.4532261090002976,0.0024604680002975,0.020104192,0.430661449,5.6799999583745375e-06,0.017377957,0.413283492,0.4532317890002559,0.4641254620000836,2.3726093617444275,22.64308288357539,25.015692245319816,4.26,56.1856,57.584,1,cpu:tdp_estimate;gpu:nvml,0.0,1.2507846122659908e-06,0.0,1.2507846122659908e-06,1.8127313221246243e-05,362.54626442492486,security,True,,,,,,,0.972420140744287,14.093045518033144,46.69138954248366,0.972420140744287
lightning_a100_mixed_families,2026-05-11T10:21:26.968995+00:00,classification,cls_006,0,ollama_local,gemma3:4b,Gemma 3 4B,gemma3,4B,gpu,A100 40GB / Ollama GPU,66,3,69,0.4651335710000239,0.0020619500000239,0.019443049,0.443628572,5.000000328436727e-06,0.017197244,0.426431328,0.4651385710003524,0.4750793250000242,2.713653104400138,27.854552351590407,30.568205455990544,4.76,66.4558,108.935,1,cpu:tdp_estimate;gpu:nvml,0.0,1.5284102727995272e-06,0.0,1.5284102727995272e-06,2.215087351883373e-05,443.01747037667457,bug,True,,,,,,,5.672438524434078,82.20925397730548,46.69138954248366,5.672438524434078
lightning_a100_mixed_families,2026-05-11T10:21:27.432187+00:00,classification,cls_007,0,ollama_local,gemma3:4b,Gemma 3 4B,gemma3,4B,gpu,A100 40GB / Ollama GPU,61,3,64,0.4499073850001878,0.0019441280001877,0.018539861,0.429423396,5.63000003239722e-06,0.017251715,0.412171681,0.4499130150002202,0.4600176109997846,2.1749632648069817,26.140335975896125,28.315299240703105,3.94,63.0258,92.763,1,cpu:tdp_estimate;gpu:nvml,0.0,1.415764962035155e-06,0.0,1.415764962035155e-06,2.2121327531799297e-05,442.426550635986,concept,True,,,,,,,4.661474504302465,72.83553912972602,46.69138954248366,4.661474504302465
lightning_a100_mixed_families,2026-05-11T10:21:27.920432+00:00,classification,cls_008,0,ollama_local,gemma3:4b,Gemma 3 4B,gemma3,4B,gpu,A100 40GB / Ollama GPU,65,3,68,0.4658340239998324,0.0021935709998324,0.019384877,0.444255576,5.570999746851157e-06,0.017116511,0.427139065,0.4658395949995793,0.4756971269998757,2.5573477547513317,22.528125574662475,25.08547332941381,4.4799999999999995,55.859,57.312,1,cpu:tdp_estimate;gpu:nvml,0.0,1.2542736664706905e-06,0.0,1.2542736664706905e-06,1.844520097751015e-05,368.9040195502031,performance,False,,,,,,,0.31716571367095625,4.66420167163171,46.69138954248366,0.31716571367095625
lightning_a100_mixed_families,2026-05-11T10:21:28.406480+00:00,classification,cls_001,1,ollama_local,gemma3:4b,Gemma 3 4B,gemma3,4B,gpu,A100 40GB / Ollama GPU,65,3,68,0.4734422229998927,0.0020210999998926,0.019449338,0.451971785,6.049999683455098e-06,0.018140073,0.433831712,0.4734482729995761,0.4835040289999597,2.5296930797277892,25.69892411735239,28.22861719708018,4.36,62.15939999999999,88.431,1,cpu:tdp_estimate;gpu:nvml,0.0,1.4114308598540089e-06,0.0,1.4114308598540089e-06,2.075633617432366e-05,415.1267234864732,bug,True,,,,,,,3.1234491539549545,45.93307579345522,46.69138954248366,3.1234491539549545
lightning_a100_mixed_families,2026-05-11T10:21:28.897335+00:00,classification,cls_002,1,ollama_local,gemma3:4b,Gemma 3 4B,gemma3,4B,gpu,A100 40GB / Ollama GPU,65,5,70,0.4783566380001502,0.0020625700001502,0.01949335,0.456800718,5.869999768037815e-06,0.032615935,0.424184783,0.4783625079999183,0.488332691999858,2.7776363520951928,26.55414865915264,29.33178501124783,4.74,63.831999999999994,96.96,1,cpu:tdp_estimate;gpu:nvml,0.0,1.4665892505623916e-06,0.0,1.4665892505623916e-06,2.0951275008034164e-05,419.0255001606833,how-to,True,,,,,,,3.7532167106575756,53.61738158082251,46.69138954248366,3.7532167106575756
lightning_a100_mixed_families,2026-05-11T10:21:29.371913+00:00,classification,cls_003,1,ollama_local,gemma3:4b,Gemma 3 4B,gemma3,4B,gpu,A100 40GB / Ollama GPU,61,3,64,0.4620321899997179,0.0019997479997179,0.018592612,0.44143983,6.000000212225132e-06,0.017071901,0.424367929,0.4620381899999302,0.4720691769998666,2.2999210303433504,28.96154845066429,31.261469481007637,4.0600000000000005,68.65599999999999,121.406,1,cpu:tdp_estimate;gpu:nvml,0.0,1.5630734740503818e-06,0.0,1.5630734740503818e-06,2.4423023032037215e-05,488.4604606407443,performance,False,,,,,,,6.919982616363846,108.1247283806851,46.69138954248366,6.919982616363846
lightning_a100_mixed_families,2026-05-11T10:21:29.845861+00:00,classification,cls_004,1,ollama_local,gemma3:4b,Gemma 3 4B,gemma3,4B,gpu,A100 40GB / Ollama GPU,69,3,72,0.4613264159997925,0.0021108709997925,0.019667802,0.439547743,6.479999683506321e-06,0.01688063,0.422667113,0.461332895999476,0.4714155330002541,2.4664460686573295,24.090762672496027,26.557208741153357,4.36,58.875,73.175,1,cpu:tdp_estimate;gpu:nvml,0.0,1.327860437057668e-06,0.0,1.327860437057668e-06,1.844250607024539e-05,368.8501214049077,performance,True,,,,,,,2.0797163848036035,28.88494978893894,46.69138954248366,2.0797163848036035
lightning_a100_mixed_families,2026-05-11T10:21:30.311851+00:00,classification,cls_005,1,ollama_local,gemma3:4b,Gemma 3 4B,gemma3,4B,gpu,A100 40GB / Ollama GPU,66,3,69,0.4536315969999123,0.0020308089999123,0.01953966,0.4320611279999999,6.55999974696897e-06,0.017122594,0.4149385339999999,0.4536381569996592,0.4634786879996682,2.2580681679343835,22.508217571146183,24.76628573908057,4.0600000000000005,55.64639999999999,57.312,1,cpu:tdp_estimate;gpu:nvml,0.0,1.2383142869540285e-06,0.0,1.2383142869540285e-06,1.7946583868898963e-05,358.93167737797927,security,True,,,,,,,0.8677536051144266,12.576139204556906,46.69138954248366,0.8677536051144266
lightning_a100_mixed_families,2026-05-11T10:21:30.788333+00:00,classification,cls_006,1,ollama_local,gemma3:4b,Gemma 3 4B,gemma3,4B,gpu,A100 40GB / Ollama GPU,66,3,69,0.4640873609996561,0.002146671999656,0.019461929,0.44247876,4.9600002967054024e-06,0.017040091,0.425438669,0.4640923209999528,0.4739663109999128,2.730045951359498,27.01836177270764,29.74840772406714,4.8,64.7264,102.432,1,cpu:tdp_estimate;gpu:nvml,0.0,1.487420386203357e-06,0.0,1.487420386203357e-06,2.1556817191353e-05,431.13634382706,bug,True,,,,,,,4.888216115796752,70.84371182314132,46.69138954248366,4.888216115796752
lightning_a100_mixed_families,2026-05-11T10:21:31.253995+00:00,classification,cls_007,1,ollama_local,gemma3:4b,Gemma 3 4B,gemma3,4B,gpu,A100 40GB / Ollama GPU,61,3,64,0.4530860559998473,0.0019010969998473,0.01848087,0.432704089,7.060999905661447e-06,0.017030562,0.415673527,0.4530931169997529,0.4631409319999875,2.2786533854399385,25.88333821632156,28.1619916017615,4.1,62.44939999999999,91.383,1,cpu:tdp_estimate;gpu:nvml,0.0,1.408099580088075e-06,0.0,1.408099580088075e-06,2.200155593887617e-05,440.03111877752343,concept,True,,,,,,,4.258644547241207,66.54132105064386,46.69138954248366,4.258644547241207
lightning_a100_mixed_families,2026-05-11T10:21:31.735800+00:00,classification,cls_008,1,ollama_local,gemma3:4b,Gemma 3 4B,gemma3,4B,gpu,A100 40GB / Ollama GPU,65,3,68,0.4686648189999687,0.0020532789999687,0.019447059,0.4471644809999999,6.339000265143113e-06,0.017080393,0.430084088,0.4686711580002338,0.4792561050003314,2.5879829670017895,22.44869935114899,25.036682318150778,4.5,55.64639999999999,57.312,1,cpu:tdp_estimate;gpu:nvml,0.0,1.2518341159075388e-06,0.0,1.2518341159075388e-06,1.8409325233934395e-05,368.1865046786879,performance,False,,,,,,,0.07156586196506254,1.0524391465450373,46.69138954248366,0.07156586196506254
lightning_a100_mixed_families,2026-05-11T10:21:32.051740+00:00,classification,cls_001,0,ollama_local,mistral-small3.2:24b,Mistral Small 3.2 24B,mistral-small3.2,24B,gpu,A100 40GB / Ollama GPU,53,2,55,0.3036245779999262,0.0023313749999262,0.069521312,0.231771891,5.079999937152024e-06,0.020967268,0.210804623,0.3036296579998634,0.3136138620002384,1.5900222803412087,22.301553344855627,23.891575625196836,4.225,83.0825,141.09,1,cpu:tdp_estimate;gpu:nvml,0.0,1.194578781259842e-06,0.0,1.194578781259842e-06,2.17196142047244e-05,434.39228409448793,bug,True,,,,,,,7.658486348279782,139.2452063323597,46.69138954248366,7.658486348279782
lightning_a100_mixed_families,2026-05-11T10:21:32.359102+00:00,classification,cls_002,0,ollama_local,mistral-small3.2:24b,Mistral Small 3.2 24B,mistral-small3.2,24B,gpu,A100 40GB / Ollama GPU,53,3,56,0.2949351000002025,0.0022919660002024,0.035701655,0.256941479,6.469999789260328e-06,0.034319889,0.22262159,0.2949415699999917,0.3049395640000512,1.4149195769602376,18.492427837070903,19.90734741403114,3.8666666666666663,96.393,141.09,1,cpu:tdp_estimate;gpu:nvml,0.0,9.95367370701557e-07,0.0,9.95367370701557e-07,1.7774417333956377e-05,355.48834667912746,how-to,True,,,,,,,4.254375867429385,75.97099763266759,46.69138954248366,4.254375867429385
lightning_a100_mixed_families,2026-05-11T10:21:32.659650+00:00,classification,cls_003,0,ollama_local,mistral-small3.2:24b,Mistral Small 3.2 24B,mistral-small3.2,24B,gpu,A100 40GB / Ollama GPU,49,3,52,0.2873138899999503,0.0027026219999503,0.0318496,0.252761668,5.520000286196591e-06,0.0344483,0.218313368,0.2873194100002365,0.2972474040002453,1.712145047041413,22.896027417484422,24.60817246452584,4.8,121.68266666666666,205.524,1,cpu:tdp_estimate;gpu:nvml,0.0,1.230408623226292e-06,0.0,1.230408623226292e-06,2.3661704292813305e-05,473.2340858562661,concept,True,,,,,,,9.017133086816953,173.40640551571062,46.69138954248366,9.017133086816953
lightning_a100_mixed_families,2026-05-11T10:21:32.951451+00:00,classification,cls_004,0,ollama_local,mistral-small3.2:24b,Mistral Small 3.2 24B,mistral-small3.2,24B,gpu,A100 40GB / Ollama GPU,58,2,60,0.2794066070000554,0.0023928170000553,0.039190793,0.2378229969999999,4.66900019091554e-06,0.018184444,0.219638553,0.2794112760002463,0.2891633260001072,1.6655807577606174,22.413254351251375,24.07883510901199,4.8,119.616,201.698,1,cpu:tdp_estimate;gpu:nvml,0.0,1.2039417554505997e-06,0.0,1.2039417554505997e-06,2.0065695924176662e-05,401.3139184835332,performance,True,,,,,,,8.911816855580176,148.53028092633627,46.69138954248366,8.911816855580176
lightning_a100_mixed_families,2026-05-11T10:21:33.238493+00:00,classification,cls_005,0,ollama_local,mistral-small3.2:24b,Mistral Small 3.2 24B,mistral-small3.2,24B,gpu,A100 40GB / Ollama GPU,55,2,57,0.2749420299996927,0.0024765789996927,0.035939429,0.236526022,6.469999789260328e-06,0.01798179,0.218544232,0.274948499999482,0.2846903899999233,1.5601033371995798,22.009965572998095,23.570068910197673,4.566666666666666,118.787,205.312,1,cpu:tdp_estimate;gpu:nvml,0.0,1.1785034455098837e-06,0.0,1.1785034455098837e-06,2.0675499044033044e-05,413.5099808806609,security,True,,,,,,,8.71737567451008,152.93641534228212,46.69138954248366,8.71737567451008
lightning_a100_mixed_families,2026-05-11T10:21:33.530457+00:00,classification,cls_006,0,ollama_local,mistral-small3.2:24b,Mistral Small 3.2 24B,mistral-small3.2,24B,gpu,A100 40GB / Ollama GPU,54,2,56,0.2796276210001451,0.0022388330001451,0.035963529,0.241425259,5.359999704523943e-06,0.018151383,0.223273876,0.2796329809998497,0.2896274649997394,1.563988310998593,22.175556213023317,23.73954452402191,4.5,121.09366666666666,215.79,1,cpu:tdp_estimate;gpu:nvml,0.0,1.1869772262010954e-06,0.0,1.1869772262010954e-06,2.119602189644813e-05,423.92043792896266,bug,True,,,,,,,8.652447422518431,154.50798968782914,46.69138954248366,8.652447422518431
lightning_a100_mixed_families,2026-05-11T10:21:33.831825+00:00,classification,cls_007,0,ollama_local,mistral-small3.2:24b,Mistral Small 3.2 24B,mistral-small3.2,24B,gpu,A100 40GB / Ollama GPU,49,3,52,0.2891349460001038,0.0025912620001037,0.031632465,0.254911219,5.9599997257464565e-06,0.034294127,0.220617092,0.2891409059998295,0.2991008499998315,1.4237200459991983,22.82636353232807,24.25008357832727,3.966666666666667,125.69333333333331,231.085,1,cpu:tdp_estimate;gpu:nvml,0.0,1.2125041789163634e-06,0.0,1.2125041789163634e-06,2.3317388056083913e-05,466.34776112167833,concept,True,,,,,,,8.860929232497963,170.40248524034544,46.69138954248366,8.860929232497963
lightning_a100_mixed_families,2026-05-11T10:21:34.127996+00:00,classification,cls_008,0,ollama_local,mistral-small3.2:24b,Mistral Small 3.2 24B,mistral-small3.2,24B,gpu,A100 40GB / Ollama GPU,53,3,56,0.2840289769997071,0.0023225459997071,0.035685794,0.246020637,5.769999916083179e-06,0.034205576,0.2118150609999999,0.2840347469996231,0.2939252789997226,1.4461123726786358,26.12331450823412,27.56942688091276,4.1000000000000005,147.183,295.359,1,cpu:tdp_estimate;gpu:nvml,0.0,1.3784713440456378e-06,0.0,1.3784713440456378e-06,2.461555971510067e-05,492.3111943020135,how-to,True,,,,,,,12.39953481007488,221.42026446562286,46.69138954248366,12.39953481007488
lightning_a100_mixed_families,2026-05-11T10:21:34.418614+00:00,classification,cls_001,1,ollama_local,mistral-small3.2:24b,Mistral Small 3.2 24B,mistral-small3.2,24B,gpu,A100 40GB / Ollama GPU,53,2,55,0.2785161500000868,0.0023444060000867,0.038776965,0.237394779,5.990000317979138e-06,0.019109624,0.218285155,0.2785221400004047,0.2883765520000452,1.5456983187202422,26.577958877863814,28.123657196584055,4.466666666666667,149.83666666666667,311.514,1,cpu:tdp_estimate;gpu:nvml,0.0,1.4061828598292026e-06,0.0,1.4061828598292026e-06,2.5566961087803684e-05,511.3392217560737,bug,True,,,,,,,13.113256953511408,238.4228537002074,46.69138954248366,13.113256953511408
lightning_a100_mixed_families,2026-05-11T10:21:34.733193+00:00,classification,cls_002,1,ollama_local,mistral-small3.2:24b,Mistral Small 3.2 24B,mistral-small3.2,24B,gpu,A100 40GB / Ollama GPU,53,3,56,0.3020401879998644,0.0026425019998644,0.039387547,0.260010139,6.470000244007679e-06,0.038073411,0.2219367279999999,0.3020466580001084,0.3121695039999395,1.723175662079666,36.32864753733871,38.05182319941838,4.6,105.85375,234.669,1,cpu:tdp_estimate;gpu:nvml,0.0,1.902591159970919e-06,0.0,1.902591159970919e-06,3.3974842142337836e-05,679.4968428467569,how-to,True,,,,,,,21.753019622793623,388.44677897845753,46.69138954248366,21.753019622793623
lightning_a100_mixed_families,2026-05-11T10:21:35.040867+00:00,classification,cls_003,1,ollama_local,mistral-small3.2:24b,Mistral Small 3.2 24B,mistral-small3.2,24B,gpu,A100 40GB / Ollama GPU,49,3,52,0.2939705909998338,0.0022452939998338,0.036782006,0.254943291,5.541000064113177e-06,0.038413117,0.216530174,0.2939761319998979,0.3038841719999254,1.7746835644795649,20.355440938442285,22.13012450292185,4.866666666666666,113.97866666666664,223.808,1,cpu:tdp_estimate;gpu:nvml,0.0,1.1065062251460924e-06,0.0,1.1065062251460924e-06,2.1278965868194085e-05,425.5793173638817,concept,True,,,,,,,6.166666687798662,118.5897439961281,46.69138954248366,6.166666687798662
lightning_a100_mixed_families,2026-05-11T10:21:35.334215+00:00,classification,cls_004,1,ollama_local,mistral-small3.2:24b,Mistral Small 3.2 24B,mistral-small3.2,24B,gpu,A100 40GB / Ollama GPU,58,2,60,0.2815251789998001,0.0024117079998001,0.041951197,0.237162274,5.359999704523943e-06,0.018823437,0.218338837,0.2815305389995046,0.2913867289998961,1.4802445833194724,20.351435977935733,21.831680561255205,4.233333333333333,112.675,210.218,1,cpu:tdp_estimate;gpu:nvml,0.0,1.0915840280627602e-06,0.0,1.0915840280627602e-06,1.8193067134379334e-05,363.8613426875867,performance,True,,,,,,,6.746184706691464,112.43641177819107,46.69138954248366,6.746184706691464
lightning_a100_mixed_families,2026-05-11T10:21:35.624216+00:00,classification,cls_005,1,ollama_local,mistral-small3.2:24b,Mistral Small 3.2 24B,mistral-small3.2,24B,gpu,A100 40GB / Ollama GPU,55,2,57,0.2778394069996466,0.0022210839996466,0.038067211,0.237551112,6.270000085351057e-06,0.018695585,0.218855527,0.2778456769997319,0.2876057470002706,1.599087953321505,21.63110444908162,23.230192402403123,4.633333333333334,120.52366666666666,231.962,1,cpu:tdp_estimate;gpu:nvml,0.0,1.1615096201201565e-06,0.0,1.1615096201201565e-06,2.037736175649397e-05,407.5472351298793,security,True,,,,,,,8.202392481234982,143.9016224778067,46.69138954248366,8.202392481234982
lightning_a100_mixed_families,2026-05-11T10:21:35.913628+00:00,classification,cls_006,1,ollama_local,mistral-small3.2:24b,Mistral Small 3.2 24B,mistral-small3.2,24B,gpu,A100 40GB / Ollama GPU,54,2,56,0.2764215989996046,0.0025094989996046,0.038344806,0.2355672939999999,6.10999995842576e-06,0.019118002,0.216449292,0.276427708999563,0.2869544840000344,1.6528578278401984,32.12875286514411,33.78161069298431,4.8,127.56966666666666,253.705,1,cpu:tdp_estimate;gpu:nvml,0.0,1.6890805346492154e-06,0.0,1.6890805346492154e-06,3.0162152404450276e-05,603.2430480890056,bug,True,,,,,,,18.730449271736106,334.47230842385903,46.69138954248366,18.730449271736106
lightning_a100_mixed_families,2026-05-11T10:21:36.217144+00:00,classification,cls_007,1,ollama_local,mistral-small3.2:24b,Mistral Small 3.2 24B,mistral-small3.2,24B,gpu,A100 40GB / Ollama GPU,49,3,52,0.2913910889997169,0.0023228929997168,0.033860258,0.255207938,5.2399996093299706e-06,0.035931779,0.219276159,0.2913963289993262,0.3012317819998316,1.5784545376791173,32.56623007565251,34.14468461333163,4.366666666666666,129.026,258.074,1,cpu:tdp_estimate;gpu:nvml,0.0,1.7072342306665813e-06,0.0,1.7072342306665813e-06,3.283142751281887e-05,656.6285502563775,concept,True,,,,,,,18.501299599721857,355.79422307157415,46.69138954248366,18.501299599721857
lightning_a100_mixed_families,2026-05-11T10:21:36.514981+00:00,classification,cls_008,1,ollama_local,mistral-small3.2:24b,Mistral Small 3.2 24B,mistral-small3.2,24B,gpu,A100 40GB / Ollama GPU,53,3,56,0.2863986329998624,0.0022380829998624,0.037205204,0.246955346,4.851000085182022e-06,0.035080854,0.211874492,0.2864034839999476,0.2961029120001512,1.3265410457606774,33.88811662622369,35.21465767198437,3.733333333333333,133.81733333333332,269.823,1,cpu:tdp_estimate;gpu:nvml,0.0,1.7607328835992183e-06,0.0,1.7607328835992183e-06,3.1441658635700334e-05,628.8331727140067,how-to,True,,,,,,,20.06266021736087,358.26178959572985,46.69138954248366,20.06266021736087
lightning_a100_mixed_families,2026-05-11T10:21:37.817573+00:00,rag_rank,rag_001,0,ollama_local,nomic-embed-text:latest,Nomic Embed Text,nomic-embed-text,137M,gpu,A100 40GB / Ollama GPU,15,0,15,0.0987660830001004,0.0015500900001004,0.0,0.097215993,0.000355657,0.0,0.0,0.0991217400001005,0.109411689999888,0.4463996951995432,7.1345,7.580899695199543,3.4,71.345,71.345,1,cpu:tdp_estimate;gpu:nvml,0.0,3.7904498475997714e-07,0.0,3.7904498475997714e-07,2.5269665650665144e-05,505.3933130133028,,,How should I explain CPU and GPU energy measurement on the poster?,doc_energy,doc_energy|doc_cpu_gpu|doc_summarization,True,,,2.0259161617137655,135.06107744758435,46.69138954248366,2.0259161617137655
lightning_a100_mixed_families,2026-05-11T10:21:37.890411+00:00,rag_rank,rag_002,0,ollama_local,nomic-embed-text:latest,Nomic Embed Text,nomic-embed-text,137M,gpu,A100 40GB / Ollama GPU,15,0,15,0.0614532449999387,0.0013294849999387,0.0,0.06012376,0.0003174469998157,0.0,0.0,0.0617706919997544,0.0713942289999067,5.500211402152818,7.309900000000001,12.81011140215282,64.2,73.099,73.099,1,cpu:tdp_estimate;gpu:nvml,0.0,6.40505570107641e-07,0.0,6.40505570107641e-07,4.270037134050939e-05,854.0074268101879,,,Why can batching make embedding jobs cheaper or faster?,doc_batching,doc_batching|doc_rag|doc_classification,True,,,3.976404242680073,265.09361617867154,46.69138954248366,3.976404242680073
lightning_a100_mixed_families,2026-05-11T10:21:38.011580+00:00,rag_rank,rag_003,0,ollama_local,nomic-embed-text:latest,Nomic Embed Text,nomic-embed-text,137M,gpu,A100 40GB / Ollama GPU,17,0,17,0.1091524040002696,0.0014519680002696,0.0,0.107700436,0.0003758570001082,0.0,0.0,0.1095282610003778,0.1189894250001089,9.84518502450901,7.309694912554544,17.154879937063555,68.95,72.0555,72.494,1,cpu:tdp_estimate;gpu:nvml,0.0,8.577439968531777e-07,0.0,8.577439968531777e-07,5.045552922665752e-05,1009.1105845331502,,,Which latency buckets should a Python developer inspect for an LLM call?,doc_latency,doc_latency|doc_classification|doc_batching,True,,,1.7539133184383155,103.17137167284208,46.69138954248366,1.7539133184383155
lightning_a100_mixed_families,2026-05-11T10:21:38.064526+00:00,rag_rank,rag_004,0,ollama_local,nomic-embed-text:latest,Nomic Embed Text,nomic-embed-text,137M,gpu,A100 40GB / Ollama GPU,14,0,14,0.040241373000299,0.001442198000299,0.0,0.038799175,0.0003463060002104,0.0,0.0,0.0405876790005095,0.0503433799999584,1.3653124655988722,7.161700000000001,8.527012465598872,22.6,71.617,71.617,1,cpu:tdp_estimate;gpu:nvml,0.0,4.2635062327994363e-07,0.0,4.2635062327994363e-07,3.0453615948567404e-05,609.0723189713481,,,"For a short classification task, what usually dominates the request?",doc_classification,doc_classification|doc_summarization|doc_latency,True,,,4.8110976335366615,343.6498309669044,46.69138954248366,4.8110976335366615
lightning_a100_mixed_families,2026-05-11T10:21:38.110851+00:00,rag_rank,rag_001,1,ollama_local,nomic-embed-text:latest,Nomic Embed Text,nomic-embed-text,137M,gpu,A100 40GB / Ollama GPU,15,0,15,0.0353148869999131,0.0013432649999131,0.0,0.033971622,0.0002954960000352,0.0,0.0,0.0356103829999483,0.0450279259998751,1.7993159229550109,7.1896,8.98891592295501,33.3,71.896,71.896,1,cpu:tdp_estimate;gpu:nvml,0.0,4.494457961477505e-07,0.0,4.494457961477505e-07,2.9963053076516697e-05,599.2610615303341,,,How should I explain CPU and GPU energy measurement on the poster?,doc_energy,doc_energy|doc_cpu_gpu|doc_summarization,True,,,5.087183566849704,339.1455711233136,46.69138954248366,5.087183566849704
lightning_a100_mixed_families,2026-05-11T10:21:38.145218+00:00,rag_rank,rag_002,1,ollama_local,nomic-embed-text:latest,Nomic Embed Text,nomic-embed-text,137M,gpu,A100 40GB / Ollama GPU,15,0,15,0.02224027200009,0.00130148400009,0.0,0.020938788,0.000281834999896,0.0,0.0,0.0225221069999861,0.0317221579998658,1.2409708209547534,7.1896,8.430570820954754,32.6,71.896,71.896,1,cpu:tdp_estimate;gpu:nvml,0.0,4.215285410477377e-07,0.0,4.215285410477377e-07,2.8101902736515844e-05,562.038054730317,,,Why can batching make embedding jobs cheaper or faster?,doc_batching,doc_batching|doc_rag|doc_classification,True,,,5.708448363700052,380.5632242466702,46.69138954248366,5.708448363700052
lightning_a100_mixed_families,2026-05-11T10:21:38.179471+00:00,rag_rank,rag_003,1,ollama_local,nomic-embed-text:latest,Nomic Embed Text,nomic-embed-text,137M,gpu,A100 40GB / Ollama GPU,17,0,17,0.0233650939999279,0.0013028849999279,0.0,0.022062209,0.0003184160000273,0.0,0.0,0.0236835099999552,0.0329053610003029,0.2645591024424357,7.1896,7.4541591024424365,6.7,71.896,71.896,1,cpu:tdp_estimate;gpu:nvml,0.0,3.727079551221218e-07,0.0,3.727079551221218e-07,2.1923997360124813e-05,438.4799472024963,,,Which latency buckets should a Python developer inspect for an LLM call?,doc_latency,doc_latency|doc_classification|doc_batching,True,,,5.653202971498808,332.54135126463575,46.69138954248366,5.653202971498808
lightning_a100_mixed_families,2026-05-11T10:21:38.226290+00:00,rag_rank,rag_004,1,ollama_local,nomic-embed-text:latest,Nomic Embed Text,nomic-embed-text,137M,gpu,A100 40GB / Ollama GPU,14,0,14,0.0349964019997059,0.0013101569997059,0.0,0.033686245,0.0003018759998667,0.0,0.0,0.0352982779995727,0.0453234110000266,0.3154509405601857,7.1896,7.505050940560186,5.8,71.896,71.896,1,cpu:tdp_estimate;gpu:nvml,0.0,3.752525470280093e-07,0.0,3.752525470280093e-07,2.680375335914352e-05,536.0750671828705,,,"For a short classification task, what usually dominates the request?",doc_classification,doc_classification|doc_summarization|doc_latency,True,,,5.07338696160367,362.3847829716907,46.69138954248366,5.07338696160367
lightning_a100_mixed_families,2026-05-11T10:21:39.437827+00:00,rag_rank,rag_001,0,ollama_local,mxbai-embed-large:latest,mxbai Embed Large,mxbai-embed-large,335M,gpu,A100 40GB / Ollama GPU,16,0,16,0.0333893889996943,0.0014536269996943,0.0,0.031935762,0.0004126180001549,0.0,0.0,0.0338020069998492,0.044384304000232,0.282284173441476,6.779900000000001,7.062184173441477,5.3,67.799,67.799,1,cpu:tdp_estimate;gpu:nvml,0.0,3.5310920867207385e-07,0.0,3.5310920867207385e-07,2.2069325542004617e-05,441.38651084009234,,,How should I explain CPU and GPU energy measurement on the poster?,doc_energy,doc_cpu_gpu|doc_energy|doc_cost,True,,,4.707535172353153,294.22094827207206,46.69138954248366,4.707535172353153
lightning_a100_mixed_families,2026-05-11T10:21:39.476614+00:00,rag_rank,rag_002,0,ollama_local,mxbai-embed-large:latest,mxbai Embed Large,mxbai-embed-large,335M,gpu,A100 40GB / Ollama GPU,15,0,15,0.0273235810000187,0.0013168850000187,0.0,0.026006696,0.0003798070001721,0.0,0.0,0.0277033880001909,0.0373168660003102,0.2283792199218987,5.872800000000001,6.1011792199218995,5.1,58.728,58.728,1,cpu:tdp_estimate;gpu:nvml,0.0,3.0505896099609496e-07,0.0,3.0505896099609496e-07,2.033726406640633e-05,406.7452813281266,,,Why can batching make embedding jobs cheaper or faster?,doc_batching,doc_batching|doc_classification|doc_rag,True,,,4.130423673074853,275.36157820499017,46.69138954248366,4.130423673074853
lightning_a100_mixed_families,2026-05-11T10:21:39.516396+00:00,rag_rank,rag_003,0,ollama_local,mxbai-embed-large:latest,mxbai Embed Large,mxbai-embed-large,335M,gpu,A100 40GB / Ollama GPU,18,0,18,0.02835461199993,0.00132675599993,0.0,0.027027856,0.0003548869999576,0.0,0.0,0.0287094989998877,0.0381857829997898,0.2382792859186884,5.872800000000001,6.111079285918689,5.2,58.728,58.728,1,cpu:tdp_estimate;gpu:nvml,0.0,3.055539642959344e-07,0.0,3.055539642959344e-07,1.6975220238663023e-05,339.5044047732605,,,Which latency buckets should a Python developer inspect for an LLM call?,doc_latency,doc_latency|doc_classification|doc_batching,True,,,4.089852730972065,227.21404060955916,46.69138954248366,4.089852730972065
lightning_a100_mixed_families,2026-05-11T10:21:39.564035+00:00,rag_rank,rag_004,0,ollama_local,mxbai-embed-large:latest,mxbai Embed Large,mxbai-embed-large,335M,gpu,A100 40GB / Ollama GPU,14,0,14,0.0362920160000612,0.0013220460000612,0.0,0.03496997,0.0003523170003063,0.0,0.0,0.0366443330003676,0.0461392570000498,0.3709596262804007,5.872800000000001,6.243759626280402,6.7,58.728,58.728,1,cpu:tdp_estimate;gpu:nvml,0.0,3.121879813140201e-07,0.0,3.121879813140201e-07,2.2299141522430007e-05,445.9828304486001,,,"For a short classification task, what usually dominates the request?",doc_classification,doc_classification|doc_rag|doc_summarization,True,,,3.718493978209909,265.6067127292792,46.69138954248366,3.718493978209909
lightning_a100_mixed_families,2026-05-11T10:21:39.608271+00:00,rag_rank,rag_001,1,ollama_local,mxbai-embed-large:latest,mxbai Embed Large,mxbai-embed-large,335M,gpu,A100 40GB / Ollama GPU,16,0,16,0.0328155090001018,0.0012958860001018,0.0,0.031519623,0.0003451070001574,0.0,0.0,0.0331606160002593,0.0427247809998334,1.097172376075723,5.545300000000001,6.642472376075724,21.4,55.453,55.453,1,cpu:tdp_estimate;gpu:nvml,0.0,3.321236188037863e-07,0.0,3.321236188037863e-07,2.075772617523664e-05,415.1545235047328,,,How should I explain CPU and GPU energy measurement on the poster?,doc_energy,doc_cpu_gpu|doc_energy|doc_cost,True,,,3.550420607219475,221.9012879512172,46.69138954248366,3.550420607219475
lightning_a100_mixed_families,2026-05-11T10:21:39.652077+00:00,rag_rank,rag_002,1,ollama_local,mxbai-embed-large:latest,mxbai Embed Large,mxbai-embed-large,335M,gpu,A100 40GB / Ollama GPU,15,0,15,0.032514323000214,0.001326425000214,0.0,0.031187898,0.0003488769998511,0.0,0.0,0.0328632000000652,0.042253902000084,0.9887413068019668,5.545300000000001,6.534041306801968,19.5,55.453,55.453,1,cpu:tdp_estimate;gpu:nvml,0.0,3.267020653400984e-07,0.0,3.267020653400984e-07,2.1780137689339895e-05,435.60275378679785,,,Why can batching make embedding jobs cheaper or faster?,doc_batching,doc_batching|doc_classification|doc_rag,True,,,3.5724066020241496,238.16044013494331,46.69138954248366,3.5724066020241496
lightning_a100_mixed_families,2026-05-11T10:21:39.698436+00:00,rag_rank,rag_003,1,ollama_local,mxbai-embed-large:latest,mxbai Embed Large,mxbai-embed-large,335M,gpu,A100 40GB / Ollama GPU,18,0,18,0.0350047810002251,0.0012659250002251,0.0,0.033738856,0.0003745369999705,0.0,0.0,0.0353793180001957,0.0448994230000607,0.9806033983213274,5.545300000000001,6.525903398321328,18.2,55.453,55.453,1,cpu:tdp_estimate;gpu:nvml,0.0,3.262951699160664e-07,0.0,3.262951699160664e-07,1.8127509439781465e-05,362.5501887956293,,,Which latency buckets should a Python developer inspect for an LLM call?,doc_latency,doc_latency|doc_classification|doc_batching,True,,,3.4488835504714164,191.60464169285646,46.69138954248366,3.4488835504714164
lightning_a100_mixed_families,2026-05-11T10:21:39.749233+00:00,rag_rank,rag_004,1,ollama_local,mxbai-embed-large:latest,mxbai Embed Large,mxbai-embed-large,335M,gpu,A100 40GB / Ollama GPU,14,0,14,0.0380637100001877,0.0014853590001877,0.0,0.036578351,0.0003931369997189,0.0,0.0,0.0384568469999067,0.0479538530003083,1.2429638697679912,5.545300000000001,6.7882638697679925,21.6,55.453,55.453,1,cpu:tdp_estimate;gpu:nvml,0.0,3.394131934883996e-07,0.0,3.394131934883996e-07,2.4243799534885687e-05,484.87599069771375,,,"For a short classification task, what usually dominates the request?",doc_classification,doc_classification|doc_rag|doc_summarization,True,,,3.3062679694996073,236.16199782140052,46.69138954248366,3.3062679694996073
lightning_a100_mixed_families,2026-05-11T10:21:42.946910+00:00,rag_rank,rag_001,0,ollama_local,bge-m3:latest,BGE-M3,bge-m3,567M,gpu,A100 40GB / Ollama GPU,16,0,16,0.1958571809996101,0.0016331019996101,0.0,0.194224079,0.0004264680001142,0.0,0.0,0.1962836489997244,0.2069944760000908,1.2419668560005448,5.764858536879706,7.006825392880251,5.0,56.680499999999995,57.525,1,cpu:tdp_estimate;gpu:nvml,0.0,3.503412696440126e-07,0.0,3.503412696440126e-07,2.1896329352750783e-05,437.9265870550157,,,How should I explain CPU and GPU energy measurement on the poster?,doc_energy,doc_energy|doc_cpu_gpu|doc_cost,True,,,0.0,0.0,46.69138954248366,0.0
lightning_a100_mixed_families,2026-05-11T10:21:43.133593+00:00,rag_rank,rag_002,0,ollama_local,bge-m3:latest,BGE-M3,bge-m3,567M,gpu,A100 40GB / Ollama GPU,17,0,17,0.1743166709998149,0.0015439389998149,0.0,0.172772732,0.0004235280002831,0.0,0.0,0.174740199000098,0.1845109710002361,3.6422465675446616,5.61414607971591,9.256392647260572,16.45,55.37,56.108,1,cpu:tdp_estimate;gpu:nvml,0.0,4.628196323630286e-07,0.0,4.628196323630286e-07,2.722468425664874e-05,544.4936851329747,,,Why can batching make embedding jobs cheaper or faster?,doc_batching,doc_batching|doc_classification|doc_cpu_gpu,True,,,0.0,0.0,46.69138954248366,0.0
lightning_a100_mixed_families,2026-05-11T10:21:43.315489+00:00,rag_rank,rag_003,0,ollama_local,bge-m3:latest,BGE-M3,bge-m3,567M,gpu,A100 40GB / Ollama GPU,19,0,19,0.1689325770003051,0.0015488290003051,0.0,0.167383748,0.0004008880000583,0.0,0.0,0.1693334650003635,0.1793138999996699,2.5498436579953068,5.622532362360904,8.17237602035621,11.85,55.342,56.108,1,cpu:tdp_estimate;gpu:nvml,0.0,4.086188010178105e-07,0.0,4.086188010178105e-07,2.150625268514792e-05,430.1250537029584,,,Which latency buckets should a Python developer inspect for an LLM call?,doc_latency,doc_latency|doc_classification|doc_cpu_gpu,True,,,0.0,0.0,46.69138954248366,0.0
lightning_a100_mixed_families,2026-05-11T10:21:43.511668+00:00,rag_rank,rag_004,0,ollama_local,bge-m3:latest,BGE-M3,bge-m3,567M,gpu,A100 40GB / Ollama GPU,16,0,16,0.1838237959996149,0.0015453589996149,0.0,0.182278437,0.0004434099996615,0.0,0.0,0.1842672059992764,0.1939788149998094,2.6419914602974037,5.569170736886122,8.211162197183526,11.35,54.875,55.174,1,cpu:tdp_estimate;gpu:nvml,0.0,4.105581098591763e-07,0.0,4.105581098591763e-07,2.5659881866198517e-05,513.1976373239704,,,"For a short classification task, what usually dominates the request?",doc_classification,doc_classification|doc_summarization|doc_rag,True,,,0.0,0.0,46.69138954248366,0.0
lightning_a100_mixed_families,2026-05-11T10:21:43.688577+00:00,rag_rank,rag_001,1,ollama_local,bge-m3:latest,BGE-M3,bge-m3,567M,gpu,A100 40GB / Ollama GPU,16,0,16,0.1647578449997127,0.0015475489997126,0.0,0.163210296,0.000376227000288,0.0,0.0,0.1651340720000007,0.1753171410000504,2.4509336311807055,5.545756994830612,7.996690626011317,11.65,54.576,54.576,1,cpu:tdp_estimate;gpu:nvml,0.0,3.998345313005658e-07,0.0,3.998345313005658e-07,2.498965820628536e-05,499.7931641257073,,,How should I explain CPU and GPU energy measurement on the poster?,doc_energy,doc_energy|doc_cpu_gpu|doc_cost,True,,,0.0,0.0,46.69138954248366,0.0
lightning_a100_mixed_families,2026-05-11T10:21:43.873064+00:00,rag_rank,rag_002,1,ollama_local,bge-m3:latest,BGE-M3,bge-m3,567M,gpu,A100 40GB / Ollama GPU,17,0,17,0.1723672349999105,0.0014673289999105,0.0,0.170899906,0.0004314380003052,0.0,0.0,0.1727986730002157,0.1823293970001032,2.362988985121338,5.529173149453374,7.892162134574712,10.8,54.576,54.576,1,cpu:tdp_estimate;gpu:nvml,0.0,3.9460810672873555e-07,0.0,3.9460810672873555e-07,2.321224157227856e-05,464.2448314455713,,,Why can batching make embedding jobs cheaper or faster?,doc_batching,doc_batching|doc_classification|doc_cpu_gpu,True,,,0.0,0.0,46.69138954248366,0.0
lightning_a100_mixed_families,2026-05-11T10:21:44.047100+00:00,rag_rank,rag_003,1,ollama_local,bge-m3:latest,BGE-M3,bge-m3,567M,gpu,A100 40GB / Ollama GPU,19,0,19,0.161298569000337,0.001647043000337,0.0,0.159651526,0.0004391190000205,0.0,0.0,0.1617376880003576,0.1717069309997896,1.524757547278132,5.90565911389648,7.430416661174612,7.4,58.262,61.948,1,cpu:tdp_estimate;gpu:nvml,0.0,3.715208330587306e-07,0.0,3.715208330587306e-07,1.955372805572266e-05,391.0745611144533,,,Which latency buckets should a Python developer inspect for an LLM call?,doc_latency,doc_latency|doc_classification|doc_cpu_gpu,True,,,0.0,0.0,46.69138954248366,0.0
lightning_a100_mixed_families,2026-05-11T10:21:44.222942+00:00,rag_rank,rag_004,1,ollama_local,bge-m3:latest,BGE-M3,bge-m3,567M,gpu,A100 40GB / Ollama GPU,16,0,16,0.1633308179998494,0.0015789909998494,0.0,0.161751827,0.0004249779999554,0.0,0.0,0.1637557959998048,0.1737146509999547,1.5738547380595904,5.586180362113362,7.160035100172952,7.550000000000001,55.0145,55.453,1,cpu:tdp_estimate;gpu:nvml,0.0,3.580017550086476e-07,0.0,3.580017550086476e-07,2.2375109688040475e-05,447.5021937608095,,,"For a short classification task, what usually dominates the request?",doc_classification,doc_classification|doc_summarization|doc_rag,True,,,0.0,0.0,46.69138954248366,0.0
lightning_a100_mixed_families,2026-05-11T10:21:48.576549+00:00,batch_embeddings,batch_0,0,ollama_local,nomic-embed-text:latest,Nomic Embed Text,nomic-embed-text,137M,gpu,A100 40GB / Ollama GPU,203,0,203,4.340635500999724,0.0021358109997242,0.0,4.33849969,8.209999577957205e-07,0.0,0.0,4.340636321999682,4.350919911999881,8.947073491767028,264.7556679002808,273.7027413920478,1.7136363636363638,61.223727272727274,70.748,1,cpu:tdp_estimate;gpu:nvml,0.0,1.368513706960239e-05,0.0,1.368513706960239e-05,6.741446832316448e-05,1348.2893664632898,,,,,,,4.0,768.0,61.605171420945624,303.47375084209665,46.69138954248366,61.605171420945624
lightning_a100_mixed_families,2026-05-11T10:21:48.624380+00:00,batch_embeddings,batch_1,0,ollama_local,nomic-embed-text:latest,Nomic Embed Text,nomic-embed-text,137M,gpu,A100 40GB / Ollama GPU,179,0,179,0.0350648610001371,0.0018555850001371,0.0,0.033209276,6.000000212225132e-07,0.0,0.0,0.0350654610001583,0.0459415939999416,0.181928712239769,5.430400000000001,5.61232871223977,3.3,54.304,54.304,1,cpu:tdp_estimate;gpu:nvml,0.0,2.806164356119885e-07,0.0,2.806164356119885e-07,1.5676895844245166e-06,31.353791688490332,,,,,,,4.0,768.0,3.2853231383460972,18.353760549419537,46.69138954248366,3.2853231383460972
lightning_a100_mixed_families,2026-05-11T10:21:48.668582+00:00,batch_embeddings,batch_2,0,ollama_local,nomic-embed-text:latest,Nomic Embed Text,nomic-embed-text,137M,gpu,A100 40GB / Ollama GPU,323,0,323,0.0327146670001639,0.0016918120001639,0.0,0.031022855,7.900002856331412e-07,0.0,0.0,0.0327154570004495,0.0426849309997123,0.148543559878999,5.430400000000001,5.578943559879,2.9,54.304,54.304,1,cpu:tdp_estimate;gpu:nvml,0.0,2.7894717799395e-07,0.0,2.7894717799395e-07,8.636135541608359e-07,17.272271083216715,,,,,,,3.0,768.0,3.437381259098397,10.642047241790705,46.69138954248366,3.437381259098397
lightning_a100_mixed_families,2026-05-11T10:21:48.713782+00:00,batch_embeddings,batch_0,1,ollama_local,nomic-embed-text:latest,Nomic Embed Text,nomic-embed-text,137M,gpu,A100 40GB / Ollama GPU,203,0,203,0.0340265919999183,0.0017823539999183,0.0,0.032244238,6.200002644618507e-07,0.0,0.0,0.0340272120001827,0.0437678719999894,0.1628164838399607,5.605,5.767816483839961,3.1,56.05,56.05,1,cpu:tdp_estimate;gpu:nvml,0.0,2.8839082419199804e-07,0.0,2.8839082419199804e-07,1.4206444541477737e-06,28.412889082955473,,,,,,,4.0,768.0,3.561417239002932,17.54392728572873,46.69138954248366,3.561417239002932
lightning_a100_mixed_families,2026-05-11T10:21:48.760368+00:00,batch_embeddings,batch_1,1,ollama_local,nomic-embed-text:latest,Nomic Embed Text,nomic-embed-text,137M,gpu,A100 40GB / Ollama GPU,179,0,179,0.0337868970000272,0.0016850230000272,0.0,0.032101874,6.099999154685065e-07,0.0,0.0,0.0337875069999427,0.0436354490002486,0.157087616400895,5.605,5.762087616400896,3.0,56.05,56.05,1,cpu:tdp_estimate;gpu:nvml,0.0,2.881043808200448e-07,0.0,2.881043808200448e-07,1.6095216805589097e-06,32.190433611178186,,,,,,,4.0,768.0,3.5676002528682136,19.930727669654825,46.69138954248366,3.5676002528682136
lightning_a100_mixed_families,2026-05-11T10:21:48.802785+00:00,batch_embeddings,batch_2,1,ollama_local,nomic-embed-text:latest,Nomic Embed Text,nomic-embed-text,137M,gpu,A100 40GB / Ollama GPU,323,0,323,0.031373270000131,0.001441859000131,0.0,0.029931411,6.099999154685065e-07,0.0,0.0,0.0313738800000464,0.0410194280002542,0.1772039289610984,5.583600000000001,5.760803928961099,3.6,55.836,55.836,1,cpu:tdp_estimate;gpu:nvml,0.0,2.8804019644805497e-07,0.0,2.8804019644805497e-07,8.917653140806655e-07,17.83530628161331,,,,,,,3.0,768.0,3.66834590843027,11.35710807563551,46.69138954248366,3.66834590843027
lightning_a100_mixed_families,2026-05-11T10:21:50.226951+00:00,batch_embeddings,batch_0,0,ollama_local,mxbai-embed-large:latest,mxbai Embed Large,mxbai-embed-large,335M,gpu,A100 40GB / Ollama GPU,215,0,215,1.412239860000227,0.001639322000227,0.0,1.410600538,7.300000106624793e-07,0.0,0.0,1.4122405900002375,1.4219958690000567,10.670657000976425,78.51348526737195,89.18414226834837,6.253333333333333,55.789,65.243,1,cpu:tdp_estimate;gpu:nvml,0.0,4.459207113417418e-06,0.0,4.459207113417418e-06,2.074049820194148e-05,414.80996403882966,,,,,,,4.0,1024.0,12.118522220087726,56.365219628315,46.69138954248366,12.118522220087726
lightning_a100_mixed_families,2026-05-11T10:21:50.329202+00:00,batch_embeddings,batch_1,0,ollama_local,mxbai-embed-large:latest,mxbai Embed Large,mxbai-embed-large,335M,gpu,A100 40GB / Ollama GPU,181,0,181,0.0902588859999014,0.0017757549999013,0.0,0.088483131,7.700000423938036e-07,0.0,0.0,0.0902596559999437,0.100544095999794,0.4102199116791599,5.436,5.84621991167916,3.4,54.36,54.36,1,cpu:tdp_estimate;gpu:nvml,0.0,2.92310995583958e-07,0.0,2.92310995583958e-07,1.6149778761544645e-06,32.29955752308928,,,,,,,4.0,1024.0,0.7414564474767449,4.0964444611974855,46.69138954248366,0.7414564474767449
lightning_a100_mixed_families,2026-05-11T10:21:50.413849+00:00,batch_embeddings,batch_2,0,ollama_local,mxbai-embed-large:latest,mxbai Embed Large,mxbai-embed-large,335M,gpu,A100 40GB / Ollama GPU,329,0,329,0.0733199469996179,0.0015349999996179,0.0,0.071784947,6.299997039604932e-07,0.0,0.0,0.0733205769993219,0.0831128470003932,3.4608189490963746,6.6719,10.132718949096375,34.7,66.719,66.719,1,cpu:tdp_estimate;gpu:nvml,0.0,5.066359474548187e-07,0.0,5.066359474548187e-07,1.5399268919599351e-06,30.79853783919871,,,,,,,3.0,1024.0,2.791245684719796,8.484029436838284,46.69138954248366,2.791245684719796
lightning_a100_mixed_families,2026-05-11T10:21:50.509647+00:00,batch_embeddings,batch_0,1,ollama_local,mxbai-embed-large:latest,mxbai Embed Large,mxbai-embed-large,335M,gpu,A100 40GB / Ollama GPU,215,0,215,0.0841044260000671,0.0016466320000671,0.0,0.082457794,1.000000338535756e-06,0.0,0.0,0.0841054260004057,0.0941165609997369,3.3994901833104993,6.551500000000001,9.9509901833105,30.1,65.515,65.515,1,cpu:tdp_estimate;gpu:nvml,0.0,4.97549509165525e-07,0.0,4.97549509165525e-07,2.3141837635605815e-06,46.28367527121163,,,,,,,4.0,1024.0,2.1570669879623594,10.032869711452834,46.69138954248366,2.1570669879623594
lightning_a100_mixed_families,2026-05-11T10:21:50.655754+00:00,batch_embeddings,batch_1,1,ollama_local,mxbai-embed-large:latest,mxbai Embed Large,mxbai-embed-large,335M,gpu,A100 40GB / Ollama GPU,181,0,181,0.1341106889999537,0.0017411429999537,0.0,0.132369546,7.510002433264162e-07,0.0,0.0,0.134111440000197,0.1442517360001147,7.486665098405956,6.684188331183613,14.170853429589569,43.25,65.886,66.788,1,cpu:tdp_estimate;gpu:nvml,0.0,7.085426714794783e-07,0.0,7.085426714794783e-07,3.914600394914244e-06,78.29200789828492,,,,,,,4.0,1024.0,0.0,0.0,46.69138954248366,0.0
lightning_a100_mixed_families,2026-05-11T10:21:50.790016+00:00,batch_embeddings,batch_2,1,ollama_local,mxbai-embed-large:latest,mxbai Embed Large,mxbai-embed-large,335M,gpu,A100 40GB / Ollama GPU,329,0,329,0.122418811999978,0.001625071999978,0.0,0.12079374,6.899999789311551e-07,0.0,0.0,0.1224195019999569,0.1325373090003268,10.027772798964724,6.278755145741965,16.306527944706687,63.05,61.8525,64.917,1,cpu:tdp_estimate;gpu:nvml,0.0,8.153263972353342e-07,0.0,8.153263972353342e-07,2.4781957362776117e-06,49.563914725552245,,,,,,,3.0,1024.0,0.0904040222951803,0.2747842622953809,46.69138954248366,0.0904040222951803
lightning_a100_mixed_families,2026-05-11T10:21:50.987138+00:00,batch_embeddings,batch_0,0,ollama_local,bge-m3:latest,BGE-M3,bge-m3,567M,gpu,A100 40GB / Ollama GPU,241,0,241,0.1849381990000438,0.0018598760000438,0.0,0.183078323,7.100002221704926e-07,0.0,0.0,0.184938909000266,0.1949969349998355,2.187865610698154,6.294951460231497,8.48281707092965,9.35,62.1245,64.917,1,cpu:tdp_estimate;gpu:nvml,0.0,4.241408535464825e-07,0.0,4.241408535464825e-07,1.759920554134782e-06,35.19841108269565,,,,,,,4.0,1024.0,0.0,0.0,46.69138954248366,0.0
lightning_a100_mixed_families,2026-05-11T10:21:51.182770+00:00,batch_embeddings,batch_1,0,ollama_local,bge-m3:latest,BGE-M3,bge-m3,567M,gpu,A100 40GB / Ollama GPU,202,0,202,0.1834690900000168,0.0019716780000168,0.0,0.181497412,8.590000106778461e-07,0.0,0.0,0.1834699490000275,0.1937738009996792,0.8254763922586335,5.685588015906013,6.511064408164646,3.55,55.972,57.584,1,cpu:tdp_estimate;gpu:nvml,0.0,3.255532204082323e-07,0.0,3.255532204082323e-07,1.611649605981348e-06,32.232992119626964,,,,,,,4.0,1024.0,0.0,0.0,46.69138954248366,0.0
lightning_a100_mixed_families,2026-05-11T10:21:51.652213+00:00,batch_embeddings,batch_2,0,ollama_local,bge-m3:latest,BGE-M3,bge-m3,567M,gpu,A100 40GB / Ollama GPU,377,0,377,0.4570019140001022,0.0019751890001022,0.0,0.455026725,1.0499998097657226e-06,0.0,0.0,0.457002963999912,0.4672092910000174,2.0744092520400774,22.211303107070023,24.2857123591101,3.7,55.2346,56.714,1,cpu:tdp_estimate;gpu:nvml,0.0,1.214285617955505e-06,0.0,1.214285617955505e-06,3.2209167585026657e-06,64.41833517005331,,,,,,,3.0,1024.0,0.39665210312060495,1.0521275944843633,46.69138954248366,0.39665210312060495
lightning_a100_mixed_families,2026-05-11T10:21:51.852583+00:00,batch_embeddings,batch_0,1,ollama_local,bge-m3:latest,BGE-M3,bge-m3,567M,gpu,A100 40GB / Ollama GPU,241,0,241,0.1882237730001179,0.0021025720001179,0.0,0.186121201,7.000003279244993e-07,0.0,0.0,0.1882244730004458,0.198616375000256,1.0248604950013214,5.6292992331606655,6.654159728161987,4.3,55.429,56.714,1,cpu:tdp_estimate;gpu:nvml,0.0,3.3270798640809933e-07,0.0,3.3270798640809933e-07,1.380531063934022e-06,27.61062127868044,,,,,,,4.0,1024.0,0.0,0.0,46.69138954248366,0.0
lightning_a100_mixed_families,2026-05-11T10:21:52.053796+00:00,batch_embeddings,batch_1,1,ollama_local,bge-m3:latest,BGE-M3,bge-m3,567M,gpu,A100 40GB / Ollama GPU,202,0,202,0.1888348430002224,0.0020229470002224,0.0,0.186811896,8.699998943484388e-07,0.0,0.0,0.1888357130001168,0.1990957839998373,1.00344275135918,5.510616059800887,6.514058811160067,4.2,54.28,54.416,1,cpu:tdp_estimate;gpu:nvml,0.0,3.257029405580033e-07,0.0,3.257029405580033e-07,1.6123907948416006e-06,32.24781589683201,,,,,,,4.0,1024.0,0.0,0.0,46.69138954248366,0.0
lightning_a100_mixed_families,2026-05-11T10:21:52.245157+00:00,batch_embeddings,batch_2,1,ollama_local,bge-m3:latest,BGE-M3,bge-m3,567M,gpu,A100 40GB / Ollama GPU,377,0,377,0.1788377789998776,0.0019220369998776,0.0,0.176915742,7.300000106624793e-07,0.0,0.0,0.1788385089998883,0.1890991390000636,0.8282542288202784,5.525606309243312,6.35386053806359,3.65,54.2245,54.36,1,cpu:tdp_estimate;gpu:nvml,0.0,3.176930269031795e-07,0.0,3.176930269031795e-07,8.426870740137387e-07,16.853741480274778,,,,,,,3.0,1024.0,0.0,0.0,46.69138954248366,0.0
