run_id,timestamp_utc,workload,item_id,repeat,provider,model,model_label,model_family,model_size,hardware_profile,hardware_label,input_tokens,output_tokens,total_tokens,request_wall_s,network_s,tokenization_s,inference_s,postprocess_s,decode_s,backend_overhead_s,total_latency_s,elapsed_s,cpu_energy_j,gpu_energy_j,total_energy_j,cpu_util_avg_pct,gpu_power_avg_w,gpu_power_peak_w,gpu_count,energy_source,api_cost_usd,energy_cost_usd,hardware_cost_usd,total_cost_usd,cost_per_1k_tokens_usd,energy_j_per_1k_tokens,parsed_label,is_correct,query,expected_doc_id,retrieved_ids,retrieved_expected,batch_size,vector_dim,active_device_energy_j,active_device_energy_j_per_1k_tokens
lightning_a100_mixed_families,2026-05-11T10:13:05.417605+00:00,chat,chat_001,0,docker_model_runner_local,llama3.2:3b,Llama 3.2 3B,llama3.2,3B,cpu,CPU / num_gpu=0,67,96,163,5.72052342500001,0.0017683350000101,0.47420327,5.24455182,2.2399999579647556e-06,2.222143668,3.0224081519999997,5.720525664999968,5.730735232999905,177.1460745813423,262.3957403149166,439.5418148962589,25.759649122807016,46.631947368421045,46.653,1,cpu:tdp_estimate;gpu:nvml,0.0,2.1977090744812943e-05,0.0,2.1977090744812943e-05,0.0001348287775755,2696.575551510791,,,,,,,,,177.1460745813423,1086.7857336278669
lightning_a100_mixed_families,2026-05-11T10:13:08.130973+00:00,chat,chat_002,0,docker_model_runner_local,llama3.2:3b,Llama 3.2 3B,llama3.2,3B,cpu,CPU / num_gpu=0,60,96,156,2.700038829999812,0.002034029999812,0.178976373,2.5190284270000003,2.500000391592039e-06,2.226699308,0.2923291190000001,2.7000413300002037,2.710847699000169,152.91590664760065,122.01761674141989,274.93352338902054,47.007407407407406,46.65299999999999,46.653,1,cpu:tdp_estimate;gpu:nvml,0.0,1.3746676169451028e-05,0.0,1.3746676169451028e-05,8.811971903494248e-05,1762.3943806988495,,,,,,,,,152.91590664760065,980.230170817953
lightning_a100_mixed_families,2026-05-11T10:13:11.038741+00:00,chat,chat_003,0,docker_model_runner_local,llama3.2:3b,Llama 3.2 3B,llama3.2,3B,cpu,CPU / num_gpu=0,62,96,158,2.893120118999832,0.0020949409998318,0.188329385,2.702695793,1.6799999684735667e-06,2.410809992,0.2918858010000003,2.8931217989998004,2.9038583149999795,166.08467433074364,131.30378541488437,297.388459745628,47.66206896551724,46.64968965517241,46.653,1,cpu:tdp_estimate;gpu:nvml,0.0,1.48694229872814e-05,0.0,1.48694229872814e-05,9.411027207140126e-05,1882.205441428025,,,,,,,,,166.08467433074364,1051.1688248781243
lightning_a100_mixed_families,2026-05-11T10:13:13.709974+00:00,chat,chat_004,0,docker_model_runner_local,llama3.2:3b,Llama 3.2 3B,llama3.2,3B,cpu,CPU / num_gpu=0,58,96,154,2.6579384500000742,0.002036939000074,0.165365829,2.490535682,1.7009997463901527e-06,2.199886842,0.2906488399999998,2.6579401509998206,2.668629927999973,150.1311894605496,121.8972304121747,272.02841987272427,46.88148148148148,46.620999999999995,46.653,1,cpu:tdp_estimate;gpu:nvml,0.0,1.3601420993636212e-05,0.0,1.3601420993636212e-05,8.83209155430923e-05,1766.4183108618458,,,,,,,,,150.1311894605496,974.8778536399324
lightning_a100_mixed_families,2026-05-11T10:13:16.606160+00:00,chat,chat_005,0,docker_model_runner_local,llama3.2:3b,Llama 3.2 3B,llama3.2,3B,cpu,CPU / num_gpu=0,71,96,167,2.8828287080000337,0.0019820890000334,0.252405403,2.628441216,1.8099999579135329e-06,2.336817535,0.2916236810000003,2.8828305179999916,2.893711599999733,165.67197392108815,131.08921101513127,296.7611849362194,47.710344827586205,46.58513793103448,46.605,1,cpu:tdp_estimate;gpu:nvml,0.0,1.483805924681097e-05,0.0,1.483805924681097e-05,8.885065417252078e-05,1777.0130834504157,,,,,,,,,165.67197392108815,992.047748030468
lightning_a100_mixed_families,2026-05-11T10:13:19.277052+00:00,chat,chat_001,1,docker_model_runner_local,llama3.2:3b,Llama 3.2 3B,llama3.2,3B,cpu,CPU / num_gpu=0,67,96,163,2.657474359999924,0.0020292989999237,0.21533275,2.440112311,1.469999915570952e-06,2.158669243,0.2814430680000002,2.6574758299998393,2.6683979240001463,150.49764291360825,121.70626994273044,272.20391285633866,47.0,46.56411111111111,46.605,1,cpu:tdp_estimate;gpu:nvml,0.0,1.3610195642816934e-05,0.0,1.3610195642816934e-05,8.3498132778018e-05,1669.96265556036,,,,,,,,,150.49764291360825,923.2984227828726
lightning_a100_mixed_families,2026-05-11T10:13:21.934473+00:00,chat,chat_002,1,docker_model_runner_local,llama3.2:3b,Llama 3.2 3B,llama3.2,3B,cpu,CPU / num_gpu=0,60,96,156,2.644192743000076,0.0020822810000757,0.17832454,2.463785922,1.9300000531075057e-06,2.186040078,0.277745844,2.644194673000129,2.65498060300024,149.76450583679576,121.82860671242,271.5931125492158,47.007407407407406,46.61388888888889,46.653,1,cpu:tdp_estimate;gpu:nvml,0.0,1.357965562746079e-05,0.0,1.357965562746079e-05,8.704907453500505e-05,1740.9814907001012,,,,,,,,,149.76450583679576,960.0288835692036
lightning_a100_mixed_families,2026-05-11T10:13:24.599640+00:00,chat,chat_003,1,docker_model_runner_local,llama3.2:3b,Llama 3.2 3B,llama3.2,3B,cpu,CPU / num_gpu=0,62,96,158,2.6526707779999015,0.0019293879999016,0.188203223,2.462538167,1.7100001059588976e-06,2.177018079,0.2855200879999997,2.652672488000007,2.6627219930001047,148.87574520862808,121.87993481549864,270.7556800241267,46.592592592592595,46.64944444444444,46.653,1,cpu:tdp_estimate;gpu:nvml,0.0,1.3537784001206336e-05,0.0,1.3537784001206336e-05,8.568217722282491e-05,1713.643544456498,,,,,,,,,148.87574520862808,942.2515519533422
lightning_a100_mixed_families,2026-05-11T10:13:27.281133+00:00,chat,chat_004,1,docker_model_runner_local,llama3.2:3b,Llama 3.2 3B,llama3.2,3B,cpu,CPU / num_gpu=0,58,96,154,2.6683445119997486,0.0020500989997485,0.165853538,2.500440875,1.8799996723828372e-06,2.202118425,0.2983224500000001,2.668346391999421,2.6790571410001576,149.55092307094213,121.99543848790432,271.54636155884646,46.51851851851852,46.654777777777774,46.701,1,cpu:tdp_estimate;gpu:nvml,0.0,1.3577318077942322e-05,0.0,1.3577318077942322e-05,8.816440310352157e-05,1763.2880620704314,,,,,,,,,149.55092307094213,971.1098900710529
lightning_a100_mixed_families,2026-05-11T10:13:30.022139+00:00,chat,chat_005,1,docker_model_runner_local,llama3.2:3b,Llama 3.2 3B,llama3.2,3B,cpu,CPU / num_gpu=0,71,96,167,2.7275877849997414,0.0019738069997412,0.250556587,2.475057391,1.749999682942871e-06,2.187493674,0.2875637169999998,2.7275895349994244,2.7385831600004167,154.62040521362354,126.83967802797504,281.46008324159857,47.05,46.66157142857143,46.701,1,cpu:tdp_estimate;gpu:nvml,0.0,1.4073004162079929e-05,0.0,1.4073004162079929e-05,8.42694860004786e-05,1685.389720009572,,,,,,,,,154.62040521362354,925.8706899019373
lightning_a100_mixed_families,2026-05-11T10:13:36.210860+00:00,chat,chat_001,0,docker_model_runner_local,gemma3:4b,Gemma 3 4B,gemma3,4B,cpu,CPU / num_gpu=0,58,96,154,6.174675375000334,0.0023657760003334,0.488855483,5.683454116,2.781000148388557e-06,2.887865429,2.795588687,6.174678156000482,6.185709150000093,237.66292710319712,285.80769465900363,523.4706217622007,32.01774193548387,46.63751612903226,46.653,1,cpu:tdp_estimate;gpu:nvml,0.0,2.617353108811004e-05,0.0,2.617353108811004e-05,0.0001699579940786,3399.1598815727316,,,,,,,,,237.66292710319712,1543.265760410371
lightning_a100_mixed_families,2026-05-11T10:13:39.889966+00:00,chat,chat_002,0,docker_model_runner_local,gemma3:4b,Gemma 3 4B,gemma3,4B,cpu,CPU / num_gpu=0,51,96,147,3.6639148379999824,0.0032917829999825,0.218711167,3.441911888,4.750000243802788e-06,2.87516669,0.566745198,3.663919588000226,3.675751549999859,201.04175396496527,169.16348503882267,370.20523900378794,45.57837837837838,46.66208108108109,46.701,1,cpu:tdp_estimate;gpu:nvml,0.0,1.85102619501894e-05,0.0,1.85102619501894e-05,0.000125920149321,2518.4029864203258,,,,,,,,,201.04175396496527,1367.6309793535054
lightning_a100_mixed_families,2026-05-11T10:13:43.539445+00:00,chat,chat_003,0,docker_model_runner_local,gemma3:4b,Gemma 3 4B,gemma3,4B,cpu,CPU / num_gpu=0,52,96,148,3.633610109000074,0.0033328250000739,0.226074709,3.404202575,4.138999884162331e-06,2.888866383,0.5153361919999999,3.633614247999958,3.646081781999783,201.24006410618043,169.24949897438833,370.4895630805688,45.994594594594595,46.72435135135136,46.749,1,cpu:tdp_estimate;gpu:nvml,0.0,1.852447815402844e-05,0.0,1.852447815402844e-05,0.0001251653929326,2503.307858652492,,,,,,,,,201.24006410618043,1359.7301628795974
lightning_a100_mixed_families,2026-05-11T10:13:47.176544+00:00,chat,chat_004,0,docker_model_runner_local,gemma3:4b,Gemma 3 4B,gemma3,4B,cpu,CPU / num_gpu=0,49,96,145,3.621567916000003,0.0034399090000034,0.204252575,3.413875432,2.500000391592039e-06,2.882370322,0.5315051100000003,3.621570416000395,3.6339091049999297,199.5310739923745,169.2061427860983,368.7372167784728,45.75675675675676,46.749,46.749,1,cpu:tdp_estimate;gpu:nvml,0.0,1.8436860838923637e-05,0.0,1.8436860838923637e-05,0.0001271507644063,2543.0152881273984,,,,,,,,,199.5310739923745,1376.0763723612035
lightning_a100_mixed_families,2026-05-11T10:13:50.946763+00:00,chat,chat_005,0,docker_model_runner_local,gemma3:4b,Gemma 3 4B,gemma3,4B,cpu,CPU / num_gpu=0,65,96,161,3.7549021099998754,0.0030929709998752,0.328393492,3.423415647,2.2399999579647556e-06,2.904614678,0.518800969,3.754904349999834,3.7666336889997183,208.52480590059176,173.69892032541583,382.2237262260075,46.13421052631579,46.69342105263158,46.749,1,cpu:tdp_estimate;gpu:nvml,0.0,1.911118631130038e-05,0.0,1.911118631130038e-05,0.000118703020567,2374.0604113416616,,,,,,,,,208.52480590059176,1295.18512981734
lightning_a100_mixed_families,2026-05-11T10:13:54.800882+00:00,chat,chat_001,1,docker_model_runner_local,gemma3:4b,Gemma 3 4B,gemma3,4B,cpu,CPU / num_gpu=0,58,96,154,3.8379947859998538,0.0033272939998538,0.354724483,3.479943009,1.8099999579135329e-06,2.938660316,0.5412826929999999,3.837996595999812,3.850655493999966,212.7457540008104,178.40416134461933,391.14991534542975,46.04102564102564,46.684999999999995,46.749,1,cpu:tdp_estimate;gpu:nvml,0.0,1.9557495767271487e-05,0.0,1.9557495767271487e-05,0.0001269967257615,2539.934515230063,,,,,,,,,212.7457540008104,1381.4659350701975
lightning_a100_mixed_families,2026-05-11T10:13:58.469777+00:00,chat,chat_002,1,docker_model_runner_local,gemma3:4b,Gemma 3 4B,gemma3,4B,cpu,CPU / num_gpu=0,51,96,147,3.6534782169997015,0.0032418339997013,0.217582835,3.432653548,2.430999757052632e-06,2.9133346,0.519318948,3.6534806479994586,3.6659060370002408,202.09644589274623,169.1326690380099,371.22911493075617,45.94054054054054,46.69710810810811,46.701,1,cpu:tdp_estimate;gpu:nvml,0.0,1.856145574653781e-05,0.0,1.856145574653781e-05,0.000126268406439,2525.3681287806544,,,,,,,,,202.09644589274623,1374.8057543724233
lightning_a100_mixed_families,2026-05-11T10:14:02.109247+00:00,chat,chat_003,1,docker_model_runner_local,gemma3:4b,Gemma 3 4B,gemma3,4B,cpu,CPU / num_gpu=0,52,96,148,3.624502863000089,0.0030534500000887,0.224394077,3.397055336,4.349999926489545e-06,2.873317471,0.5237378650000002,3.6245072130000153,3.6361264679999294,199.82939025971612,164.68168598117063,364.5110762408867,45.797222222222224,46.68633333333334,46.701,1,cpu:tdp_estimate;gpu:nvml,0.0,1.8225553812044336e-05,0.0,1.8225553812044336e-05,0.0001231456338651,2462.912677303289,,,,,,,,,199.82939025971612,1350.1985828359198
lightning_a100_mixed_families,2026-05-11T10:14:05.703991+00:00,chat,chat_004,1,docker_model_runner_local,gemma3:4b,Gemma 3 4B,gemma3,4B,cpu,CPU / num_gpu=0,49,96,145,3.578939915999854,0.0033176959998537,0.202010223,3.3736119970000003,2.009000127145555e-06,2.843791534,0.5298204630000001,3.578941924999981,3.591225904000112,196.4999107138728,164.35134779853328,360.8512585124061,45.59722222222222,46.71166666666667,46.749,1,cpu:tdp_estimate;gpu:nvml,0.0,1.8042562925620303e-05,0.0,1.8042562925620303e-05,0.0001244314684525,2488.6293690510765,,,,,,,,,196.4999107138728,1355.1717980267088
lightning_a100_mixed_families,2026-05-11T10:14:09.475134+00:00,chat,chat_005,1,docker_model_runner_local,gemma3:4b,Gemma 3 4B,gemma3,4B,cpu,CPU / num_gpu=0,65,96,161,3.754876129999957,0.0025536599999567,0.329738807,3.422583663,1.5999999050109182e-06,2.892950331,0.529633332,3.754877729999862,3.7666268880002463,207.5728604920809,173.9031096925293,381.4759701846102,45.92368421052631,46.71868421052631,46.749,1,cpu:tdp_estimate;gpu:nvml,0.0,1.907379850923051e-05,0.0,1.907379850923051e-05,0.0001184707981939,2369.4159638795663,,,,,,,,,207.5728604920809,1289.2724254166517
lightning_a100_mixed_families,2026-05-11T10:14:27.297337+00:00,chat,chat_001,0,docker_model_runner_local,mistral-small3.2:24b,Mistral Small 3.2 24B,mistral-small3.2,24B,cpu,CPU / num_gpu=0,48,96,144,17.804933897999945,0.0029558669999438,2.449096375,15.352881656,3.029999788850546e-06,12.266691529,3.086190127000002,17.804936927999734,17.818939111999953,1032.713634323873,830.645376821018,1863.3590111448912,48.29662921348314,46.694258426966286,46.749,1,cpu:tdp_estimate;gpu:nvml,0.0,9.316795055724455e-05,0.0,9.316795055724455e-05,0.0006469996566475,12939.993132950633,,,,,,,,,1032.713634323873,7171.622460582452
lightning_a100_mixed_families,2026-05-11T10:14:40.847113+00:00,chat,chat_002,0,docker_model_runner_local,mistral-small3.2:24b,Mistral Small 3.2 24B,mistral-small3.2,24B,cpu,CPU / num_gpu=0,40,96,136,13.532386142999712,0.0041100489997116,1.052931923,12.475344171,4.11000019084895e-06,12.190024662,0.2853195089999989,13.532390252999903,13.545223434000036,855.7089552691705,629.3632881084972,1485.0722433776675,52.64518518518519,46.69815555555556,46.749,1,cpu:tdp_estimate;gpu:nvml,0.0,7.425361216888338e-05,0.0,7.425361216888338e-05,0.0005459824424182,10919.648848365205,,,,,,,,,855.7089552691705,6291.977612273312
lightning_a100_mixed_families,2026-05-11T10:14:54.738097+00:00,chat,chat_003,0,docker_model_runner_local,mistral-small3.2:24b,Mistral Small 3.2 24B,mistral-small3.2,24B,cpu,CPU / num_gpu=0,42,96,138,13.874092044999998,0.0042035029999976,1.474203562,12.39568498,2.27999998969608e-06,12.13152229,0.2641626900000009,13.874094324999987,13.887534325999695,880.3368389835232,643.3647582647104,1523.7015972482336,52.825362318840575,46.69230434782609,46.749,1,cpu:tdp_estimate;gpu:nvml,0.0,7.618507986241168e-05,0.0,7.618507986241168e-05,0.0005520657961044,11041.31592208865,,,,,,,,,880.3368389835232,6379.2524564023415
lightning_a100_mixed_families,2026-05-11T10:15:08.124961+00:00,chat,chat_004,0,docker_model_runner_local,mistral-small3.2:24b,Mistral Small 3.2 24B,mistral-small3.2,24B,cpu,CPU / num_gpu=0,38,96,134,13.372302157999911,0.0061738889999105,0.958976414,12.407151855,2.3810002858226653e-06,12.127312324,0.2798395310000003,13.372304539000195,13.384288081999784,849.2031139788221,624.1989305960768,1473.4020445748988,52.87313432835821,46.69383582089552,46.749,1,cpu:tdp_estimate;gpu:nvml,0.0,7.367010222874494e-05,0.0,7.367010222874494e-05,0.000549776882304,10995.537646081337,,,,,,,,,849.2031139788221,6337.3366714837475
lightning_a100_mixed_families,2026-05-11T10:15:22.358157+00:00,chat,chat_005,0,docker_model_runner_local,mistral-small3.2:24b,Mistral Small 3.2 24B,mistral-small3.2,24B,cpu,CPU / num_gpu=0,54,96,150,14.219412496000132,0.003978768000131,1.760260779,12.455172949,1.779999820428202e-06,12.181865758,0.2733071910000006,14.219414275999952,14.230745326000031,903.2594794567914,661.9106336280604,1565.170113084852,52.89366197183098,46.69423943661972,46.749,1,cpu:tdp_estimate;gpu:nvml,0.0,7.82585056542426e-05,0.0,7.82585056542426e-05,0.0005217233710282,10434.46742056568,,,,,,,,,903.2594794567914,6021.729863045276
lightning_a100_mixed_families,2026-05-11T10:15:36.522228+00:00,chat,chat_001,1,docker_model_runner_local,mistral-small3.2:24b,Mistral Small 3.2 24B,mistral-small3.2,24B,cpu,CPU / num_gpu=0,48,96,144,14.147104259000116,0.0029856380001156,1.629335592,12.514783029,1.9899998733308166e-06,12.187676133,0.3271068960000001,14.14710624899999,14.16152921999992,895.8282075439608,656.9635293624749,1552.7917369064355,52.714893617021275,46.677283687943266,46.749,1,cpu:tdp_estimate;gpu:nvml,0.0,7.763958684532179e-05,0.0,7.763958684532179e-05,0.0005391637975369,10783.275950739137,,,,,,,,,895.8282075439608,6221.029219055284
lightning_a100_mixed_families,2026-05-11T10:15:50.118807+00:00,chat,chat_002,1,docker_model_runner_local,mistral-small3.2:24b,Mistral Small 3.2 24B,mistral-small3.2,24B,cpu,CPU / num_gpu=0,40,96,136,13.582648791999873,0.003724041999872,1.050013646,12.528911104,2.4119999579852447e-06,12.267299897,0.2616112070000014,13.58265120399983,13.593765070000243,863.2920416013509,632.5860571186141,1495.878098719965,52.92205882352941,46.6265294117647,46.653,1,cpu:tdp_estimate;gpu:nvml,0.0,7.479390493599825e-05,0.0,7.479390493599825e-05,0.0005499551833529,10999.103667058567,,,,,,,,,863.2920416013509,6347.7356000099335
lightning_a100_mixed_families,2026-05-11T10:16:03.864538+00:00,chat,chat_003,1,docker_model_runner_local,mistral-small3.2:24b,Mistral Small 3.2 24B,mistral-small3.2,24B,cpu,CPU / num_gpu=0,42,96,138,13.729382918999818,0.0027919749998179,1.145929773,12.580661171,2.2300000637187622e-06,12.320753503,0.2599076679999985,13.72938514899988,13.743076695000129,873.2049988717788,637.3816182155871,1510.586617087366,52.94817518248175,46.638635036496346,46.653,1,cpu:tdp_estimate;gpu:nvml,0.0,7.55293308543683e-05,0.0,7.55293308543683e-05,0.0005473139916983,10946.27983396642,,,,,,,,,873.2049988717788,6327.5724555926
lightning_a100_mixed_families,2026-05-11T10:16:17.480949+00:00,chat,chat_004,1,docker_model_runner_local,mistral-small3.2:24b,Mistral Small 3.2 24B,mistral-small3.2,24B,cpu,CPU / num_gpu=0,38,96,134,13.599275816000045,0.005044427000044,0.962643947,12.631587442,2.2399999579647556e-06,12.377889919,0.2536975230000013,13.599278056000005,13.612963903000036,865.3881267524501,632.5783451406973,1497.9664718931474,52.97573529411765,46.61205882352941,46.653,1,cpu:tdp_estimate;gpu:nvml,0.0,7.489832359465738e-05,0.0,7.489832359465738e-05,0.0005589427133929,11178.85426785931,,,,,,,,,865.3881267524501,6458.120348898881
lightning_a100_mixed_families,2026-05-11T10:16:32.108243+00:00,chat,chat_005,1,docker_model_runner_local,mistral-small3.2:24b,Mistral Small 3.2 24B,mistral-small3.2,24B,cpu,CPU / num_gpu=0,54,96,150,14.608490107999842,0.0134639619998413,1.930813639,12.664212507,1.5999999050109182e-06,12.412315653,0.2518968539999999,14.608491707999748,14.624622572000137,929.8254896359482,678.3595951086323,1608.1850847445803,52.98287671232877,46.572452054794525,46.701,1,cpu:tdp_estimate;gpu:nvml,0.0,8.040925423722903e-05,0.0,8.040925423722903e-05,0.0005360616949148,10721.233898297203,,,,,,,,,929.8254896359482,6198.8365975729885
lightning_a100_mixed_families,2026-05-11T10:16:35.576095+00:00,summarization,classroom_notebooks,0,docker_model_runner_local,llama3.2:3b,Llama 3.2 3B,llama3.2,3B,cpu,CPU / num_gpu=0,151,96,247,3.454869179999605,0.0022284829996048,0.933538949,2.519101748,1.439999778085621e-06,2.239061113,0.2800406350000002,3.454870619999383,3.4649426969999695,210.94967132786903,159.5525826231955,370.5022539510645,50.73428571428572,46.70237142857143,46.749,1,cpu:tdp_estimate;gpu:nvml,0.0,1.8525112697553224e-05,0.0,1.8525112697553224e-05,7.500045626539766e-05,1500.0091253079536,,,,,,,,,210.94967132786903,854.0472523395507
lightning_a100_mixed_families,2026-05-11T10:16:39.045828+00:00,summarization,python_llm_costs,0,docker_model_runner_local,llama3.2:3b,Llama 3.2 3B,llama3.2,3B,cpu,CPU / num_gpu=0,182,96,278,3.4572758869999234,0.0024166559999234,0.90115486,2.553704371,1.640000391489593e-06,2.281080928,0.2726234429999996,3.457277527000315,3.467292871999689,202.47405324308124,159.57166327451847,362.0457165175997,48.66285714285714,46.703742857142856,46.749,1,cpu:tdp_estimate;gpu:nvml,0.0,1.8102285825879987e-05,0.0,1.8102285825879987e-05,6.51161360643165e-05,1302.32272128633,,,,,,,,,202.47405324308124,728.3239325290692
lightning_a100_mixed_families,2026-05-11T10:16:42.398478+00:00,summarization,rag_pipeline,0,docker_model_runner_local,llama3.2:3b,Llama 3.2 3B,llama3.2,3B,cpu,CPU / num_gpu=0,165,96,261,3.3391660180000144,0.0021016400000144,0.774251349,2.562813029,1.5099999473022765e-06,2.287498729,0.2753142999999998,3.3391675279999617,3.3500661309999487,194.31171810654055,154.94934985854488,349.26106796508543,48.33529411764706,46.69535294117647,46.749,1,cpu:tdp_estimate;gpu:nvml,0.0,1.7463053398254272e-05,0.0,1.7463053398254272e-05,6.690825056802403e-05,1338.1650113604803,,,,,,,,,194.31171810654055,744.48934140437
lightning_a100_mixed_families,2026-05-11T10:16:45.635504+00:00,summarization,classroom_notebooks,1,docker_model_runner_local,llama3.2:3b,Llama 3.2 3B,llama3.2,3B,cpu,CPU / num_gpu=0,151,96,247,3.2236542410000766,0.0026141720000767,0.679720819,2.54131925,2.0109996512474027e-06,2.246481812,0.294837438,3.223656251999728,3.23446887099999,185.42327909569033,150.18299433053608,335.6062734262264,47.77272727272727,46.69518181818182,46.749,1,cpu:tdp_estimate;gpu:nvml,0.0,1.678031367131132e-05,0.0,1.678031367131132e-05,6.79364925964021e-05,1358.729851928042,,,,,,,,,185.42327909569033,750.7015348003657
lightning_a100_mixed_families,2026-05-11T10:16:49.154548+00:00,summarization,python_llm_costs,1,docker_model_runner_local,llama3.2:3b,Llama 3.2 3B,llama3.2,3B,cpu,CPU / num_gpu=0,182,96,278,3.5058781230000022,0.002037319000002,0.89448207,2.609358734,1.6700000742275734e-06,2.327838557,0.281520177,3.5058797930000765,3.5165692719997423,202.43382197785945,159.73744855789687,362.1712705357563,47.97142857142857,46.69688571428571,46.749,1,cpu:tdp_estimate;gpu:nvml,0.0,1.8108563526787815e-05,0.0,1.8108563526787815e-05,6.513871772225833e-05,1302.7743544451666,,,,,,,,,202.43382197785945,728.1792157476958
lightning_a100_mixed_families,2026-05-11T10:16:52.462879+00:00,summarization,rag_pipeline,1,docker_model_runner_local,llama3.2:3b,Llama 3.2 3B,llama3.2,3B,cpu,CPU / num_gpu=0,165,96,261,3.295103390999884,0.0021251109998843,0.775678896,2.517299384,1.7899997146741953e-06,2.250592057,0.2667073269999997,3.295105180999599,3.305881750000026,192.11380453363785,150.20055410846277,342.3143586421006,48.42727272727272,46.70972727272727,46.749,1,cpu:tdp_estimate;gpu:nvml,0.0,1.711571793210503e-05,0.0,1.711571793210503e-05,6.557746334139857e-05,1311.549266827972,,,,,,,,,192.11380453363785,736.0682166039765
lightning_a100_mixed_families,2026-05-11T10:16:57.090066+00:00,summarization,classroom_notebooks,0,docker_model_runner_local,gemma3:4b,Gemma 3 4B,gemma3,4B,cpu,CPU / num_gpu=0,140,96,236,4.608716468000239,0.0031920830002389,1.103818473,3.501705912,1.7400002434442283e-06,2.976549389,0.5251565229999997,4.608718208000482,4.621806343000117,260.9471861257866,211.43769312314384,472.3848792489304,47.05,46.698913043478264,46.749,1,cpu:tdp_estimate;gpu:nvml,0.0,2.361924396244652e-05,0.0,2.361924396244652e-05,0.0001000815422137,2001.630844275129,,,,,,,,,260.9471861257866,1105.7084157872312
lightning_a100_mixed_families,2026-05-11T10:17:01.743438+00:00,summarization,python_llm_costs,0,docker_model_runner_local,gemma3:4b,Gemma 3 4B,gemma3,4B,cpu,CPU / num_gpu=0,175,96,271,4.638250749000235,0.0036719510002356,1.081767884,3.5528109139999997,4.121000074519543e-06,3.038017646,0.5147932679999996,4.63825487000031,4.650138810000044,266.43514477075144,216.17181491517297,482.6069596859244,47.746808510638296,46.69589361702128,46.749,1,cpu:tdp_estimate;gpu:nvml,0.0,2.4130347984296215e-05,0.0,2.4130347984296215e-05,8.904187448079785e-05,1780.837489615957,,,,,,,,,266.43514477075144,983.1555157592304
lightning_a100_mixed_families,2026-05-11T10:17:06.247605+00:00,summarization,rag_pipeline,0,docker_model_runner_local,gemma3:4b,Gemma 3 4B,gemma3,4B,cpu,CPU / num_gpu=0,157,96,253,4.488777475000006,0.0038879250000061,0.936956981,3.5479325690000003,1.9389999579288997e-06,3.026882457,0.5210501120000002,4.488779413999964,4.50084502000027,255.93605121729536,206.78469127987267,462.720742497168,47.38666666666667,46.703133333333334,46.749,1,cpu:tdp_estimate;gpu:nvml,0.0,2.31360371248584e-05,0.0,2.31360371248584e-05,9.14467870547763e-05,1828.9357410955256,,,,,,,,,255.93605121729536,1011.6049455229066
lightning_a100_mixed_families,2026-05-11T10:17:10.533542+00:00,summarization,classroom_notebooks,1,docker_model_runner_local,gemma3:4b,Gemma 3 4B,gemma3,4B,cpu,CPU / num_gpu=0,140,96,236,4.2696273809997365,0.0035801199997367,0.805419272,3.460627989,3.5200000638724305e-06,2.959323702,0.501304287,4.2696309009998,4.281755815999986,243.64186350206433,197.2386175592563,440.88048106132067,47.41860465116279,46.701,46.749,1,cpu:tdp_estimate;gpu:nvml,0.0,2.204402405306603e-05,0.0,2.204402405306603e-05,9.340688158078828e-05,1868.1376316157657,,,,,,,,,243.64186350206433,1032.38077755112
lightning_a100_mixed_families,2026-05-11T10:17:15.179005+00:00,summarization,python_llm_costs,1,docker_model_runner_local,gemma3:4b,Gemma 3 4B,gemma3,4B,cpu,CPU / num_gpu=0,175,96,271,4.62995827199984,0.00393146499984,1.087367698,3.5386591089999997,1.630000042496249e-06,3.016911996,0.5217471129999995,4.629959901999882,4.642287432000103,264.7289101116314,216.0723513542046,480.801261465836,47.52127659574468,46.70508510638298,46.749,1,cpu:tdp_estimate;gpu:nvml,0.0,2.40400630732918e-05,0.0,2.40400630732918e-05,8.870871982764503e-05,1774.1743965529004,,,,,,,,,264.7289101116314,976.859446906389
lightning_a100_mixed_families,2026-05-11T10:17:19.618166+00:00,summarization,rag_pipeline,1,docker_model_runner_local,gemma3:4b,Gemma 3 4B,gemma3,4B,cpu,CPU / num_gpu=0,157,96,253,4.422546317000069,0.0037912950000693,0.935554345,3.483200677,1.7689999367576092e-06,2.976149572,0.507051105,4.422548086000006,4.436596349999945,252.12370403167867,201.96179715114025,454.0855011828189,47.35681818181818,46.702090909090906,46.749,1,cpu:tdp_estimate;gpu:nvml,0.0,2.2704275059140945e-05,0.0,2.2704275059140945e-05,8.974021762506302e-05,1794.8043525012604,,,,,,,,,252.12370403167867,996.5363795718525
lightning_a100_mixed_families,2026-05-11T10:17:39.347645+00:00,summarization,classroom_notebooks,0,docker_model_runner_local,mistral-small3.2:24b,Mistral Small 3.2 24B,mistral-small3.2,24B,cpu,CPU / num_gpu=0,134,96,230,19.714443272999688,0.0036374189996877,7.049621825,12.661184029,4.2010001379821915e-06,12.399304568,0.2618794610000012,19.714447473999822,19.725546909999593,1253.619585235119,920.1594789498516,2173.7790641849706,52.96091370558375,46.70148730964467,46.749,1,cpu:tdp_estimate;gpu:nvml,0.0,0.0001086889532092,0.0,0.0001086889532092,0.0004725606661271,9451.213322543352,,,,,,,,,1253.619585235119,5450.519935804866
lightning_a100_mixed_families,2026-05-11T10:17:58.394253+00:00,summarization,python_llm_costs,0,docker_model_runner_local,mistral-small3.2:24b,Mistral Small 3.2 24B,mistral-small3.2,24B,cpu,CPU / num_gpu=0,165,96,261,19.02787981499978,0.0041338109997788,6.448501938,12.575244066,1.7299998944508843e-06,12.317276039,0.2579680270000004,19.027881544999673,19.043840095000174,1214.688287389998,887.3808697508338,2102.0691571408315,53.15315789473684,46.70681052631579,46.749,1,cpu:tdp_estimate;gpu:nvml,0.0,0.000105103457857,0.0,0.000105103457857,0.0004026952408315,8053.904816631539,,,,,,,,,1214.688287389998,4653.978112605357
lightning_a100_mixed_families,2026-05-11T10:18:16.547366+00:00,summarization,rag_pipeline,0,docker_model_runner_local,mistral-small3.2:24b,Mistral Small 3.2 24B,mistral-small3.2,24B,cpu,CPU / num_gpu=0,146,96,242,18.139128249999885,0.003565778999885,5.493524526,12.642037945,1.8099999579135329e-06,12.37795657,0.2640813749999999,18.139130059999843,18.150241737000215,1158.4226330635602,844.6797989346541,2003.1024319982143,53.186740331491706,46.7110773480663,46.749,1,cpu:tdp_estimate;gpu:nvml,0.0,0.0001001551215999,0.0,0.0001001551215999,0.0004138641388426,8277.282776852126,,,,,,,,,1158.4226330635602,4786.870384560167
lightning_a100_mixed_families,2026-05-11T10:18:34.078613+00:00,summarization,classroom_notebooks,1,docker_model_runner_local,mistral-small3.2:24b,Mistral Small 3.2 24B,mistral-small3.2,24B,cpu,CPU / num_gpu=0,134,96,230,17.51235495400033,0.0035699190003306,4.928324337,12.580460698,1.7809998098528013e-06,12.314013464,0.2664472339999992,17.51235673500014,17.528526888000215,1117.098026722793,817.0856989073304,1934.1837256301235,53.10857142857143,46.71306857142857,46.749,1,cpu:tdp_estimate;gpu:nvml,0.0,9.670918628150616e-05,0.0,9.670918628150616e-05,0.000420474722963,8409.494459261407,,,,,,,,,1117.098026722793,4856.947942273014
lightning_a100_mixed_families,2026-05-11T10:18:53.078726+00:00,summarization,python_llm_costs,1,docker_model_runner_local,mistral-small3.2:24b,Mistral Small 3.2 24B,mistral-small3.2,24B,cpu,CPU / num_gpu=0,165,96,261,18.986488217999977,0.0036622519999767,6.438975903,12.543850063,1.6799999684735667e-06,12.283093264,0.260756799000001,18.986489897999945,18.99738668100008,1212.2986305696984,882.5054938591625,2094.8041244288606,53.17830687830688,46.709380952380954,46.749,1,cpu:tdp_estimate;gpu:nvml,0.0,0.0001047402062214,0.0,0.0001047402062214,0.0004013034721128,8026.069442256171,,,,,,,,,1212.2986305696984,4644.822339347504
lightning_a100_mixed_families,2026-05-11T10:19:11.417671+00:00,summarization,rag_pipeline,1,docker_model_runner_local,mistral-small3.2:24b,Mistral Small 3.2 24B,mistral-small3.2,24B,cpu,CPU / num_gpu=0,146,96,242,18.325305653000218,0.0030326890002143,5.529424484,12.79284848,1.8589998944662511e-06,12.532296303,0.2605521769999992,18.32530751200011,18.33636265899986,1170.00422377659,853.3958364235115,2023.4000602001015,53.17322404371585,46.70134972677595,46.749,1,cpu:tdp_estimate;gpu:nvml,0.0,0.00010117000301,0.0,0.00010117000301,0.0004180578636777,8361.157273554138,,,,,,,,,1170.00422377659,4834.728197423925
lightning_a100_mixed_families,2026-05-11T10:19:12.084528+00:00,classification,cls_001,0,docker_model_runner_local,llama3.2:3b,Llama 3.2 3B,llama3.2,3B,cpu,CPU / num_gpu=0,73,3,76,0.6533526630000779,0.0021770520000778,0.395834753,0.255340858,7.699999969190685e-06,0.0437319,0.211608958,0.6533603630000471,0.6641540329997042,39.131955624342574,28.199861945042088,67.33181756938467,49.1,46.69414285714286,46.701,1,cpu:tdp_estimate;gpu:nvml,0.0,3.366590878469233e-06,0.0,3.366590878469233e-06,4.429724840091096e-05,885.9449680182194,how-to,False,,,,,,,39.131955624342574,514.894152951876
lightning_a100_mixed_families,2026-05-11T10:19:12.536963+00:00,classification,cls_002,0,docker_model_runner_local,llama3.2:3b,Llama 3.2 3B,llama3.2,3B,cpu,CPU / num_gpu=0,74,3,77,0.4393702100001064,0.0018221260001064,0.182462791,0.255085293,6.979999852774199e-06,0.048974274,0.206111019,0.4393771899999592,0.4499918860001344,16.620900301300964,18.77629848189998,35.39719878320094,30.78,46.6722,46.701,1,cpu:tdp_estimate;gpu:nvml,0.0,1.769859939160047e-06,0.0,1.769859939160047e-06,2.2985194015065547e-05,459.7038803013109,how-to,True,,,,,,,16.620900301300964,215.85584806884367
lightning_a100_mixed_families,2026-05-11T10:19:12.927104+00:00,classification,cls_003,0,docker_model_runner_local,llama3.2:3b,Llama 3.2 3B,llama3.2,3B,cpu,CPU / num_gpu=0,69,2,71,0.3762159010002506,0.0017959560002506,0.149884446,0.2245354989999999,5.450000116979936e-06,0.021827005,0.2027084939999999,0.3762213510003676,0.3877038250002442,11.456648028757218,14.109137903006417,25.565785931763635,24.625,46.701,46.701,1,cpu:tdp_estimate;gpu:nvml,0.0,1.2782892965881818e-06,0.0,1.2782892965881818e-06,1.8004074599833546e-05,360.08149199667093,performance,False,,,,,,,11.456648028757218,161.36123984165096
lightning_a100_mixed_families,2026-05-11T10:19:13.378680+00:00,classification,cls_004,0,docker_model_runner_local,llama3.2:3b,Llama 3.2 3B,llama3.2,3B,cpu,CPU / num_gpu=0,75,3,78,0.4391562060000069,0.0019734700000069,0.189840155,0.247342581,5.310000233293977e-06,0.046708659,0.200633922,0.4391615160002402,0.4492003010000189,17.58349658234474,18.792149001558805,36.37564558390355,32.62,46.701,46.701,1,cpu:tdp_estimate;gpu:nvml,0.0,1.8187822791951776e-06,0.0,1.8187822791951776e-06,2.33177215281433e-05,466.354430562866,how-to,False,,,,,,,17.58349658234474,225.4294433633941
lightning_a100_mixed_families,2026-05-11T10:19:13.806752+00:00,classification,cls_005,0,docker_model_runner_local,llama3.2:3b,Llama 3.2 3B,llama3.2,3B,cpu,CPU / num_gpu=0,74,2,76,0.4156349079999017,0.0018447859999017,0.182521402,0.2312687199999999,6.108999969001161e-06,0.023835344,0.2074333759999999,0.4156410169998707,0.4257048130002658,15.18233645084148,18.80913718700524,33.991473637846724,29.72,46.7298,46.749,1,cpu:tdp_estimate;gpu:nvml,0.0,1.699573681892336e-06,0.0,1.699573681892336e-06,2.2362811603846524e-05,447.2562320769306,bug,False,,,,,,,15.18233645084148,199.76758487949317
lightning_a100_mixed_families,2026-05-11T10:19:14.222381+00:00,classification,cls_006,0,docker_model_runner_local,llama3.2:3b,Llama 3.2 3B,llama3.2,3B,cpu,CPU / num_gpu=0,74,2,76,0.4032526559999496,0.0017818139999496,0.18501271,0.216458132,5.909999799769139e-06,0.021988618,0.194469514,0.4032585659997494,0.4132416620000185,14.807275232784669,18.802300963450207,33.609576196234876,29.860000000000003,46.7394,46.749,1,cpu:tdp_estimate;gpu:nvml,0.0,1.6804788098117438e-06,0.0,1.6804788098117438e-06,2.211156328699663e-05,442.2312657399326,bug,True,,,,,,,14.807275232784669,194.83256885242986
lightning_a100_mixed_families,2026-05-11T10:19:14.613679+00:00,classification,cls_007,0,docker_model_runner_local,llama3.2:3b,Llama 3.2 3B,llama3.2,3B,cpu,CPU / num_gpu=0,69,2,71,0.3789621629998692,0.0018059939998691,0.149934518,0.227221651,4.789999820786761e-06,0.02318872,0.204032931,0.3789669529996899,0.3889580689997274,7.421319956514798,14.127364543906126,21.54868450042092,15.9,46.749,46.749,1,cpu:tdp_estimate;gpu:nvml,0.0,1.077434225021046e-06,0.0,1.077434225021046e-06,1.5175129929873888e-05,303.5025985974778,concept,True,,,,,,,7.421319956514798,104.52563319034925
lightning_a100_mixed_families,2026-05-11T10:19:15.050246+00:00,classification,cls_008,0,docker_model_runner_local,llama3.2:3b,Llama 3.2 3B,llama3.2,3B,cpu,CPU / num_gpu=0,73,3,76,0.4241513020001548,0.0017326930001548,0.17628603,0.246132579,5.859999873791821e-06,0.043926375,0.202206204,0.4241571620000286,0.434195259000262,16.579311769666003,18.811698492123764,35.391010261789766,31.82,46.749,46.749,1,cpu:tdp_estimate;gpu:nvml,0.0,1.7695505130894883e-06,0.0,1.7695505130894883e-06,2.3283559382756425e-05,465.6711876551285,how-to,True,,,,,,,16.579311769666003,218.14883907455265
lightning_a100_mixed_families,2026-05-11T10:19:15.496673+00:00,classification,cls_001,1,docker_model_runner_local,llama3.2:3b,Llama 3.2 3B,llama3.2,3B,cpu,CPU / num_gpu=0,73,3,76,0.4332943320000595,0.0018468680000595,0.176551165,0.254896299,5.111000064061955e-06,0.045086748,0.2098095509999999,0.4332994430001236,0.444054350999977,15.144029586503216,18.81166518194631,33.955694768449526,28.42,46.7106,46.749,1,cpu:tdp_estimate;gpu:nvml,0.0,1.6977847384224763e-06,0.0,1.6977847384224763e-06,2.233927287397995e-05,446.785457479599,how-to,False,,,,,,,15.144029586503216,199.2635471908318
lightning_a100_mixed_families,2026-05-11T10:19:15.938776+00:00,classification,cls_002,1,docker_model_runner_local,llama3.2:3b,Llama 3.2 3B,llama3.2,3B,cpu,CPU / num_gpu=0,74,3,77,0.4297784130003492,0.0017512550003492,0.182499141,0.245528017,4.900000021734741e-06,0.046173809,0.199354208,0.429783313000371,0.4397370460001184,16.29489597658039,18.792084554180775,35.08698053076117,30.880000000000003,46.701,46.701,1,cpu:tdp_estimate;gpu:nvml,0.0,1.7543490265380582e-06,0.0,1.7543490265380582e-06,2.2783753591403356e-05,455.6750718280671,how-to,True,,,,,,,16.29489597658039,211.62202566987517
lightning_a100_mixed_families,2026-05-11T10:19:16.323109+00:00,classification,cls_003,1,docker_model_runner_local,llama3.2:3b,Llama 3.2 3B,llama3.2,3B,cpu,CPU / num_gpu=0,69,2,71,0.3706400020000728,0.0018365650000728,0.151323194,0.217480243,6.271000074775657e-06,0.023704351,0.193775892,0.3706462730001476,0.3819113009999455,11.308393622608389,14.113738091593666,25.422131714202052,24.675,46.701,46.701,1,cpu:tdp_estimate;gpu:nvml,0.0,1.2711065857101025e-06,0.0,1.2711065857101025e-06,1.7902909657888768e-05,358.05819315777535,performance,False,,,,,,,11.308393622608389,159.27314961420265
lightning_a100_mixed_families,2026-05-11T10:19:16.772422+00:00,classification,cls_004,1,docker_model_runner_local,llama3.2:3b,Llama 3.2 3B,llama3.2,3B,cpu,CPU / num_gpu=0,75,3,78,0.4363065699999424,0.0018613569999424,0.18969305,0.244752163,5.361000148695894e-06,0.044312601,0.200439562,0.4363119310000911,0.4469242069999382,16.893735024597664,18.7960845513334,35.68981957593107,31.5,46.6914,46.701,1,cpu:tdp_estimate;gpu:nvml,0.0,1.7844909787965533e-06,0.0,1.7844909787965533e-06,2.2878089471750684e-05,457.5617894350137,how-to,False,,,,,,,16.893735024597664,216.58634646920083
lightning_a100_mixed_families,2026-05-11T10:19:17.196902+00:00,classification,cls_005,1,docker_model_runner_local,llama3.2:3b,Llama 3.2 3B,llama3.2,3B,cpu,CPU / num_gpu=0,74,2,76,0.411253083000247,0.0018183460002469,0.184317687,0.2251170499999999,6.460000349761685e-06,0.022625581,0.2024914689999999,0.4112595430005967,0.4220717529997273,15.295880328710115,18.8023482197555,34.09822854846562,30.2,46.701,46.701,1,cpu:tdp_estimate;gpu:nvml,0.0,1.7049114274232808e-06,0.0,1.7049114274232808e-06,2.2433045097674747e-05,448.660901953495,bug,False,,,,,,,15.295880328710115,201.26158327250153
lightning_a100_mixed_families,2026-05-11T10:19:17.617587+00:00,classification,cls_006,1,docker_model_runner_local,llama3.2:3b,Llama 3.2 3B,llama3.2,3B,cpu,CPU / num_gpu=0,74,2,76,0.4081540120000682,0.0018523770000681,0.183083032,0.223218603,5.639999926643213e-06,0.02315051,0.200068093,0.4081596519999948,0.4182790979998572,13.492010585083396,18.84604671905488,32.338057304138275,26.880000000000003,46.701,46.701,1,cpu:tdp_estimate;gpu:nvml,0.0,1.6169028652069137e-06,0.0,1.6169028652069137e-06,2.127503770009097e-05,425.5007540018194,bug,True,,,,,,,13.492010585083396,177.52645506688677
lightning_a100_mixed_families,2026-05-11T10:19:18.015669+00:00,classification,cls_007,1,docker_model_runner_local,llama3.2:3b,Llama 3.2 3B,llama3.2,3B,cpu,CPU / num_gpu=0,69,2,71,0.3849663510000027,0.0017546350000027,0.151573169,0.2316385469999999,5.51999983144924e-06,0.026726899,0.2049116479999999,0.3849718709998342,0.3956846789997144,8.344989880103975,14.10951664810362,22.454506528207595,17.575,46.701,46.701,1,cpu:tdp_estimate;gpu:nvml,0.0,1.1227253264103797e-06,0.0,1.1227253264103797e-06,1.5813032766343376e-05,316.26065532686755,concept,True,,,,,,,8.344989880103975,117.53506873385881
lightning_a100_mixed_families,2026-05-11T10:19:18.451843+00:00,classification,cls_008,1,docker_model_runner_local,llama3.2:3b,Llama 3.2 3B,llama3.2,3B,cpu,CPU / num_gpu=0,73,3,76,0.4237644449999607,0.0017508919999607,0.178109627,0.243903926,5.560000317927916e-06,0.049702817,0.1942011089999999,0.4237700050002786,0.4337683300000208,17.30215114704083,18.79651868549017,36.098669832531,33.24,46.7106,46.749,1,cpu:tdp_estimate;gpu:nvml,0.0,1.80493349162655e-06,0.0,1.80493349162655e-06,2.3749124889823027e-05,474.98249779646056,how-to,True,,,,,,,17.30215114704083,227.65988351369515
lightning_a100_mixed_families,2026-05-11T10:19:19.462645+00:00,classification,cls_001,0,docker_model_runner_local,gemma3:4b,Gemma 3 4B,gemma3,4B,cpu,CPU / num_gpu=0,65,3,68,0.9966812339998796,0.0021449719998796,0.497242356,0.497293906,6.620000021939632e-06,0.064964705,0.432329201,0.9966878539999016,1.007520913999997,36.60927993110389,42.225230374573194,78.83451030567709,30.28,46.701,46.749,1,cpu:tdp_estimate;gpu:nvml,0.0,3.9417255152838545e-06,0.0,3.9417255152838545e-06,5.796655169535081e-05,1159.331033907016,bug,True,,,,,,,36.60927993110389,538.3717636927043
lightning_a100_mixed_families,2026-05-11T10:19:20.257137+00:00,classification,cls_002,0,docker_model_runner_local,gemma3:4b,Gemma 3 4B,gemma3,4B,cpu,CPU / num_gpu=0,65,5,70,0.7764259880000282,0.0027248030000281,0.223300185,0.5504009999999999,6.200000370881753e-06,0.126114753,0.4242862469999999,0.776432188000399,0.7919176990003507,26.91728258902192,32.9012271492788,59.81850973830072,28.325,46.719,46.749,1,cpu:tdp_estimate;gpu:nvml,0.0,2.990925486915036e-06,0.0,2.990925486915036e-06,4.272750695592909e-05,854.5501391185817,how-to,True,,,,,,,26.91728258902192,384.5326084145988
lightning_a100_mixed_families,2026-05-11T10:19:20.947484+00:00,classification,cls_003,0,docker_model_runner_local,gemma3:4b,Gemma 3 4B,gemma3,4B,cpu,CPU / num_gpu=0,61,3,64,0.6765528450000602,0.0021343220000601,0.189921316,0.484497207,7.820000064384658e-06,0.062878974,0.421618233,0.6765606650001246,0.6877003519998652,21.173311409001563,28.22853991530193,49.40185132430349,25.657142857142855,46.72842857142857,46.749,1,cpu:tdp_estimate;gpu:nvml,0.0,2.4700925662151745e-06,0.0,2.4700925662151745e-06,3.8595196347112105e-05,771.903926942242,performance,False,,,,,,,21.173311409001563,330.8329907656494
lightning_a100_mixed_families,2026-05-11T10:19:21.699151+00:00,classification,cls_004,0,docker_model_runner_local,gemma3:4b,Gemma 3 4B,gemma3,4B,cpu,CPU / num_gpu=0,69,3,72,0.7372965269996712,0.0022648739996712,0.25076282,0.4842688329999999,5.270000201562652e-06,0.062837673,0.4214311599999999,0.7373017969998727,0.748571587999777,25.354119685552448,32.87813075993611,58.23225044548856,28.225,46.707,46.749,1,cpu:tdp_estimate;gpu:nvml,0.0,2.911612522274428e-06,0.0,2.911612522274428e-06,4.043906280936705e-05,808.7812561873411,performance,True,,,,,,,25.354119685552448,352.14055118822847
lightning_a100_mixed_families,2026-05-11T10:19:22.444407+00:00,classification,cls_005,0,docker_model_runner_local,gemma3:4b,Gemma 3 4B,gemma3,4B,cpu,CPU / num_gpu=0,66,3,69,0.7291633780000666,0.0025782110000666,0.232288279,0.4942968879999999,9.420999958820175e-06,0.062691878,0.4316050099999999,0.7291727990000254,0.7419541369999934,25.530641854169772,32.90173289909205,58.432374753261826,28.675,46.701,46.701,1,cpu:tdp_estimate;gpu:nvml,0.0,2.9216187376630915e-06,0.0,2.9216187376630915e-06,4.2342300545841905e-05,846.846010916838,security,True,,,,,,,25.530641854169772,370.00930223434455
lightning_a100_mixed_families,2026-05-11T10:19:23.164145+00:00,classification,cls_006,0,docker_model_runner_local,gemma3:4b,Gemma 3 4B,gemma3,4B,cpu,CPU / num_gpu=0,66,3,69,0.7038105839997115,0.0028091929997114,0.228158579,0.472842812,7.100999937392771e-06,0.059154921,0.413687891,0.7038176849996489,0.7163141480000377,21.89465358658401,28.20325274810529,50.0979063346893,25.471428571428568,46.701,46.701,1,cpu:tdp_estimate;gpu:nvml,0.0,2.5048953167344647e-06,0.0,2.5048953167344647e-06,3.630283067731109e-05,726.0566135462218,bug,True,,,,,,,21.89465358658401,317.3138200954204
lightning_a100_mixed_families,2026-05-11T10:19:23.859982+00:00,classification,cls_007,0,docker_model_runner_local,gemma3:4b,Gemma 3 4B,gemma3,4B,cpu,CPU / num_gpu=0,61,3,64,0.6805297730002167,0.0026395720002166,0.191733312,0.486156889,8.70099984240369e-06,0.059338934,0.4268179549999999,0.6805384740000591,0.6928140900004109,20.46374874978357,28.220061185168248,48.68380993495182,24.614285714285717,46.72842857142857,46.749,1,cpu:tdp_estimate;gpu:nvml,0.0,2.4341904967475906e-06,0.0,2.4341904967475906e-06,3.8034226511681104e-05,760.6845302336221,concept,True,,,,,,,20.46374874978357,319.74607421536825
lightning_a100_mixed_families,2026-05-11T10:19:24.570175+00:00,classification,cls_008,0,docker_model_runner_local,gemma3:4b,Gemma 3 4B,gemma3,4B,cpu,CPU / num_gpu=0,65,3,68,0.695306619999883,0.0026067019998829,0.220630633,0.472069285,1.0029999884864084e-05,0.057635162,0.414434123,0.6953166499997678,0.7069794160001948,22.045638132074647,28.21461162047226,50.26024975254691,25.985714285714288,46.749,46.749,1,cpu:tdp_estimate;gpu:nvml,0.0,2.5130124876273456e-06,0.0,2.5130124876273456e-06,3.695606599451979e-05,739.1213198903957,performance,False,,,,,,,22.045638132074647,324.20056076580363
lightning_a100_mixed_families,2026-05-11T10:19:25.282224+00:00,classification,cls_001,1,docker_model_runner_local,gemma3:4b,Gemma 3 4B,gemma3,4B,cpu,CPU / num_gpu=0,65,3,68,0.6970377840002584,0.0024023760002583,0.21996416,0.474671248,5.489000159286661e-06,0.060311522,0.414359726,0.6970432730004177,0.7091860689997702,21.39715682467878,28.20967677394505,49.60683359862383,25.142857142857142,46.71471428571429,46.749,1,cpu:tdp_estimate;gpu:nvml,0.0,2.4803416799311915e-06,0.0,2.4803416799311915e-06,3.647561294016458e-05,729.5122588032916,bug,True,,,,,,,21.39715682467878,314.6640709511586
lightning_a100_mixed_families,2026-05-11T10:19:26.083842+00:00,classification,cls_002,1,docker_model_runner_local,gemma3:4b,Gemma 3 4B,gemma3,4B,cpu,CPU / num_gpu=0,65,5,70,0.7876010250001855,0.0062403310001855,0.221559991,0.559800703,5.450000116979936e-06,0.123893267,0.4359074359999999,0.7876064750003025,0.799130600999888,27.282318718136175,32.87725192492935,60.15957064306552,28.45,46.707,46.749,1,cpu:tdp_estimate;gpu:nvml,0.0,3.007978532153276e-06,0.0,3.007978532153276e-06,4.2971121887903944e-05,859.4224377580789,how-to,True,,,,,,,27.282318718136175,389.7474102590882
lightning_a100_mixed_families,2026-05-11T10:19:26.790150+00:00,classification,cls_003,1,docker_model_runner_local,gemma3:4b,Gemma 3 4B,gemma3,4B,cpu,CPU / num_gpu=0,61,3,64,0.6924983029998657,0.0020703679998657,0.191056467,0.499371468,8.069000159593998e-06,0.059297023,0.440074445,0.6925063720000253,0.7034533579999334,21.20007434338085,28.155846941436945,49.35592128481779,25.114285714285717,46.687285714285714,46.701,1,cpu:tdp_estimate;gpu:nvml,0.0,2.46779606424089e-06,0.0,2.46779606424089e-06,3.8559313503763905e-05,771.1862700752781,performance,False,,,,,,,21.20007434338085,331.2511616153258
lightning_a100_mixed_families,2026-05-11T10:19:27.545144+00:00,classification,cls_004,1,docker_model_runner_local,gemma3:4b,Gemma 3 4B,gemma3,4B,cpu,CPU / num_gpu=0,69,3,72,0.7375769530003708,0.0024244880003708,0.253217848,0.4819346169999999,5.649999820889207e-06,0.059168962,0.4227656549999999,0.7375826030001917,0.7525229120001313,25.995903995044536,32.854511229660645,58.85041522470518,28.7875,46.701,46.701,1,cpu:tdp_estimate;gpu:nvml,0.0,2.942520761235259e-06,0.0,2.942520761235259e-06,4.0868343906045266e-05,817.3668781209052,performance,True,,,,,,,25.995903995044536,361.0542221533963
lightning_a100_mixed_families,2026-05-11T10:19:28.300254+00:00,classification,cls_005,1,docker_model_runner_local,gemma3:4b,Gemma 3 4B,gemma3,4B,cpu,CPU / num_gpu=0,66,3,69,0.7416394999995646,0.0021549009995646,0.230266381,0.509218218,9.569999747327527e-06,0.062005827,0.447212391,0.7416490699993119,0.7520556440003929,25.269069638413203,32.88755572729674,58.15662536570994,28.0,46.713,46.749,1,cpu:tdp_estimate;gpu:nvml,0.0,2.907831268285497e-06,0.0,2.907831268285497e-06,4.214248214906518e-05,842.8496429813035,security,True,,,,,,,25.269069638413203,366.21840055671305
lightning_a100_mixed_families,2026-05-11T10:19:29.035636+00:00,classification,cls_006,1,docker_model_runner_local,gemma3:4b,Gemma 3 4B,gemma3,4B,cpu,CPU / num_gpu=0,66,3,69,0.7191262940000342,0.0023765370000342,0.228937224,0.487812533,5.330000021785963e-06,0.062512737,0.425299796,0.719131624000056,0.7323908809999011,25.12466917270161,32.881385320102,58.00605449280361,28.5875,46.701,46.701,1,cpu:tdp_estimate;gpu:nvml,0.0,2.90030272464018e-06,0.0,2.90030272464018e-06,4.203337282087217e-05,840.6674564174435,bug,True,,,,,,,25.12466917270161,364.1256401840813
lightning_a100_mixed_families,2026-05-11T10:19:29.721013+00:00,classification,cls_007,1,docker_model_runner_local,gemma3:4b,Gemma 3 4B,gemma3,4B,cpu,CPU / num_gpu=0,61,3,64,0.670822034000139,0.0026546130001389,0.192481375,0.475686046,5.530999715119833e-06,0.056976209,0.418709837,0.6708275649998541,0.682334548000199,20.867740005126088,28.201109636093683,49.06884964121977,25.485714285714288,46.68042857142857,46.701,1,cpu:tdp_estimate;gpu:nvml,0.0,2.4534424820609883e-06,0.0,2.4534424820609883e-06,3.8335038782202945e-05,766.7007756440589,concept,True,,,,,,,20.867740005126088,326.05843758009513
lightning_a100_mixed_families,2026-05-11T10:19:30.454141+00:00,classification,cls_008,1,docker_model_runner_local,gemma3:4b,Gemma 3 4B,gemma3,4B,cpu,CPU / num_gpu=0,65,3,68,0.7154001019998759,0.0025427899998758,0.221062002,0.49179531,5.548999979509972e-06,0.060051538,0.4317437719999999,0.7154056509998554,0.730595466000068,24.219239697902253,32.90113974969889,57.120379447601145,27.625,46.701,46.701,1,cpu:tdp_estimate;gpu:nvml,0.0,2.856018972380057e-06,0.0,2.856018972380057e-06,4.200027900558907e-05,840.0055801117815,performance,False,,,,,,,24.219239697902253,356.16528967503314
lightning_a100_mixed_families,2026-05-11T10:19:33.384294+00:00,classification,cls_001,0,docker_model_runner_local,mistral-small3.2:24b,Mistral Small 3.2 24B,mistral-small3.2,24B,cpu,CPU / num_gpu=0,53,2,55,2.9166127229996164,0.0026288409996162,2.558876572,0.3551073100000002,4.540000190900173e-06,0.128272306,0.2268350040000001,2.9166172629998073,2.9275272849999965,176.6118660494798,135.99088532656478,312.6027513760446,50.27333333333333,46.6994,46.749,1,cpu:tdp_estimate;gpu:nvml,0.0,1.5630137568802227e-05,0.0,1.5630137568802227e-05,0.0002841843194327,5683.686388655356,bug,True,,,,,,,176.6118660494798,3211.1248372632695
lightning_a100_mixed_families,2026-05-11T10:19:34.955140+00:00,classification,cls_002,0,docker_model_runner_local,mistral-small3.2:24b,Mistral Small 3.2 24B,mistral-small3.2,24B,cpu,CPU / num_gpu=0,53,3,56,1.5523889480000437,0.0025018000000434,1.061774171,0.4881129770000001,5.80000005356851e-06,0.246439735,0.2416732420000001,1.552394748000097,1.5673063079998428,95.35491577871043,70.4687232508755,165.82363902958593,50.7,46.728,46.749,1,cpu:tdp_estimate;gpu:nvml,0.0,8.291181951479297e-06,0.0,8.291181951479297e-06,0.0001480568205621,2961.136411242606,how-to,True,,,,,,,95.35491577871043,1702.7663531912578
lightning_a100_mixed_families,2026-05-11T10:19:36.301118+00:00,classification,cls_003,0,docker_model_runner_local,mistral-small3.2:24b,Mistral Small 3.2 24B,mistral-small3.2,24B,cpu,CPU / num_gpu=0,49,3,52,1.3284431609999956,0.0045549999999956,0.832341576,0.4915465849999999,1.3209999906393932e-05,0.275220234,0.2163263509999999,1.328456370999902,1.3417581389999214,79.83844286517818,61.06577971930855,140.90422258448672,49.58571428571429,46.725,46.749,1,cpu:tdp_estimate;gpu:nvml,0.0,7.045211129224335e-06,0.0,7.045211129224335e-06,0.0001354848294081,2709.6965881632063,concept,True,,,,,,,79.83844286517818,1535.3546704841958
lightning_a100_mixed_families,2026-05-11T10:19:37.983665+00:00,classification,cls_004,0,docker_model_runner_local,mistral-small3.2:24b,Mistral Small 3.2 24B,mistral-small3.2,24B,cpu,CPU / num_gpu=0,58,2,60,1.6657172529999116,0.0037455039999114,1.294796865,0.3671748840000002,7.749999895168003e-06,0.136087268,0.2310876160000002,1.6657250029998067,1.679258265000044,102.37943742215565,75.13756803639754,177.51700545855317,50.80588235294118,46.72076470588235,46.749,1,cpu:tdp_estimate;gpu:nvml,0.0,8.875850272927657e-06,0.0,8.875850272927657e-06,0.0001479308378821,2958.616757642553,performance,True,,,,,,,102.37943742215565,1706.3239570359274
lightning_a100_mixed_families,2026-05-11T10:19:39.524944+00:00,classification,cls_005,0,docker_model_runner_local,mistral-small3.2:24b,Mistral Small 3.2 24B,mistral-small3.2,24B,cpu,CPU / num_gpu=0,55,2,57,1.5252435990000777,0.0031679310000776,1.149422736,0.372652932,1.2319999768806156e-05,0.141903941,0.230748991,1.5252559189998465,1.5375307079998493,94.28138301455076,70.4519822158422,164.73336523039296,51.1,46.713,46.749,1,cpu:tdp_estimate;gpu:nvml,0.0,8.236668261519648e-06,0.0,8.236668261519648e-06,0.0001445029519564,2890.059039129701,security,True,,,,,,,94.28138301455076,1654.0593511324696
lightning_a100_mixed_families,2026-05-11T10:19:41.023113+00:00,classification,cls_006,0,docker_model_runner_local,mistral-small3.2:24b,Mistral Small 3.2 24B,mistral-small3.2,24B,cpu,CPU / num_gpu=0,54,2,56,1.4805419000003894,0.0035891600003894,1.103447362,0.3735053779999999,7.730000106676016e-06,0.132848686,0.2406566919999999,1.480549630000496,1.4943658289998891,89.78149900631335,65.74095480350759,155.52245380982097,50.06666666666667,46.7042,46.749,1,cpu:tdp_estimate;gpu:nvml,0.0,7.776122690491047e-06,0.0,7.776122690491047e-06,0.0001388593337587,2777.186675175374,bug,True,,,,,,,89.78149900631335,1603.2410536841671
lightning_a100_mixed_families,2026-05-11T10:19:42.358286+00:00,classification,cls_007,0,docker_model_runner_local,mistral-small3.2:24b,Mistral Small 3.2 24B,mistral-small3.2,24B,cpu,CPU / num_gpu=0,49,3,52,1.317248841000037,0.0033297640000369,0.82690165,0.4870174269999999,5.411000074673211e-06,0.264608929,0.2224084979999999,1.3172542520001116,1.3324079359999814,79.52191250029603,61.07308269967834,140.59499519997436,49.73571428571428,46.701,46.701,1,cpu:tdp_estimate;gpu:nvml,0.0,7.029749759998718e-06,0.0,7.029749759998718e-06,0.0001351874953845,2703.7499076918148,concept,True,,,,,,,79.52191250029603,1529.2675480826158
lightning_a100_mixed_families,2026-05-11T10:19:43.915678+00:00,classification,cls_008,0,docker_model_runner_local,mistral-small3.2:24b,Mistral Small 3.2 24B,mistral-small3.2,24B,cpu,CPU / num_gpu=0,53,3,56,1.544613816000037,0.0026867830000374,1.058445195,0.4834818379999999,5.139999757375335e-06,0.259059791,0.2244220469999999,1.5446189559997947,1.5549601170000642,95.28018116917892,70.29958713563465,165.57976830481357,51.0625,46.671,46.701,1,cpu:tdp_estimate;gpu:nvml,0.0,8.278988415240677e-06,0.0,8.278988415240677e-06,0.0001478390788435,2956.781576871671,how-to,True,,,,,,,95.28018116917892,1701.4318065924808
lightning_a100_mixed_families,2026-05-11T10:19:45.358611+00:00,classification,cls_001,1,docker_model_runner_local,mistral-small3.2:24b,Mistral Small 3.2 24B,mistral-small3.2,24B,cpu,CPU / num_gpu=0,53,2,55,1.4271462710003109,0.0028791860003105,1.056173382,0.368093703,5.891000000701752e-06,0.132955287,0.235138416,1.4271521620003114,1.4400980410000557,87.81141814801941,65.68102220252209,153.4924403505415,50.81333333333334,46.6786,46.701,1,cpu:tdp_estimate;gpu:nvml,0.0,7.674622017527075e-06,0.0,7.674622017527075e-06,0.0001395385821368,2790.771642737118,bug,True,,,,,,,87.81141814801941,1596.5712390548986
lightning_a100_mixed_families,2026-05-11T10:19:46.920938+00:00,classification,cls_002,1,docker_model_runner_local,mistral-small3.2:24b,Mistral Small 3.2 24B,mistral-small3.2,24B,cpu,CPU / num_gpu=0,53,3,56,1.54912157400031,0.0024038660003098,1.059771411,0.486946297,5.160000000614673e-06,0.262492666,0.224453631,1.5491267340003103,1.5599205039998196,95.151250942729,70.38505703798904,165.53630798071805,50.83125,46.707,46.749,1,cpu:tdp_estimate;gpu:nvml,0.0,8.276815399035901e-06,0.0,8.276815399035901e-06,0.0001478002749827,2956.005499655679,how-to,True,,,,,,,95.151250942729,1699.129481120161
lightning_a100_mixed_families,2026-05-11T10:19:48.257206+00:00,classification,cls_003,1,docker_model_runner_local,mistral-small3.2:24b,Mistral Small 3.2 24B,mistral-small3.2,24B,cpu,CPU / num_gpu=0,49,3,52,1.3181920900001387,0.0027544430001387,0.821816121,0.493621526,5.469999905471923e-06,0.259915458,0.233706068,1.3181975600000442,1.3327738329999193,80.91460336404366,61.01117925046935,141.925782614513,50.59285714285714,46.69757142857143,46.701,1,cpu:tdp_estimate;gpu:nvml,0.0,7.09628913072565e-06,0.0,7.09628913072565e-06,0.0001364670986678,2729.341973356019,concept,True,,,,,,,80.91460336404366,1556.0500646931473
lightning_a100_mixed_families,2026-05-11T10:19:49.951436+00:00,classification,cls_004,1,docker_model_runner_local,mistral-small3.2:24b,Mistral Small 3.2 24B,mistral-small3.2,24B,cpu,CPU / num_gpu=0,58,2,60,1.6794257090000428,0.0032261130000428,1.307289028,0.368910568,1.0890999874391127e-05,0.125032482,0.243878086,1.6794365999999172,1.6906317269999818,102.79836491560832,75.10006285063457,177.8984277662429,50.67058823529412,46.706647058823535,46.749,1,cpu:tdp_estimate;gpu:nvml,0.0,8.894921388312144e-06,0.0,8.894921388312144e-06,0.0001482486898052,2964.973796104048,performance,True,,,,,,,102.79836491560832,1713.3060819268053
lightning_a100_mixed_families,2026-05-11T10:19:51.487173+00:00,classification,cls_005,1,docker_model_runner_local,mistral-small3.2:24b,Mistral Small 3.2 24B,mistral-small3.2,24B,cpu,CPU / num_gpu=0,55,2,57,1.5195843180003976,0.0065385560003976,1.153290801,0.3597549609999999,5.461000000650529e-06,0.124492383,0.2352625779999999,1.5195897790003985,1.5328513770000427,92.30447779450007,70.4018370226301,162.7063148171302,50.18125,46.704,46.749,1,cpu:tdp_estimate;gpu:nvml,0.0,8.13531574085651e-06,0.0,8.13531574085651e-06,0.0001427248375588,2854.4967511777227,security,True,,,,,,,92.30447779450007,1619.376803412282
lightning_a100_mixed_families,2026-05-11T10:19:52.971382+00:00,classification,cls_006,1,docker_model_runner_local,mistral-small3.2:24b,Mistral Small 3.2 24B,mistral-small3.2,24B,cpu,CPU / num_gpu=0,54,2,56,1.471504503000233,0.0025036190002329,1.103840558,0.365160326,5.419999979494605e-06,0.1253462,0.239814126,1.4715099230002124,1.481812213000012,88.90873278000072,65.68259758186547,154.5913303618662,50.0,46.701,46.749,1,cpu:tdp_estimate;gpu:nvml,0.0,7.72956651809331e-06,0.0,7.72956651809331e-06,0.0001380279735373,2760.5594707476107,bug,True,,,,,,,88.90873278000072,1587.6559425000128
lightning_a100_mixed_families,2026-05-11T10:19:54.300222+00:00,classification,cls_007,1,docker_model_runner_local,mistral-small3.2:24b,Mistral Small 3.2 24B,mistral-small3.2,24B,cpu,CPU / num_gpu=0,49,3,52,1.3126030809999063,0.0028034739999065,0.825496533,0.4843030739999999,1.2550000064948108e-05,0.25334135,0.2309617239999999,1.3126156309999717,1.324822339000093,80.4205011839885,61.02692963002619,141.4474308140147,50.58571428571429,46.707857142857144,46.749,1,cpu:tdp_estimate;gpu:nvml,0.0,7.072371540700734e-06,0.0,7.072371540700734e-06,0.0001360071450134,2720.142900269513,concept,True,,,,,,,80.4205011839885,1546.5480996920867
lightning_a100_mixed_families,2026-05-11T10:19:55.880228+00:00,classification,cls_008,1,docker_model_runner_local,mistral-small3.2:24b,Mistral Small 3.2 24B,mistral-small3.2,24B,cpu,CPU / num_gpu=0,53,3,56,1.56286898999997,0.0056538389999698,1.061746599,0.4954685520000002,7.74000000092201e-06,0.259679702,0.2357888500000001,1.5628767299999708,1.576291991999824,94.9321852181894,70.40573064507129,165.33791586326066,50.1875,46.692,46.701,1,cpu:tdp_estimate;gpu:nvml,0.0,8.266895793163033e-06,0.0,8.266895793163033e-06,0.0001476231391636,2952.462783272512,how-to,True,,,,,,,94.9321852181894,1695.2175931819536
lightning_a100_mixed_families,2026-05-11T10:19:57.976580+00:00,rag_rank,rag_001,0,docker_model_runner_local,nomic-embed-text:latest,Nomic Embed Text,nomic-embed-text,137M,cpu,CPU / num_gpu=0,15,0,15,0.0302238989997931,0.0016891139997931,0.0,0.028534785,0.000496269999985,0.0,0.0,0.0307201689997782,0.0419407950003005,0.5435527032038954,4.670100000000001,5.213652703203896,10.8,46.701,46.701,1,cpu:tdp_estimate;gpu:nvml,0.0,2.606826351601948e-07,0.0,2.606826351601948e-07,1.7378842344012987e-05,347.57684688025967,,,How should I explain CPU and GPU energy measurement on the poster?,doc_energy,doc_energy|doc_cpu_gpu|doc_summarization,True,,,0.5435527032038954,36.2368468802597
lightning_a100_mixed_families,2026-05-11T10:19:58.020934+00:00,rag_rank,rag_002,0,docker_model_runner_local,nomic-embed-text:latest,Nomic Embed Text,nomic-embed-text,137M,cpu,CPU / num_gpu=0,15,0,15,0.0308535310000479,0.0017212840000479,0.0,0.029132247,0.0003703260003931,0.0,0.0,0.031223857000441,0.0421855720001076,0.7340289528018729,4.670100000000001,5.404128952801873,14.5,46.701,46.701,1,cpu:tdp_estimate;gpu:nvml,0.0,2.7020644764009365e-07,0.0,2.7020644764009365e-07,1.8013763176006242e-05,360.27526352012484,,,Why can batching make embedding jobs cheaper or faster?,doc_batching,doc_batching|doc_rag|doc_classification,True,,,0.7340289528018729,48.935263520124856
lightning_a100_mixed_families,2026-05-11T10:19:58.064712+00:00,rag_rank,rag_003,0,docker_model_runner_local,nomic-embed-text:latest,Nomic Embed Text,nomic-embed-text,137M,cpu,CPU / num_gpu=0,17,0,17,0.0307531180001205,0.0015877920001205,0.0,0.029165326,0.0003586749999158,0.0,0.0,0.0311117930000364,0.0418319340001289,0.7931334686424453,4.670100000000001,5.4632334686424455,15.8,46.701,46.701,1,cpu:tdp_estimate;gpu:nvml,0.0,2.7316167343212225e-07,0.0,2.7316167343212225e-07,1.6068333731301308e-05,321.36667462602617,,,Which latency buckets should a Python developer inspect for an LLM call?,doc_latency,doc_latency|doc_classification|doc_batching,True,,,0.7931334686424453,46.65490992014384
lightning_a100_mixed_families,2026-05-11T10:19:58.105779+00:00,rag_rank,rag_004,0,docker_model_runner_local,nomic-embed-text:latest,Nomic Embed Text,nomic-embed-text,137M,cpu,CPU / num_gpu=0,14,0,14,0.0291099859996393,0.0014463689996393,0.0,0.027663617,0.0003248360003453,0.0,0.0,0.0294348219999847,0.039429487000234,0.7381199966443819,4.670100000000001,5.408219996644382,15.6,46.701,46.701,1,cpu:tdp_estimate;gpu:nvml,0.0,2.704109998322191e-07,0.0,2.704109998322191e-07,1.931507141658708e-05,386.3014283317416,,,"For a short classification task, what usually dominates the request?",doc_classification,doc_classification|doc_summarization|doc_latency,True,,,0.7381199966443819,52.72285690317013
lightning_a100_mixed_families,2026-05-11T10:19:58.147925+00:00,rag_rank,rag_001,1,docker_model_runner_local,nomic-embed-text:latest,Nomic Embed Text,nomic-embed-text,137M,cpu,CPU / num_gpu=0,15,0,15,0.0299556929999198,0.0015178899999198,0.0,0.028437803,0.0003534069996931,0.0,0.0,0.0303090999996129,0.040196281000135,0.7138859505623988,4.670100000000001,5.3839859505623995,14.8,46.701,46.701,1,cpu:tdp_estimate;gpu:nvml,0.0,2.6919929752812e-07,0.0,2.6919929752812e-07,1.7946619835207995e-05,358.93239670415994,,,How should I explain CPU and GPU energy measurement on the poster?,doc_energy,doc_energy|doc_cpu_gpu|doc_summarization,True,,,0.7138859505623988,47.59239670415992
lightning_a100_mixed_families,2026-05-11T10:19:58.189939+00:00,rag_rank,rag_002,1,docker_model_runner_local,nomic-embed-text:latest,Nomic Embed Text,nomic-embed-text,137M,cpu,CPU / num_gpu=0,15,0,15,0.0297269900001992,0.0014882610001992,0.0,0.028238729,0.0003607769999689,0.0,0.0,0.0300877670001682,0.0403087249997042,0.7158829559947482,4.670100000000001,5.3859829559947485,14.8,46.701,46.701,1,cpu:tdp_estimate;gpu:nvml,0.0,2.692991477997374e-07,0.0,2.692991477997374e-07,1.7953276519982495e-05,359.0655303996499,,,Why can batching make embedding jobs cheaper or faster?,doc_batching,doc_batching|doc_rag|doc_classification,True,,,0.7158829559947482,47.72553039964988
lightning_a100_mixed_families,2026-05-11T10:19:58.233068+00:00,rag_rank,rag_003,1,docker_model_runner_local,nomic-embed-text:latest,Nomic Embed Text,nomic-embed-text,137M,cpu,CPU / num_gpu=0,17,0,17,0.03088863999983,0.00144280599983,0.0,0.029445834,0.0002963760002785,0.0,0.0,0.0311850160001085,0.0413871760001711,0.7896673180832658,4.670100000000001,5.459767318083267,15.9,46.701,46.701,1,cpu:tdp_estimate;gpu:nvml,0.0,2.729883659041633e-07,0.0,2.729883659041633e-07,1.6058139170833137e-05,321.16278341666276,,,Which latency buckets should a Python developer inspect for an LLM call?,doc_latency,doc_latency|doc_classification|doc_batching,True,,,0.7896673180832658,46.45101871078034
lightning_a100_mixed_families,2026-05-11T10:19:58.274097+00:00,rag_rank,rag_004,1,docker_model_runner_local,nomic-embed-text:latest,Nomic Embed Text,nomic-embed-text,137M,cpu,CPU / num_gpu=0,14,0,14,0.0288102500003333,0.0014187460003333,0.0,0.027391504,0.0003237260002606,0.0,0.0,0.0291339760005939,0.0392380430002958,0.7345361649655388,4.670100000000001,5.404636164965539,15.6,46.701,46.701,1,cpu:tdp_estimate;gpu:nvml,0.0,2.70231808248277e-07,0.0,2.70231808248277e-07,1.9302272017734068e-05,386.0454403546814,,,"For a short classification task, what usually dominates the request?",doc_classification,doc_classification|doc_summarization|doc_latency,True,,,0.7345361649655388,52.46686892610991
lightning_a100_mixed_families,2026-05-11T10:19:59.330785+00:00,rag_rank,rag_001,0,docker_model_runner_local,mxbai-embed-large:latest,mxbai Embed Large,mxbai-embed-large,335M,cpu,CPU / num_gpu=0,16,0,16,0.0473326309997901,0.0016382119997901,0.0,0.045694419,0.000411589000123,0.0,0.0,0.0477442199999131,0.0588074539996341,2.420514806624942,4.6429,7.063414806624942,34.3,46.429,46.429,1,cpu:tdp_estimate;gpu:nvml,0.0,3.53170740331247e-07,0.0,3.53170740331247e-07,2.207317127070294e-05,441.46342541405886,,,How should I explain CPU and GPU energy measurement on the poster?,doc_energy,doc_cpu_gpu|doc_energy|doc_cost,True,,,2.420514806624942,151.28217541405886
lightning_a100_mixed_families,2026-05-11T10:19:59.389242+00:00,rag_rank,rag_002,0,docker_model_runner_local,mxbai-embed-large:latest,mxbai Embed Large,mxbai-embed-large,335M,cpu,CPU / num_gpu=0,15,0,15,0.0452573699999447,0.0015480899999447,0.0,0.04370928,0.0004843990000154,0.0,0.0,0.0457417689999601,0.0563812380000854,1.9147068424829017,4.6429,6.557606842482901,28.3,46.429,46.429,1,cpu:tdp_estimate;gpu:nvml,0.0,3.278803421241451e-07,0.0,3.278803421241451e-07,2.1858689474943003e-05,437.17378949886006,,,Why can batching make embedding jobs cheaper or faster?,doc_batching,doc_batching|doc_classification|doc_rag,True,,,1.9147068424829017,127.64712283219346
lightning_a100_mixed_families,2026-05-11T10:19:59.450571+00:00,rag_rank,rag_003,0,docker_model_runner_local,mxbai-embed-large:latest,mxbai Embed Large,mxbai-embed-large,335M,cpu,CPU / num_gpu=0,18,0,18,0.0485891240000455,0.0014639580000455,0.0,0.047125166,0.0003620679999585,0.0,0.0,0.048951192000004,0.0593930260001798,1.7176463119252003,4.670100000000001,6.387746311925201,24.1,46.701,46.701,1,cpu:tdp_estimate;gpu:nvml,0.0,3.193873155962601e-07,0.0,3.193873155962601e-07,1.774373975534778e-05,354.8747951069556,,,Which latency buckets should a Python developer inspect for an LLM call?,doc_latency,doc_latency|doc_classification|doc_batching,True,,,1.7176463119252003,95.42479510695557
lightning_a100_mixed_families,2026-05-11T10:19:59.506452+00:00,rag_rank,rag_004,0,docker_model_runner_local,mxbai-embed-large:latest,mxbai Embed Large,mxbai-embed-large,335M,cpu,CPU / num_gpu=0,14,0,14,0.0431033579998256,0.0014878389998256,0.0,0.041615519,0.0003828869998869,0.0,0.0,0.0434862449997126,0.0539114289999815,1.9214033295593436,4.670100000000001,6.591503329559345,29.7,46.701,46.701,1,cpu:tdp_estimate;gpu:nvml,0.0,3.2957516647796725e-07,0.0,3.2957516647796725e-07,2.3541083319854804e-05,470.82166639709607,,,"For a short classification task, what usually dominates the request?",doc_classification,doc_classification|doc_rag|doc_summarization,True,,,1.9214033295593436,137.24309496852456
lightning_a100_mixed_families,2026-05-11T10:19:59.573199+00:00,rag_rank,rag_001,1,docker_model_runner_local,mxbai-embed-large:latest,mxbai Embed Large,mxbai-embed-large,335M,cpu,CPU / num_gpu=0,16,0,16,0.0539636100002098,0.0015049000002098,0.0,0.05245871,0.0004571200001919,0.0,0.0,0.0544207300004018,0.0648213510003188,1.8979691572893351,4.670100000000001,6.568069157289336,24.4,46.701,46.701,1,cpu:tdp_estimate;gpu:nvml,0.0,3.284034578644668e-07,0.0,3.284034578644668e-07,2.0525216116529177e-05,410.5043223305835,,,How should I explain CPU and GPU energy measurement on the poster?,doc_energy,doc_cpu_gpu|doc_energy|doc_cost,True,,,1.8979691572893351,118.62307233058344
lightning_a100_mixed_families,2026-05-11T10:19:59.630827+00:00,rag_rank,rag_002,1,docker_model_runner_local,mxbai-embed-large:latest,mxbai Embed Large,mxbai-embed-large,335M,cpu,CPU / num_gpu=0,15,0,15,0.0448477429999911,0.0015355709999911,0.0,0.043312172,0.0004469189998417,0.0,0.0,0.0452946619998329,0.0557250039996688,1.8723601343888736,4.670100000000001,6.5424601343888735,28.0,46.701,46.701,1,cpu:tdp_estimate;gpu:nvml,0.0,3.271230067194437e-07,0.0,3.271230067194437e-07,2.180820044796291e-05,436.16400895925824,,,Why can batching make embedding jobs cheaper or faster?,doc_batching,doc_batching|doc_classification|doc_rag,True,,,1.8723601343888736,124.82400895925824
lightning_a100_mixed_families,2026-05-11T10:19:59.692980+00:00,rag_rank,rag_003,1,docker_model_runner_local,mxbai-embed-large:latest,mxbai Embed Large,mxbai-embed-large,335M,cpu,CPU / num_gpu=0,18,0,18,0.0495406139998522,0.0014311769998522,0.0,0.048109437,0.0004590590001498,0.0,0.0,0.049999673000002,0.0603204139997615,1.693797225113303,4.670100000000001,6.363897225113304,23.4,46.701,46.701,1,cpu:tdp_estimate;gpu:nvml,0.0,3.1819486125566517e-07,0.0,3.1819486125566517e-07,1.7677492291981398e-05,353.549845839628,,,Which latency buckets should a Python developer inspect for an LLM call?,doc_latency,doc_latency|doc_classification|doc_batching,True,,,1.693797225113303,94.09984583962795
lightning_a100_mixed_families,2026-05-11T10:19:59.749128+00:00,rag_rank,rag_004,1,docker_model_runner_local,mxbai-embed-large:latest,mxbai Embed Large,mxbai-embed-large,335M,cpu,CPU / num_gpu=0,14,0,14,0.0434519959999306,0.0014404289999306,0.0,0.042011567,0.0004573279998112,0.0,0.0,0.0439093239997419,0.0542403350000313,1.737860333401004,4.670100000000001,6.407960333401005,26.7,46.701,46.701,1,cpu:tdp_estimate;gpu:nvml,0.0,3.203980166700502e-07,0.0,3.203980166700502e-07,2.28855726192893e-05,457.71145238578606,,,"For a short classification task, what usually dominates the request?",doc_classification,doc_classification|doc_rag|doc_summarization,True,,,1.737860333401004,124.13288095721457
lightning_a100_mixed_families,2026-05-11T10:20:03.193080+00:00,rag_rank,rag_001,0,docker_model_runner_local,bge-m3:latest,BGE-M3,bge-m3,567M,cpu,CPU / num_gpu=0,16,0,16,0.1750155750000885,0.0016617220000885,0.0,0.173353853,0.000407387999985,0.0,0.0,0.1754229630000736,0.1865069890000086,1.8688000297800864,4.726347732832532,6.595147762612618,8.35,46.565,46.701,1,cpu:tdp_estimate;gpu:nvml,0.0,3.297573881306309e-07,0.0,3.297573881306309e-07,2.060983675816443e-05,412.1967351632886,,,How should I explain CPU and GPU energy measurement on the poster?,doc_energy,doc_energy|doc_cpu_gpu|doc_cost,True,,,1.8688000297800864,116.8000018612554
lightning_a100_mixed_families,2026-05-11T10:20:03.387308+00:00,rag_rank,rag_002,0,docker_model_runner_local,bge-m3:latest,BGE-M3,bge-m3,567M,cpu,CPU / num_gpu=0,17,0,17,0.1815055320003011,0.0016179610003011,0.0,0.179887571,0.000514818999818,0.0,0.0,0.1820203510001192,0.1922278910001296,2.6412112223417807,4.738304241931098,7.379515464272878,11.45,46.701,46.701,1,cpu:tdp_estimate;gpu:nvml,0.0,3.6897577321364387e-07,0.0,3.6897577321364387e-07,2.1704457247861404e-05,434.08914495722814,,,Why can batching make embedding jobs cheaper or faster?,doc_batching,doc_batching|doc_classification|doc_cpu_gpu,True,,,2.6412112223417807,155.36536602010474
lightning_a100_mixed_families,2026-05-11T10:20:03.582167+00:00,rag_rank,rag_003,0,docker_model_runner_local,bge-m3:latest,BGE-M3,bge-m3,567M,cpu,CPU / num_gpu=0,19,0,19,0.1823762369999713,0.0016203699999713,0.0,0.180755867,0.0005023290000281,0.0,0.0,0.1828785659999994,0.1930234960000234,2.4205146398402944,4.733668093571868,7.154182733412163,10.45,46.701,46.701,1,cpu:tdp_estimate;gpu:nvml,0.0,3.577091366706082e-07,0.0,3.577091366706082e-07,1.8826796666874115e-05,376.5359333374823,,,Which latency buckets should a Python developer inspect for an LLM call?,doc_latency,doc_latency|doc_classification|doc_cpu_gpu,True,,,2.4205146398402944,127.39550736001549
lightning_a100_mixed_families,2026-05-11T10:20:03.769463+00:00,rag_rank,rag_004,0,docker_model_runner_local,bge-m3:latest,BGE-M3,bge-m3,567M,cpu,CPU / num_gpu=0,16,0,16,0.1749477450002814,0.0015044010002814,0.0,0.173443344,0.0003866870001729,0.0,0.0,0.1753344320004544,0.1854998590001741,2.693457952682529,4.7386922805564415,7.43215023323897,12.1,46.701,46.701,1,cpu:tdp_estimate;gpu:nvml,0.0,3.716075116619485e-07,0.0,3.716075116619485e-07,2.3225469478871783e-05,464.5093895774356,,,"For a short classification task, what usually dominates the request?",doc_classification,doc_classification|doc_summarization|doc_rag,True,,,2.693457952682529,168.34112204265804
lightning_a100_mixed_families,2026-05-11T10:20:03.963363+00:00,rag_rank,rag_001,1,docker_model_runner_local,bge-m3:latest,BGE-M3,bge-m3,567M,cpu,CPU / num_gpu=0,16,0,16,0.1812796660001367,0.0015895590001367,0.0,0.179690107,0.0004946590001964,0.0,0.0,0.1817743250003332,0.1919089140001233,2.5677412693216497,4.767843184855506,7.335584454177155,11.15,46.701,46.701,1,cpu:tdp_estimate;gpu:nvml,0.0,3.667792227088578e-07,0.0,3.667792227088578e-07,2.292370141930361e-05,458.47402838607223,,,How should I explain CPU and GPU energy measurement on the poster?,doc_energy,doc_energy|doc_cpu_gpu|doc_cost,True,,,2.5677412693216497,160.4838293326031
lightning_a100_mixed_families,2026-05-11T10:20:04.156237+00:00,rag_rank,rag_002,1,docker_model_runner_local,bge-m3:latest,BGE-M3,bge-m3,567M,cpu,CPU / num_gpu=0,17,0,17,0.1799325910001243,0.0016505530001243,0.0,0.178282038,0.0004259580000507,0.0,0.0,0.1803585490001751,0.1906457489999411,2.29918773293929,4.746853934115488,7.046041667054778,10.05,46.701,46.701,1,cpu:tdp_estimate;gpu:nvml,0.0,3.523020833527389e-07,0.0,3.523020833527389e-07,2.0723651961925816e-05,414.4730392385164,,,Why can batching make embedding jobs cheaper or faster?,doc_batching,doc_batching|doc_classification|doc_cpu_gpu,True,,,2.29918773293929,135.24633723172295
lightning_a100_mixed_families,2026-05-11T10:20:04.350854+00:00,rag_rank,rag_003,1,docker_model_runner_local,bge-m3:latest,BGE-M3,bge-m3,567M,cpu,CPU / num_gpu=0,19,0,19,0.1798867200000131,0.0016819030000131,0.0,0.178204817,0.0003795469997385,0.0,0.0,0.1802662669997516,0.1924889749998328,2.5986011624977436,4.747002405077649,7.345603567575393,11.25,46.725,46.749,1,cpu:tdp_estimate;gpu:nvml,0.0,3.6728017837876963e-07,0.0,3.6728017837876963e-07,1.933053570414577e-05,386.6107140829154,,,Which latency buckets should a Python developer inspect for an LLM call?,doc_latency,doc_latency|doc_classification|doc_cpu_gpu,True,,,2.5986011624977436,136.76848223672337
lightning_a100_mixed_families,2026-05-11T10:20:04.543379+00:00,rag_rank,rag_004,1,docker_model_runner_local,bge-m3:latest,BGE-M3,bge-m3,567M,cpu,CPU / num_gpu=0,16,0,16,0.1797727769999255,0.0016041209999255,0.0,0.178168656,0.000517899999977,0.0,0.0,0.1802906769999026,0.1904215949998615,2.7763468550979815,4.723689290410814,7.500036145508796,12.15,46.565,46.701,1,cpu:tdp_estimate;gpu:nvml,0.0,3.750018072754398e-07,0.0,3.750018072754398e-07,2.3437612954714986e-05,468.75225909429975,,,"For a short classification task, what usually dominates the request?",doc_classification,doc_classification|doc_summarization|doc_rag,True,,,2.7763468550979815,173.52167844362384
lightning_a100_mixed_families,2026-05-11T10:20:05.426988+00:00,batch_embeddings,batch_0,0,docker_model_runner_local,nomic-embed-text:latest,Nomic Embed Text,nomic-embed-text,137M,cpu,CPU / num_gpu=0,203,0,203,0.8704190560001734,0.0018796860001734,0.0,0.86853937,1.640000391489593e-06,0.0,0.0,0.8704206960005649,0.8808577989998412,9.066962944371696,37.48308700608602,46.55004995045772,8.577777777777778,46.629888888888885,46.701,1,cpu:tdp_estimate;gpu:nvml,0.0,2.327502497522886e-06,0.0,2.327502497522886e-06,1.1465529544447711e-05,229.31059088895427,,,,,,,4.0,768.0,9.066962944371696,44.66484209050096
lightning_a100_mixed_families,2026-05-11T10:20:05.570048+00:00,batch_embeddings,batch_1,0,docker_model_runner_local,nomic-embed-text:latest,Nomic Embed Text,nomic-embed-text,137M,cpu,CPU / num_gpu=0,179,0,179,0.1296875450002517,0.0019166290002516,0.0,0.127770916,1.2300001799303573e-06,0.0,0.0,0.1296887750004316,0.1408392309999726,7.072946180818625,4.744806095281541,11.817752276100164,41.849999999999994,46.701,46.701,1,cpu:tdp_estimate;gpu:nvml,0.0,5.908876138050082e-07,0.0,5.908876138050082e-07,3.3010481218156887e-06,66.02096243631378,,,,,,,4.0,768.0,7.072946180818625,39.513665814629185
lightning_a100_mixed_families,2026-05-11T10:20:05.792019+00:00,batch_embeddings,batch_2,0,docker_model_runner_local,nomic-embed-text:latest,Nomic Embed Text,nomic-embed-text,137M,cpu,CPU / num_gpu=0,323,0,323,0.2087895439999556,0.0018213669999556,0.0,0.206968177,7.600001481478103e-07,0.0,0.0,0.2087903040001038,0.2196793140001318,11.300303912166784,9.426508491704354,20.726812403871136,42.86666666666667,46.701,46.701,1,cpu:tdp_estimate;gpu:nvml,0.0,1.0363406201935569e-06,0.0,1.0363406201935569e-06,3.2084848922401136e-06,64.16969784480229,,,,,,,3.0,768.0,11.300303912166784,34.985461028380136
lightning_a100_mixed_families,2026-05-11T10:20:05.947015+00:00,batch_embeddings,batch_0,1,docker_model_runner_local,nomic-embed-text:latest,Nomic Embed Text,nomic-embed-text,137M,cpu,CPU / num_gpu=0,203,0,203,0.1414988129999983,0.0020161279999983,0.0,0.139482685,7.809999260643963e-07,0.0,0.0,0.1414995939999244,0.1527002510001693,5.222348584205792,4.747402885045779,9.969751469251571,28.5,46.725,46.749,1,cpu:tdp_estimate;gpu:nvml,0.0,4.984875734625786e-07,0.0,4.984875734625786e-07,2.4556038101604855e-06,49.11207620320971,,,,,,,4.0,768.0,5.222348584205792,25.725855094609816
lightning_a100_mixed_families,2026-05-11T10:20:06.089480+00:00,batch_embeddings,batch_1,1,docker_model_runner_local,nomic-embed-text:latest,Nomic Embed Text,nomic-embed-text,137M,cpu,CPU / num_gpu=0,179,0,179,0.1296018610000828,0.0019757680000828,0.0,0.127626093,9.499999578110874e-07,0.0,0.0,0.1296028110000406,0.140193796999938,6.754537139457017,4.743001792749861,11.497538932206878,40.150000000000006,46.749,46.749,1,cpu:tdp_estimate;gpu:nvml,0.0,5.748769466103439e-07,0.0,5.748769466103439e-07,3.211603053689072e-06,64.23206107378144,,,,,,,4.0,768.0,6.754537139457017,37.734844354508475
lightning_a100_mixed_families,2026-05-11T10:20:06.308603+00:00,batch_embeddings,batch_2,1,docker_model_runner_local,nomic-embed-text:latest,Nomic Embed Text,nomic-embed-text,137M,cpu,CPU / num_gpu=0,323,0,323,0.2063681859999633,0.0019087489999633,0.0,0.204459437,6.999998731771484e-07,0.0,0.0,0.2063688859998365,0.2168607789999441,11.18134176523712,9.458568694102668,20.639910459339788,42.96666666666667,46.62633333333334,46.749,1,cpu:tdp_estimate;gpu:nvml,0.0,1.0319955229669894e-06,0.0,1.0319955229669894e-06,3.1950325788451683e-06,63.90065157690338,,,,,,,3.0,768.0,11.18134176523712,34.61715716791678
lightning_a100_mixed_families,2026-05-11T10:20:07.051061+00:00,batch_embeddings,batch_0,0,docker_model_runner_local,mxbai-embed-large:latest,mxbai Embed Large,mxbai-embed-large,335M,cpu,CPU / num_gpu=0,215,0,215,0.7290376850000939,0.0021699910000939,0.0,0.726867694,9.099999260797632e-07,0.0,0.0,0.72903859500002,0.7403121540000939,22.831226829362897,32.834876525831184,55.66610335519408,25.7,46.667,46.701,1,cpu:tdp_estimate;gpu:nvml,0.0,2.783305167759704e-06,0.0,2.783305167759704e-06,1.2945605431440484e-05,258.9121086288097,,,,,,,4.0,1024.0,22.831226829362897,106.19175269471116
lightning_a100_mixed_families,2026-05-11T10:20:07.364608+00:00,batch_embeddings,batch_1,0,docker_model_runner_local,mxbai-embed-large:latest,mxbai Embed Large,mxbai-embed-large,335M,cpu,CPU / num_gpu=0,181,0,181,0.2995811400001003,0.0021632830001002,0.0,0.297417857,7.600001481478103e-07,0.0,0.0,0.2995819000002484,0.3112918259998878,15.875883125994278,9.4296482466461,25.305531372640377,42.5,46.701,46.701,1,cpu:tdp_estimate;gpu:nvml,0.0,1.2652765686320188e-06,0.0,1.2652765686320188e-06,6.990478279734911e-06,139.8095655946982,,,,,,,4.0,1024.0,15.875883125994278,87.71206146958164
lightning_a100_mixed_families,2026-05-11T10:20:07.903887+00:00,batch_embeddings,batch_2,0,docker_model_runner_local,mxbai-embed-large:latest,mxbai Embed Large,mxbai-embed-large,335M,cpu,CPU / num_gpu=0,329,0,329,0.5265888870003437,0.0019159180003436,0.0,0.524672969,7.300000106624793e-07,0.0,0.0,0.5265896170003543,0.5370435490003729,32.39446687570249,23.50207375167414,55.89654062737663,50.26666666666667,46.693000000000005,46.701,1,cpu:tdp_estimate;gpu:nvml,0.0,2.794827031368832e-06,0.0,2.794827031368832e-06,8.494914988963015e-06,169.89829977926027,,,,,,,3.0,1024.0,32.39446687570249,98.46342515411091
lightning_a100_mixed_families,2026-05-11T10:20:08.256123+00:00,batch_embeddings,batch_0,1,docker_model_runner_local,mxbai-embed-large:latest,mxbai Embed Large,mxbai-embed-large,335M,cpu,CPU / num_gpu=0,215,0,215,0.3393540030001531,0.0020464090001531,0.0,0.337307594,7.799999366397969e-07,0.0,0.0,0.3393547830000898,0.349983469000108,18.88860782193583,14.085882543256782,32.974490365192615,44.975,46.621,46.701,1,cpu:tdp_estimate;gpu:nvml,0.0,1.6487245182596308e-06,0.0,1.6487245182596308e-06,7.668486131440143e-06,153.36972262880286,,,,,,,4.0,1024.0,18.88860782193583,87.85398986946899
lightning_a100_mixed_families,2026-05-11T10:20:08.566360+00:00,batch_embeddings,batch_1,1,docker_model_runner_local,mxbai-embed-large:latest,mxbai Embed Large,mxbai-embed-large,335M,cpu,CPU / num_gpu=0,181,0,181,0.2940040009998483,0.0022229729998483,0.0,0.291781028,9.689997568784747e-07,0.0,0.0,0.2940049699996052,0.3046697589998075,16.232804759509744,9.425400724302484,25.658205483812228,44.4,46.685,46.701,1,cpu:tdp_estimate;gpu:nvml,0.0,1.2829102741906117e-06,0.0,1.2829102741906117e-06,7.0879020673514445e-06,141.7580413470289,,,,,,,4.0,1024.0,16.232804759509744,89.68400419618642
lightning_a100_mixed_families,2026-05-11T10:20:09.119184+00:00,batch_embeddings,batch_2,1,docker_model_runner_local,mxbai-embed-large:latest,mxbai Embed Large,mxbai-embed-large,335M,cpu,CPU / num_gpu=0,329,0,329,0.5399812979999297,0.0022226839999296,0.0,0.537758614,9.800000952964183e-07,0.0,0.0,0.539982278000025,0.5507442670000273,32.813343427861625,23.468071747544755,56.28141517540638,49.65,46.653,46.653,1,cpu:tdp_estimate;gpu:nvml,0.0,2.814070758770319e-06,0.0,2.814070758770319e-06,8.553406561611912e-06,171.06813123223824,,,,,,,3.0,1024.0,32.813343427861625,99.73660616371315
lightning_a100_mixed_families,2026-05-11T10:20:09.851180+00:00,batch_embeddings,batch_0,0,docker_model_runner_local,bge-m3:latest,BGE-M3,bge-m3,567M,cpu,CPU / num_gpu=0,241,0,241,0.7179900010000893,0.0024255370000892,0.0,0.715564464,1.1490001270431094e-06,0.0,0.0,0.7179911500002163,0.7296090770000774,32.1100954787734,32.85549630745554,64.96559178622894,36.675,46.649,46.701,1,cpu:tdp_estimate;gpu:nvml,0.0,3.248279589311447e-06,0.0,3.248279589311447e-06,1.3478338544860775e-05,269.5667708972155,,,,,,,4.0,1024.0,32.1100954787734,133.23691070030458
lightning_a100_mixed_families,2026-05-11T10:20:10.342855+00:00,batch_embeddings,batch_1,0,docker_model_runner_local,bge-m3:latest,BGE-M3,bge-m3,567M,cpu,CPU / num_gpu=0,202,0,202,0.4786625750002713,0.0022657850002713,0.0,0.47639679,8.900001375877764e-07,0.0,0.0,0.4786634650004089,0.4893522029997257,17.229112363214337,18.84827403103517,36.07738639424951,29.339999999999996,46.6466,46.701,1,cpu:tdp_estimate;gpu:nvml,0.0,1.8038693197124752e-06,0.0,1.8038693197124752e-06,8.930046137190472e-06,178.60092274380946,,,,,,,4.0,1024.0,17.229112363214337,85.29263546145711
lightning_a100_mixed_families,2026-05-11T10:20:11.077314+00:00,batch_embeddings,batch_2,0,docker_model_runner_local,bge-m3:latest,BGE-M3,bge-m3,567M,cpu,CPU / num_gpu=0,377,0,377,0.721574450999924,0.001977047999924,0.0,0.719597403,1.0700000530050602e-06,0.0,0.0,0.721575520999977,0.7321007370001098,37.128488876960574,32.769391807600385,69.89788068456096,42.2625,46.573,46.749,1,cpu:tdp_estimate;gpu:nvml,0.0,3.494894034228048e-06,0.0,3.494894034228048e-06,9.270275952859544e-06,185.40551905719087,,,,,,,3.0,1024.0,37.128488876960574,98.48405537655324
lightning_a100_mixed_families,2026-05-11T10:20:11.605351+00:00,batch_embeddings,batch_0,1,docker_model_runner_local,bge-m3:latest,BGE-M3,bge-m3,567M,cpu,CPU / num_gpu=0,241,0,241,0.5138800889999402,0.0021383509999401,0.0,0.511741738,8.900001375877764e-07,0.0,0.0,0.5138809790000778,0.5245631969996793,22.67162137432614,23.49979038271709,46.17141175704323,36.016666666666666,46.709,46.749,1,cpu:tdp_estimate;gpu:nvml,0.0,2.3085705878521617e-06,0.0,2.3085705878521617e-06,9.579131069925984e-06,191.58262139851965,,,,,,,4.0,1024.0,22.67162137432614,94.0731177357931
lightning_a100_mixed_families,2026-05-11T10:20:12.073929+00:00,batch_embeddings,batch_1,1,docker_model_runner_local,bge-m3:latest,BGE-M3,bge-m3,567M,cpu,CPU / num_gpu=0,202,0,202,0.4556218650000119,0.0021949020000118,0.0,0.453426963,7.399999049084727e-07,0.0,0.0,0.4556226049999168,0.466271192000022,17.110287661632807,18.79527054311203,35.905558204744835,30.58,46.701,46.701,1,cpu:tdp_estimate;gpu:nvml,0.0,1.7952779102372418e-06,0.0,1.7952779102372418e-06,8.887514407115057e-06,177.75028814230117,,,,,,,4.0,1024.0,17.110287661632807,84.70439436451885
lightning_a100_mixed_families,2026-05-11T10:20:12.799028+00:00,batch_embeddings,batch_2,1,docker_model_runner_local,bge-m3:latest,BGE-M3,bge-m3,567M,cpu,CPU / num_gpu=0,377,0,377,0.7121423260000483,0.0018732450000483,0.0,0.710269081,9.99999883788405e-07,0.0,0.0,0.7121433259999321,0.7227204629998596,36.29502165185295,32.809503323282286,69.10452497513523,41.85,46.633,46.701,1,cpu:tdp_estimate;gpu:nvml,0.0,3.4552262487567616e-06,0.0,3.4552262487567616e-06,9.16505636275003e-06,183.3011272550006,,,,,,,3.0,1024.0,36.29502165185295,96.2732669810423
lightning_a100_mixed_families,2026-05-11T10:20:15.722309+00:00,chat,chat_001,0,docker_model_runner_local,llama3.2:3b,Llama 3.2 3B,llama3.2,3B,gpu,A100 40GB / Docker Model Runner GPU,67,96,163,2.5361169299999347,0.0019405079999348,0.020357155,2.5138192669999997,1.4600000213249589e-06,0.382081388,2.1317378789999997,2.536118389999956,2.547006250999857,12.260896245197774,168.94625797824114,181.20715422343892,4.0115384615384615,69.76115384615385,213.167,1,cpu:tdp_estimate;gpu:nvml,0.0,9.060357711171944e-06,0.0,9.060357711171944e-06,5.558501663295672e-05,1111.7003326591343,,,,,,,,,168.94625797824114,1036.480110295958
lightning_a100_mixed_families,2026-05-11T10:20:16.387528+00:00,chat,chat_002,0,docker_model_runner_local,llama3.2:3b,Llama 3.2 3B,llama3.2,3B,gpu,A100 40GB / Docker Model Runner GPU,60,96,156,0.6531722409999929,0.0020756009999929,0.015758816,0.635337824,1.6909998521441594e-06,0.358220062,0.277117762,0.6531739319998451,0.6629837809996388,2.9663788601298124,94.48477693023628,97.45115579036607,3.7285714285714286,165.12985714285716,219.616,1,cpu:tdp_estimate;gpu:nvml,0.0,4.8725577895183035e-06,0.0,4.8725577895183035e-06,3.123434480460451e-05,624.6868960920901,,,,,,,,,94.48477693023628,605.6716469886941
lightning_a100_mixed_families,2026-05-11T10:20:17.050365+00:00,chat,chat_003,0,docker_model_runner_local,llama3.2:3b,Llama 3.2 3B,llama3.2,3B,gpu,A100 40GB / Docker Model Runner GPU,62,96,158,0.6504267070004062,0.0017989860004061,0.011371451,0.63725627,1.6089998098323122e-06,0.357390077,0.279866193,0.650428316000216,0.660864070000116,2.9342364708005153,100.96559427514808,103.8998307459486,3.7,174.93157142857143,220.213,1,cpu:tdp_estimate;gpu:nvml,0.0,5.19499153729743e-06,0.0,5.19499153729743e-06,3.2879693274034366e-05,657.5938654806873,,,,,,,,,100.96559427514808,639.0227485768866
lightning_a100_mixed_families,2026-05-11T10:20:17.710003+00:00,chat,chat_004,0,docker_model_runner_local,llama3.2:3b,Llama 3.2 3B,llama3.2,3B,gpu,A100 40GB / Docker Model Runner GPU,58,96,154,0.6478286050000861,0.0019777470000861,0.010499095,0.635351763,1.8599998838908505e-06,0.357477869,0.2778738939999999,0.64783046499997,0.6575122540002667,2.9982558782412165,92.37920971802814,95.37746559626936,3.8,162.44771428571428,220.213,1,cpu:tdp_estimate;gpu:nvml,0.0,4.768873279813467e-06,0.0,4.768873279813467e-06,3.096670960917836e-05,619.3341921835672,,,,,,,,,92.37920971802814,599.8649981690138
lightning_a100_mixed_families,2026-05-11T10:20:18.367909+00:00,chat,chat_005,0,docker_model_runner_local,llama3.2:3b,Llama 3.2 3B,llama3.2,3B,gpu,A100 40GB / Docker Model Runner GPU,71,96,167,0.6458855269997912,0.0021877009997911,0.013114226,0.6305836,1.7400002434442283e-06,0.357545113,0.273038487,0.6458872670000346,0.6556596979999085,2.8774094175081704,100.47467654192144,103.35208595942964,3.6571428571428575,173.32571428571427,216.667,1,cpu:tdp_estimate;gpu:nvml,0.0,5.167604297971482e-06,0.0,5.167604297971482e-06,3.0943738311206475e-05,618.8747662241295,,,,,,,,,100.47467654192144,601.6447697121044
lightning_a100_mixed_families,2026-05-11T10:20:19.022333+00:00,chat,chat_001,1,docker_model_runner_local,llama3.2:3b,Llama 3.2 3B,llama3.2,3B,gpu,A100 40GB / Docker Model Runner GPU,67,96,163,0.6423802100002831,0.002030550000283,0.011240269,0.6291093910000001,2.1400001060101204e-06,0.357259816,0.271849575,0.6423823500003891,0.6522659319998638,2.8513339313136905,91.65484224651772,94.5061761778314,3.642857142857143,161.15285714285713,217.87,1,cpu:tdp_estimate;gpu:nvml,0.0,4.72530880889157e-06,0.0,4.72530880889157e-06,2.898962459442681e-05,579.7924918885362,,,,,,,,,91.65484224651772,562.2996456841578
lightning_a100_mixed_families,2026-05-11T10:20:19.670770+00:00,chat,chat_002,1,docker_model_runner_local,llama3.2:3b,Llama 3.2 3B,llama3.2,3B,gpu,A100 40GB / Docker Model Runner GPU,60,96,156,0.6364375749999454,0.0021838229999453,0.010676417,0.623577335,1.7299998944508843e-06,0.357476265,0.26610107,0.6364393049998398,0.6462938849999773,2.90278282062847,100.99985400549173,103.9026368261202,3.742857142857143,174.73042857142858,220.819,1,cpu:tdp_estimate;gpu:nvml,0.0,5.1951318413060095e-06,0.0,5.1951318413060095e-06,3.3302127187859034e-05,666.0425437571807,,,,,,,,,100.99985400549173,647.4349615736649
lightning_a100_mixed_families,2026-05-11T10:20:20.320332+00:00,chat,chat_003,1,docker_model_runner_local,llama3.2:3b,Llama 3.2 3B,llama3.2,3B,gpu,A100 40GB / Docker Model Runner GPU,62,96,158,0.6376140570000643,0.0020883610000643,0.011167007,0.624358689,2.2700000954500865e-06,0.357459131,0.266899558,0.6376163270001598,0.6474423280001247,2.708158766263378,93.1601957029035,95.86835446916687,3.4857142857142853,164.246,223.17,1,cpu:tdp_estimate;gpu:nvml,0.0,4.793417723458344e-06,0.0,4.793417723458344e-06,3.033808685733129e-05,606.7617371466257,,,,,,,,,93.1601957029035,589.6214917905285
lightning_a100_mixed_families,2026-05-11T10:20:20.972144+00:00,chat,chat_004,1,docker_model_runner_local,llama3.2:3b,Llama 3.2 3B,llama3.2,3B,gpu,A100 40GB / Docker Model Runner GPU,58,96,154,0.6400606649999645,0.0018763769999644,0.010572926,0.627611362,1.7600000319362152e-06,0.357233135,0.270378227,0.6400624249999964,0.64994515699982,2.91918224801062,101.93556906550477,104.85475131351537,3.742857142857143,175.9774285714286,221.967,1,cpu:tdp_estimate;gpu:nvml,0.0,5.242737565675768e-06,0.0,5.242737565675768e-06,3.404375042646603e-05,680.8750085293206,,,,,,,,,101.93556906550477,661.9192796461348
lightning_a100_mixed_families,2026-05-11T10:20:21.630175+00:00,chat,chat_005,1,docker_model_runner_local,llama3.2:3b,Llama 3.2 3B,llama3.2,3B,gpu,A100 40GB / Docker Model Runner GPU,71,96,167,0.6463235380001606,0.0019900100001606,0.012741787,0.631591741,1.5499999790336003e-06,0.357527806,0.274063935,0.6463250880001397,0.6560969569995905,2.913070489078182,92.8796773950128,95.79274788409096,3.7,163.23114285714286,219.018,1,cpu:tdp_estimate;gpu:nvml,0.0,4.789637394204549e-06,0.0,4.789637394204549e-06,2.8680463438350592e-05,573.6092687670118,,,,,,,,,92.8796773950128,556.1657329042683
lightning_a100_mixed_families,2026-05-11T10:20:25.402273+00:00,chat,chat_001,0,docker_model_runner_local,gemma3:4b,Gemma 3 4B,gemma3,4B,gpu,A100 40GB / Docker Model Runner GPU,58,96,154,3.758863112000199,0.0028402340001991,0.022040809,3.733982069,1.779999820428202e-06,0.611121001,3.122861068,3.758864892000019,3.768692213999657,22.005195485322204,335.1905180257904,357.1957135111126,4.86578947368421,93.23871052631578,217.264,1,cpu:tdp_estimate;gpu:nvml,0.0,1.785978567555563e-05,0.0,1.785978567555563e-05,0.0001159726342568,2319.4526851370947,,,,,,,,,335.1905180257904,2176.5618053622757
lightning_a100_mixed_families,2026-05-11T10:20:26.574269+00:00,chat,chat_002,0,docker_model_runner_local,gemma3:4b,Gemma 3 4B,gemma3,4B,gpu,A100 40GB / Docker Model Runner GPU,51,96,147,1.1599046490000546,0.0025092080000546,0.016164404,1.141231037,1.8099999579135329e-06,0.600988793,0.5402422440000001,1.1599064590000123,1.1697183199999015,6.877943721599421,149.66914297028504,156.54708669188446,4.8999999999999995,140.06033333333332,192.301,1,cpu:tdp_estimate;gpu:nvml,0.0,7.827354334594223e-06,0.0,7.827354334594223e-06,5.3247308398600155e-05,1064.9461679720032,,,,,,,,,149.66914297028504,1018.1574351720071
lightning_a100_mixed_families,2026-05-11T10:20:27.689858+00:00,chat,chat_003,0,docker_model_runner_local,gemma3:4b,Gemma 3 4B,gemma3,4B,gpu,A100 40GB / Docker Model Runner GPU,52,96,148,1.1006720079999468,0.0027769549999467,0.01592716,1.081967893,1.4590000319003591e-06,0.601669999,0.4802978940000001,1.1006734669999787,1.110315405000165,6.5649921764737025,139.7834749392079,146.34846711568164,4.927272727272728,144.04527272727273,193.177,1,cpu:tdp_estimate;gpu:nvml,0.0,7.317423355784082e-06,0.0,7.317423355784082e-06,4.94420497012438e-05,988.840994024876,,,,,,,,,139.7834749392079,944.4829387784318
lightning_a100_mixed_families,2026-05-11T10:20:28.815463+00:00,chat,chat_004,0,docker_model_runner_local,gemma3:4b,Gemma 3 4B,gemma3,4B,gpu,A100 40GB / Docker Model Runner GPU,49,96,145,1.113619369999924,0.0026125509999239,0.015551732,1.095455087,1.7299998944508843e-06,0.606149042,0.4893060449999999,1.1136210999998184,1.123244676000013,6.750700502760079,156.11243571213373,162.8631362148938,5.008333333333334,145.77591666666666,198.803,1,cpu:tdp_estimate;gpu:nvml,0.0,8.14315681074469e-06,0.0,8.14315681074469e-06,5.615970214306683e-05,1123.1940428613368,,,,,,,,,156.11243571213373,1076.6374876698878
lightning_a100_mixed_families,2026-05-11T10:20:29.934363+00:00,chat,chat_005,0,docker_model_runner_local,gemma3:4b,Gemma 3 4B,gemma3,4B,gpu,A100 40GB / Docker Model Runner GPU,65,96,161,1.106916919000014,0.0026940230000138,0.018260986,1.08596191,1.980999968509422e-06,0.600822923,0.485138987,1.1069188999999824,1.116595007000342,6.487416990671987,152.0364727257437,158.52388971641568,4.841666666666667,142.16708333333332,195.521,1,cpu:tdp_estimate;gpu:nvml,0.0,7.926194485820784e-06,0.0,7.926194485820784e-06,4.9231021651060776e-05,984.6204330212154,,,,,,,,,152.0364727257437,944.3259175512031
lightning_a100_mixed_families,2026-05-11T10:20:31.062185+00:00,chat,chat_001,1,docker_model_runner_local,gemma3:4b,Gemma 3 4B,gemma3,4B,gpu,A100 40GB / Docker Model Runner GPU,58,96,154,1.1155769480001254,0.0026175320001253,0.016166694,1.096792722,1.6500002857355869e-06,0.601060802,0.49573192,1.1155785980004111,1.1255239510001047,6.9864341249351956,141.1300926923074,148.1165268172426,5.172727272727273,139.392,194.853,1,cpu:tdp_estimate;gpu:nvml,0.0,7.405826340862129e-06,0.0,7.405826340862129e-06,4.808978143416967e-05,961.7956286833936,,,,,,,,,141.1300926923074,916.4291733266713
lightning_a100_mixed_families,2026-05-11T10:20:32.191327+00:00,chat,chat_002,1,docker_model_runner_local,gemma3:4b,Gemma 3 4B,gemma3,4B,gpu,A100 40GB / Docker Model Runner GPU,51,96,147,1.1170394260002467,0.0027784340002467,0.016380289,1.097880703,2.100000074278796e-06,0.604366309,0.4935143939999999,1.117041526000321,1.126843865999945,6.828673827959665,161.77533215270387,168.60400598066354,5.05,150.35541666666668,197.872,1,cpu:tdp_estimate;gpu:nvml,0.0,8.430200299033177e-06,0.0,8.430200299033177e-06,5.734830135396719e-05,1146.9660270793438,,,,,,,,,161.77533215270387,1100.5124636238359
lightning_a100_mixed_families,2026-05-11T10:20:33.295817+00:00,chat,chat_003,1,docker_model_runner_local,gemma3:4b,Gemma 3 4B,gemma3,4B,gpu,A100 40GB / Docker Model Runner GPU,52,96,148,1.0918735369996284,0.0023881159996284,0.015867349,1.073618072,1.880000127130188e-06,0.600222056,0.4733960159999999,1.0918754169997555,1.101590245999887,6.261038379992085,143.44207690873117,149.70311528872324,4.736363636363636,147.54381818181818,198.47,1,cpu:tdp_estimate;gpu:nvml,0.0,7.485155764436162e-06,0.0,7.485155764436162e-06,5.057537678673082e-05,1011.5075357346165,,,,,,,,,143.44207690873117,969.2032223562917
lightning_a100_mixed_families,2026-05-11T10:20:34.432379+00:00,chat,chat_004,1,docker_model_runner_local,gemma3:4b,Gemma 3 4B,gemma3,4B,gpu,A100 40GB / Docker Model Runner GPU,49,96,145,1.1238916790002804,0.0027932150002805,0.015171685,1.1059267789999998,1.880000127130188e-06,0.602498831,0.5034279479999998,1.1238935590004075,1.134217350000199,7.00946322300123,160.52136691768024,167.53083014068147,5.1499999999999995,148.83700000000002,198.598,1,cpu:tdp_estimate;gpu:nvml,0.0,8.376541507034074e-06,0.0,8.376541507034074e-06,5.7769251772648786e-05,1155.3850354529757,,,,,,,,,160.52136691768024,1107.0439097771052
lightning_a100_mixed_families,2026-05-11T10:20:35.554321+00:00,chat,chat_005,1,docker_model_runner_local,gemma3:4b,Gemma 3 4B,gemma3,4B,gpu,A100 40GB / Docker Model Runner GPU,65,96,161,1.109906896999746,0.0029394579997461,0.017175544,1.0897918949999998,1.7890001799969468e-06,0.602049779,0.4877421159999998,1.109908685999926,1.1196407859997637,6.079649467978714,157.59769439253952,163.67734386051825,4.5249999999999995,146.53033333333337,200.94,1,cpu:tdp_estimate;gpu:nvml,0.0,8.183867193025911e-06,0.0,8.183867193025911e-06,5.083147324860814e-05,1016.629464972163,,,,,,,,,157.59769439253952,978.867667034407
lightning_a100_mixed_families,2026-05-11T10:20:41.361780+00:00,chat,chat_001,0,docker_model_runner_local,mistral-small3.2:24b,Mistral Small 3.2 24B,mistral-small3.2,24B,gpu,A100 40GB / Docker Model Runner GPU,48,96,144,5.79520656700015,0.0029313690001506,0.050175078,5.74210012,1.600000359758269e-06,1.561864092,4.1802360279999995,5.79520816700051,5.804972125999939,41.579614138369216,777.0133341411073,818.5929482794766,5.968965517241379,137.93074137931035,330.025,1,cpu:tdp_estimate;gpu:nvml,0.0,4.092964741397383e-05,0.0,4.092964741397383e-05,0.000284233662597,5684.67325194081,,,,,,,,,777.0133341411073,5395.9259315354675
lightning_a100_mixed_families,2026-05-11T10:20:43.231381+00:00,chat,chat_002,0,docker_model_runner_local,mistral-small3.2:24b,Mistral Small 3.2 24B,mistral-small3.2,24B,gpu,A100 40GB / Docker Model Runner GPU,40,96,136,1.855220410000129,0.0025534710001291,0.036738915,1.815928024,1.869999778136844e-06,1.552438598,0.263489426,1.8552222799999072,1.8671494019999957,9.209960102917872,531.7487097177994,540.9586698207173,4.110526315789474,296.21715789473683,340.897,1,cpu:tdp_estimate;gpu:nvml,0.0,2.704793349103586e-05,0.0,2.704793349103586e-05,0.0001988818639046,3977.63727809351,,,,,,,,,531.7487097177994,3909.9169832191137
lightning_a100_mixed_families,2026-05-11T10:20:45.106702+00:00,chat,chat_003,0,docker_model_runner_local,mistral-small3.2:24b,Mistral Small 3.2 24B,mistral-small3.2,24B,gpu,A100 40GB / Docker Model Runner GPU,42,96,138,1.862758567000128,0.0029960200001279,0.036015251,1.823747296,2.790000053209951e-06,1.551825194,0.271922102,1.8627613570001813,1.8729141949997936,9.202908907641092,542.3183577205683,551.5212666282094,4.094736842105263,301.66900000000004,342.1,1,cpu:tdp_estimate;gpu:nvml,0.0,2.757606333141047e-05,0.0,2.757606333141047e-05,0.0001998265458797,3996.53091759572,,,,,,,,,542.3183577205683,3929.843171888176
lightning_a100_mixed_families,2026-05-11T10:20:46.962636+00:00,chat,chat_004,0,docker_model_runner_local,mistral-small3.2:24b,Mistral Small 3.2 24B,mistral-small3.2,24B,gpu,A100 40GB / Docker Model Runner GPU,38,96,134,1.842230497999935,0.0030736599999352,0.035507751,1.803649087,2.1399996512627695e-06,1.551236056,0.2524130310000001,1.8422326379995864,1.8523133640001104,8.83261004096895,533.9255734050371,542.758183446006,3.973684210526316,297.7571578947368,338.197,1,cpu:tdp_estimate;gpu:nvml,0.0,2.71379091723003e-05,0.0,2.71379091723003e-05,0.000202521710241,4050.434204820941,,,,,,,,,533.9255734050371,3984.519204515202
lightning_a100_mixed_families,2026-05-11T10:20:48.822684+00:00,chat,chat_005,0,docker_model_runner_local,mistral-small3.2:24b,Mistral Small 3.2 24B,mistral-small3.2,24B,gpu,A100 40GB / Docker Model Runner GPU,54,96,150,1.8470572209998863,0.0028535049998863,0.044902953,1.799300763,2.009000127145555e-06,1.552641502,0.246659261,1.8470592300000137,1.8575941660001265,9.010309386240612,551.3249117808667,560.3352211671073,4.042105263157895,306.8955263157895,337.321,1,cpu:tdp_estimate;gpu:nvml,0.0,2.801676105835536e-05,0.0,2.801676105835536e-05,0.0001867784070557,3735.568141114049,,,,,,,,,551.3249117808667,3675.499411872445
lightning_a100_mixed_families,2026-05-11T10:20:50.674842+00:00,chat,chat_001,1,docker_model_runner_local,mistral-small3.2:24b,Mistral Small 3.2 24B,mistral-small3.2,24B,gpu,A100 40GB / Docker Model Runner GPU,48,96,144,1.839250088999961,0.003237152999961,0.039855485,1.796157451,1.939999947353499e-06,1.552362763,0.2437946879999999,1.8392520289999084,1.8496701629997008,8.539635089385985,539.5434148624294,548.0830499518154,3.8473684210526313,300.6467894736842,337.925,1,cpu:tdp_estimate;gpu:nvml,0.0,2.7404152497590768e-05,0.0,2.7404152497590768e-05,0.0001903066145666,3806.1322913320514,,,,,,,,,539.5434148624294,3746.829269877982
lightning_a100_mixed_families,2026-05-11T10:20:52.533494+00:00,chat,chat_002,1,docker_model_runner_local,mistral-small3.2:24b,Mistral Small 3.2 24B,mistral-small3.2,24B,gpu,A100 40GB / Docker Model Runner GPU,40,96,136,1.8426798960003907,0.0027752740003907,0.035816697,1.804087925,2.1500000002561137e-06,1.554319196,0.2497687289999999,1.842682046000391,1.8561860089998845,9.39034732552994,553.5880920976292,562.9784394231591,4.21578947368421,308.0037894736842,337.669,1,cpu:tdp_estimate;gpu:nvml,0.0,2.8148921971157953e-05,0.0,2.8148921971157953e-05,0.0002069773674349,4139.5473486997,,,,,,,,,553.5880920976292,4070.50067718845
lightning_a100_mixed_families,2026-05-11T10:20:54.389615+00:00,chat,chat_003,1,docker_model_runner_local,mistral-small3.2:24b,Mistral Small 3.2 24B,mistral-small3.2,24B,gpu,A100 40GB / Docker Model Runner GPU,42,96,138,1.8416180649996932,0.0028777669996931,0.035902088,1.80283821,1.8700002328841947e-06,1.551893063,0.2509451469999999,1.841619934999926,1.8517939929997735,8.95878441244943,545.6552053049585,554.6139897174079,4.031578947368421,304.04873684210526,343.491,1,cpu:tdp_estimate;gpu:nvml,0.0,2.773069948587039e-05,0.0,2.773069948587039e-05,0.0002009470977236,4018.94195447397,,,,,,,,,545.6552053049585,3954.023226847525
lightning_a100_mixed_families,2026-05-11T10:20:56.241611+00:00,chat,chat_004,1,docker_model_runner_local,mistral-small3.2:24b,Mistral Small 3.2 24B,mistral-small3.2,24B,gpu,A100 40GB / Docker Model Runner GPU,38,96,134,1.8395737260002536,0.0026228500002534,0.035772527,1.801178349,1.8900000213761816e-06,1.552194658,0.248983691,1.8395756160002747,1.8495495189999929,9.380136402675754,553.6519218384552,563.0320582411309,4.226315789473684,308.27494736842107,345.84,1,cpu:tdp_estimate;gpu:nvml,0.0,2.8151602912056545e-05,0.0,2.8151602912056545e-05,0.0002100865888959,4201.731777918887,,,,,,,,,553.6519218384552,4131.730759988472
lightning_a100_mixed_families,2026-05-11T10:20:58.107520+00:00,chat,chat_005,1,docker_model_runner_local,mistral-small3.2:24b,Mistral Small 3.2 24B,mistral-small3.2,24B,gpu,A100 40GB / Docker Model Runner GPU,54,96,150,1.8534087849998289,0.0027149029998285,0.043982496,1.806711386,2.031000349234091e-06,1.552800465,0.2539109210000001,1.853410816000178,1.8634939410003424,8.909462610551111,549.7945125073156,558.7039751178668,3.9842105263157896,306.0156315789474,344.088,1,cpu:tdp_estimate;gpu:nvml,0.0,2.7935198755893335e-05,0.0,2.7935198755893335e-05,0.0001862346583726,3724.693167452445,,,,,,,,,549.7945125073156,3665.2967500487707
lightning_a100_mixed_families,2026-05-11T10:20:58.766236+00:00,summarization,classroom_notebooks,0,docker_model_runner_local,llama3.2:3b,Llama 3.2 3B,llama3.2,3B,gpu,A100 40GB / Docker Model Runner GPU,151,96,247,0.6453719870000896,0.0023439040000895,0.023028108,0.619999975,1.439999778085621e-06,0.35729319,0.262706785,0.6453734269998677,0.6562190700001338,3.1273525964577806,118.248614995469,121.3759675919268,3.971428571428571,208.44657142857145,335.848,1,cpu:tdp_estimate;gpu:nvml,0.0,6.068798379596339e-06,0.0,6.068798379596339e-06,2.4570033925491248e-05,491.4006785098251,,,,,,,,,118.248614995469,478.73933196546153
lightning_a100_mixed_families,2026-05-11T10:20:59.439480+00:00,summarization,python_llm_costs,0,docker_model_runner_local,llama3.2:3b,Llama 3.2 3B,llama3.2,3B,gpu,A100 40GB / Docker Model Runner GPU,182,96,278,0.6603891800000383,0.0021832020000382,0.022699862,0.6355061160000001,1.9899998733308166e-06,0.361133198,0.2743729180000001,0.6603911699999117,0.6701367199998458,3.2051681979421196,106.23675819075358,109.44192638869568,3.9857142857142858,183.7942857142857,233.196,1,cpu:tdp_estimate;gpu:nvml,0.0,5.472096319434784e-06,0.0,5.472096319434784e-06,1.9683799710197065e-05,393.67599420394134,,,,,,,,,106.23675819075358,382.14661219695535
lightning_a100_mixed_families,2026-05-11T10:21:00.093721+00:00,summarization,rag_pipeline,0,docker_model_runner_local,llama3.2:3b,Llama 3.2 3B,llama3.2,3B,gpu,A100 40GB / Docker Model Runner GPU,165,96,261,0.6423057480001262,0.0019653670001261,0.020502509,0.6198378720000001,1.871000222308794e-06,0.362622035,0.257215837,0.6423076190003485,0.6520732580002004,2.9958108538980635,106.0395442020046,109.03535505590268,3.828571428571428,183.24685714285715,229.013,1,cpu:tdp_estimate;gpu:nvml,0.0,5.4517677527951335e-06,0.0,5.4517677527951335e-06,2.088799905285492e-05,417.75998105709834,,,,,,,,,106.0395442020046,406.2817785517418
lightning_a100_mixed_families,2026-05-11T10:21:00.754480+00:00,summarization,classroom_notebooks,1,docker_model_runner_local,llama3.2:3b,Llama 3.2 3B,llama3.2,3B,gpu,A100 40GB / Docker Model Runner GPU,151,96,247,0.6489313370002492,0.0018905560002492,0.019610471,0.6274303099999999,1.559999873279594e-06,0.361233183,0.2661971269999999,0.6489328970001225,0.6587605280001299,2.6538638413719515,103.53010443787464,106.1839682792466,3.357142857142857,180.18614285714284,235.182,1,cpu:tdp_estimate;gpu:nvml,0.0,5.309198413962329e-06,0.0,5.309198413962329e-06,2.149473042090012e-05,429.8946084180023,,,,,,,,,103.53010443787464,419.1502203962536
lightning_a100_mixed_families,2026-05-11T10:21:01.424577+00:00,summarization,python_llm_costs,1,docker_model_runner_local,llama3.2:3b,Llama 3.2 3B,llama3.2,3B,gpu,A100 40GB / Docker Model Runner GPU,182,96,278,0.6581829169999764,0.0019914089999764,0.022791333,0.633400175,1.7809998098528013e-06,0.363675119,0.269725056,0.6581846979997863,0.6678820860001906,3.045542312160869,106.3848317367588,109.43037404891967,3.8,183.36314285714283,231.69,1,cpu:tdp_estimate;gpu:nvml,0.0,5.4715187024459835e-06,0.0,5.4715187024459835e-06,1.9681721951244545e-05,393.6344390248909,,,,,,,,,106.3848317367588,382.67925085165035
lightning_a100_mixed_families,2026-05-11T10:21:02.088852+00:00,summarization,rag_pipeline,1,docker_model_runner_local,llama3.2:3b,Llama 3.2 3B,llama3.2,3B,gpu,A100 40GB / Docker Model Runner GPU,165,96,261,0.6522815819998868,0.0021562819998868,0.020177204,0.629948096,2.0800002857868094e-06,0.36385893,0.266089166,0.6522836620001726,0.6620339219998641,2.973478072525104,97.84674183581092,100.820219908336,3.742857142857143,171.24885714285713,229.013,1,cpu:tdp_estimate;gpu:nvml,0.0,5.0410109954168e-06,0.0,5.0410109954168e-06,1.931421837324445e-05,386.284367464889,,,,,,,,,97.84674183581092,374.89173117168934
lightning_a100_mixed_families,2026-05-11T10:21:03.238971+00:00,summarization,classroom_notebooks,0,docker_model_runner_local,gemma3:4b,Gemma 3 4B,gemma3,4B,gpu,A100 40GB / Docker Model Runner GPU,140,96,236,1.137741729000027,0.0032579850000267,0.03036162,1.104122124,2.1999999262334313e-06,0.601501994,0.5026201299999998,1.137743928999953,1.147718742000052,6.783017765220306,167.3431971729603,174.1262149381806,4.925,156.74141666666665,233.165,1,cpu:tdp_estimate;gpu:nvml,0.0,8.706310746909029e-06,0.0,8.706310746909029e-06,3.689114723266538e-05,737.8229446533076,,,,,,,,,167.3431971729603,709.0813439532216
lightning_a100_mixed_families,2026-05-11T10:21:04.370168+00:00,summarization,python_llm_costs,0,docker_model_runner_local,gemma3:4b,Gemma 3 4B,gemma3,4B,gpu,A100 40GB / Docker Model Runner GPU,175,96,271,1.1186595069998475,0.0034274959998474,0.028872372,1.086359639,1.8700002328841947e-06,0.60672614,0.4796334990000001,1.1186613770000804,1.1287780739999107,6.264718310699505,163.47365890066496,169.73837721136445,4.625,152.207,208.472,1,cpu:tdp_estimate;gpu:nvml,0.0,8.486918860568223e-06,0.0,8.486918860568223e-06,3.1317043765934404e-05,626.340875318688,,,,,,,,,163.47365890066496,603.2238335817896
lightning_a100_mixed_families,2026-05-11T10:21:05.514150+00:00,summarization,rag_pipeline,0,docker_model_runner_local,gemma3:4b,Gemma 3 4B,gemma3,4B,gpu,A100 40GB / Docker Model Runner GPU,157,96,253,1.1307876339997165,0.0034586479997165,0.028710128,1.098618858,2.150999989680713e-06,0.602841298,0.49577756,1.1307897849997062,1.141458992000025,6.962899851200154,168.26070936325058,175.22360921445073,5.083333333333333,156.4665,207.27,1,cpu:tdp_estimate;gpu:nvml,0.0,8.761180460722537e-06,0.0,8.761180460722537e-06,3.4629171781512e-05,692.58343563024,,,,,,,,,168.26070936325058,665.062092344864
lightning_a100_mixed_families,2026-05-11T10:21:06.639988+00:00,summarization,classroom_notebooks,1,docker_model_runner_local,gemma3:4b,Gemma 3 4B,gemma3,4B,gpu,A100 40GB / Docker Model Runner GPU,140,96,236,1.1135463179998624,0.0032357129998623,0.026373313,1.083937292,2.1200003175181337e-06,0.600962933,0.4829743590000001,1.11354843800018,1.123365168999953,7.077200564699706,165.6197387003205,172.6969392650202,5.25,153.90591666666668,204.049,1,cpu:tdp_estimate;gpu:nvml,0.0,8.63484696325101e-06,0.0,8.63484696325101e-06,3.658833459004666e-05,731.7666918009331,,,,,,,,,165.6197387003205,701.7785538149174
lightning_a100_mixed_families,2026-05-11T10:21:07.775228+00:00,summarization,python_llm_costs,1,docker_model_runner_local,gemma3:4b,Gemma 3 4B,gemma3,4B,gpu,A100 40GB / Docker Model Runner GPU,175,96,271,1.122912450000058,0.003508899000058,0.029122867,1.090280684,1.8309997358301189e-06,0.604819645,0.4854610389999999,1.1229142809997938,1.1328007219999563,6.502276144279749,157.2731845739485,163.77546071822826,4.783333333333333,146.31625,202.295,1,cpu:tdp_estimate;gpu:nvml,0.0,8.188773035911412e-06,0.0,8.188773035911412e-06,3.0216874671259825e-05,604.3374934251965,,,,,,,,,157.2731845739485,580.3438545164151
lightning_a100_mixed_families,2026-05-11T10:21:08.915055+00:00,summarization,rag_pipeline,1,docker_model_runner_local,gemma3:4b,Gemma 3 4B,gemma3,4B,gpu,A100 40GB / Docker Model Runner GPU,157,96,253,1.127671463000297,0.0030657700002971,0.028556735,1.096048958,1.6799999684735667e-06,0.601268477,0.4947804809999999,1.1276731430002656,1.1373863510002593,6.801570378981551,167.82973659271667,174.63130697169822,4.983333333333333,155.7655,200.224,1,cpu:tdp_estimate;gpu:nvml,0.0,8.73156534858491e-06,0.0,8.73156534858491e-06,3.45121160023119e-05,690.2423200462381,,,,,,,,,167.82973659271667,663.3586426589592
lightning_a100_mixed_families,2026-05-11T10:21:10.846179+00:00,summarization,classroom_notebooks,0,docker_model_runner_local,mistral-small3.2:24b,Mistral Small 3.2 24B,mistral-small3.2,24B,gpu,A100 40GB / Docker Model Runner GPU,134,96,230,1.9188343779997012,0.0030781899997012,0.11250988,1.803246308,1.8989999261975752e-06,1.552992276,0.2502540320000002,1.9188362769996272,1.9286618490000365,9.222860961918174,573.0965039354397,582.3193648973579,3.985,299.193,341.494,1,cpu:tdp_estimate;gpu:nvml,0.0,2.9115968244867897e-05,0.0,2.9115968244867897e-05,0.000126591166282,2531.8233256406866,,,,,,,,,573.0965039354397,2491.723930154086
lightning_a100_mixed_families,2026-05-11T10:21:12.750599+00:00,summarization,python_llm_costs,0,docker_model_runner_local,mistral-small3.2:24b,Mistral Small 3.2 24B,mistral-small3.2,24B,gpu,A100 40GB / Docker Model Runner GPU,165,96,261,1.8919260229999963,0.0029535569999963,0.08933024,1.799642226,1.5400000847876072e-06,1.554065091,0.245577135,1.8919275630000811,1.901979289999872,8.97333808187308,549.1734861572027,558.1468242390757,3.931578947368421,305.7854210526316,347.91,1,cpu:tdp_estimate;gpu:nvml,0.0,2.7907341211953785e-05,0.0,2.7907341211953785e-05,0.000106924678973,2138.4935794600606,,,,,,,,,549.1734861572027,2104.112973782386
lightning_a100_mixed_families,2026-05-11T10:21:14.656003+00:00,summarization,rag_pipeline,0,docker_model_runner_local,mistral-small3.2:24b,Mistral Small 3.2 24B,mistral-small3.2,24B,gpu,A100 40GB / Docker Model Runner GPU,146,96,242,1.893053556000268,0.003055779000268,0.080637589,1.809360188,1.8000000636675395e-06,1.553313377,0.256046811,1.893055356000332,1.902886446000139,9.169909631356456,546.6121092684585,555.782018899815,4.015789473684211,304.42763157894734,341.494,1,cpu:tdp_estimate;gpu:nvml,0.0,2.7789100944990744e-05,0.0,2.7789100944990744e-05,0.0001148309956404,2296.6199128091525,,,,,,,,,546.6121092684585,2258.7277242498285
lightning_a100_mixed_families,2026-05-11T10:21:16.553059+00:00,summarization,classroom_notebooks,1,docker_model_runner_local,mistral-small3.2:24b,Mistral Small 3.2 24B,mistral-small3.2,24B,gpu,A100 40GB / Docker Model Runner GPU,134,96,230,1.8846441329997103,0.0032965149997106,0.079040369,1.802307249,2.099999619531445e-06,1.552323179,0.24998407,1.88464623299933,1.894587114999922,9.44102673937856,549.1328097844086,558.5738365237871,4.152631578947369,305.80352631578944,340.545,1,cpu:tdp_estimate;gpu:nvml,0.0,2.792869182618936e-05,0.0,2.792869182618936e-05,0.0001214290948964,2428.581897929509,,,,,,,,,549.1328097844086,2387.533955584385
lightning_a100_mixed_families,2026-05-11T10:21:18.462940+00:00,summarization,python_llm_costs,1,docker_model_runner_local,mistral-small3.2:24b,Mistral Small 3.2 24B,mistral-small3.2,24B,gpu,A100 40GB / Docker Model Runner GPU,165,96,261,1.8974276919998376,0.0028404459998374,0.089246977,1.805340269,1.6910003068915105e-06,1.554959572,0.250380697,1.8974293830001443,1.9074162950000757,9.203785575031944,550.0727510797499,559.2765366547818,4.021052631578947,306.1696842105263,340.79,1,cpu:tdp_estimate;gpu:nvml,0.0,2.796382683273909e-05,0.0,2.796382683273909e-05,0.000107141098976,2142.821979520237,,,,,,,,,550.0727510797499,2107.558433255747
lightning_a100_mixed_families,2026-05-11T10:21:20.363415+00:00,summarization,rag_pipeline,1,docker_model_runner_local,mistral-small3.2:24b,Mistral Small 3.2 24B,mistral-small3.2,24B,gpu,A100 40GB / Docker Model Runner GPU,146,96,242,1.8879021950001516,0.0028967960001515,0.080109078,1.804896321,2.7099999897473026e-06,1.553187695,0.2517086259999999,1.8879049050001413,1.8979599310000592,8.930400938495016,554.6176931848976,563.5480941233926,3.9210526315789473,308.8288947368421,350.439,1,cpu:tdp_estimate;gpu:nvml,0.0,2.817740470616963e-05,0.0,2.817740470616963e-05,0.000116435556637,2328.7111327412917,,,,,,,,,554.6176931848976,2291.80864952437
lightning_a100_mixed_families,2026-05-11T10:21:20.598362+00:00,classification,cls_001,0,docker_model_runner_local,llama3.2:3b,Llama 3.2 3B,llama3.2,3B,gpu,A100 40GB / Docker Model Runner GPU,73,2,75,0.2227126340003451,0.0018935870003451,0.015427021,0.2053920259999999,5.289999990054639e-06,0.005432996,0.1999590299999999,0.2227179240003352,0.2325689740000598,1.255872459600323,55.69113452191684,56.94700698151716,4.5,254.40033333333335,343.408,1,cpu:tdp_estimate;gpu:nvml,0.0,2.8473503490758584e-06,0.0,2.8473503490758584e-06,3.7964671321011447e-05,759.2934264202288,bug,True,,,,,,,55.69113452191684,742.5484602922245
lightning_a100_mixed_families,2026-05-11T10:21:20.834146+00:00,classification,cls_002,0,docker_model_runner_local,llama3.2:3b,Llama 3.2 3B,llama3.2,3B,gpu,A100 40GB / Docker Model Runner GPU,74,3,77,0.2236855219998688,0.0018406639998687,0.01126239,0.210582468,2.9120999897713773e-05,0.009227449,0.201355019,0.2237146429997665,0.2334454430001642,1.1485515795608083,15.96120648143626,17.10975806099707,4.1000000000000005,78.77666666666666,80.145,1,cpu:tdp_estimate;gpu:nvml,0.0,8.554879030498535e-07,0.0,8.554879030498535e-07,1.1110232507140952e-05,222.2046501428191,how-to,True,,,,,,,15.96120648143626,207.28839586280858
lightning_a100_mixed_families,2026-05-11T10:21:21.057640+00:00,classification,cls_003,0,docker_model_runner_local,llama3.2:3b,Llama 3.2 3B,llama3.2,3B,gpu,A100 40GB / Docker Model Runner GPU,69,2,71,0.2115122159998463,0.0016986719998463,0.010608936,0.199204608,5.020000116928713e-06,0.005265122,0.193939486,0.2115172359999633,0.2217530940001779,0.9313629948007476,17.964156525486004,18.89551952028675,3.5,84.84033333333333,101.284,1,cpu:tdp_estimate;gpu:nvml,0.0,9.447759760143374e-07,0.0,9.447759760143374e-07,1.330670388752588e-05,266.13407775051763,concept,True,,,,,,,17.964156525486004,253.01628909135215
lightning_a100_mixed_families,2026-05-11T10:21:21.292312+00:00,classification,cls_004,0,docker_model_runner_local,llama3.2:3b,Llama 3.2 3B,llama3.2,3B,gpu,A100 40GB / Docker Model Runner GPU,75,3,78,0.2229801789999328,0.0017149339999328,0.011232788,0.210032457,6.599999778700294e-06,0.009396882,0.200635575,0.2229867789997115,0.2323814910000692,1.1526121953603434,20.57538011968444,21.727992315044784,4.133333333333334,93.301,127.869,1,cpu:tdp_estimate;gpu:nvml,0.0,1.086399615752239e-06,0.0,1.086399615752239e-06,1.3928200201951782e-05,278.5640040390357,how-to,False,,,,,,,20.57538011968444,263.786924611339
lightning_a100_mixed_families,2026-05-11T10:21:21.522027+00:00,classification,cls_005,0,docker_model_runner_local,llama3.2:3b,Llama 3.2 3B,llama3.2,3B,gpu,A100 40GB / Docker Model Runner GPU,74,2,76,0.2174252300001171,0.0016486910001171,0.011237688,0.204538851,5.100000180391362e-06,0.005346584,0.199192267,0.2174303300002975,0.227728260999811,1.074877391919108,15.340686339713848,16.415563731632957,3.933333333333333,75.82566666666666,76.32,1,cpu:tdp_estimate;gpu:nvml,0.0,8.207781865816479e-07,0.0,8.207781865816479e-07,1.0799712981337472e-05,215.99425962674945,bug,False,,,,,,,15.340686339713848,201.85113604886644
lightning_a100_mixed_families,2026-05-11T10:21:21.756727+00:00,classification,cls_006,0,docker_model_runner_local,llama3.2:3b,Llama 3.2 3B,llama3.2,3B,gpu,A100 40GB / Docker Model Runner GPU,74,2,76,0.2229802279998693,0.0016028999998693,0.011129666,0.210247662,5.2400000640773214e-06,0.005406134,0.204841528,0.2229854679999334,0.2328147400003217,1.1175107520015446,15.804749858433016,16.92226061043456,4.0,77.30266666666667,81.294,1,cpu:tdp_estimate;gpu:nvml,0.0,8.46113030521728e-07,0.0,8.46113030521728e-07,1.1133066191075368e-05,222.66132382150735,bug,True,,,,,,,15.804749858433016,207.95723497938178
lightning_a100_mixed_families,2026-05-11T10:21:21.988612+00:00,classification,cls_007,0,docker_model_runner_local,llama3.2:3b,Llama 3.2 3B,llama3.2,3B,gpu,A100 40GB / Docker Model Runner GPU,69,2,71,0.2202421950000825,0.0017279030000825,0.010599897,0.207914395,5.549999968934571e-06,0.005232621,0.202681774,0.2202477450000515,0.229948035000234,1.0945526466011142,22.73580678081497,23.830359427416084,3.9666666666666663,100.15833333333336,150.459,1,cpu:tdp_estimate;gpu:nvml,0.0,1.191517971370804e-06,0.0,1.191517971370804e-06,1.678194325874372e-05,335.6388651748744,concept,True,,,,,,,22.73580678081497,320.22263071570376
lightning_a100_mixed_families,2026-05-11T10:21:22.214656+00:00,classification,cls_008,0,docker_model_runner_local,llama3.2:3b,Llama 3.2 3B,llama3.2,3B,gpu,A100 40GB / Docker Model Runner GPU,73,3,76,0.2144159010003932,0.0016741510003931,0.010419143,0.202322607,5.110999609314604e-06,0.008988315,0.193334292,0.2144210120000025,0.2242102430000159,0.9416830206000668,15.126622974305128,16.068305994905195,3.5,74.95366666666666,75.171,1,cpu:tdp_estimate;gpu:nvml,0.0,8.034152997452597e-07,0.0,8.034152997452597e-07,1.0571253944016576e-05,211.4250788803315,how-to,True,,,,,,,15.126622974305128,199.03451281980432
lightning_a100_mixed_families,2026-05-11T10:21:22.451840+00:00,classification,cls_001,1,docker_model_runner_local,llama3.2:3b,Llama 3.2 3B,llama3.2,3B,gpu,A100 40GB / Docker Model Runner GPU,73,2,75,0.2253384750001714,0.0016352720001714,0.013089655,0.2106135479999999,5.530000180442585e-06,0.006692851,0.2039206969999999,0.2253440050003519,0.2351443059997109,1.0064176296787628,12.951946909652822,13.958364539331583,3.5666666666666664,64.57633333333332,74.574,1,cpu:tdp_estimate;gpu:nvml,0.0,6.979182269665792e-07,0.0,6.979182269665792e-07,9.30557635955439e-06,186.11152719108784,concept,False,,,,,,,12.951946909652822,172.69262546203763
lightning_a100_mixed_families,2026-05-11T10:21:22.690816+00:00,classification,cls_002,1,docker_model_runner_local,llama3.2:3b,Llama 3.2 3B,llama3.2,3B,gpu,A100 40GB / Docker Model Runner GPU,74,3,77,0.2269646959998681,0.0018805549998681,0.013661675,0.2114224659999999,5.2489999688987155e-06,0.011597305,0.1998251609999999,0.226969944999837,0.2369281899996167,1.3362749915978382,8.595931334856228,9.932206326454066,4.699999999999999,67.524,78.392,1,cpu:tdp_estimate;gpu:nvml,0.0,4.966103163227033e-07,0.0,4.966103163227033e-07,6.449484627567576e-06,128.9896925513515,how-to,True,,,,,,,8.595931334856228,111.63547188124971
lightning_a100_mixed_families,2026-05-11T10:21:22.926059+00:00,classification,cls_003,1,docker_model_runner_local,llama3.2:3b,Llama 3.2 3B,llama3.2,3B,gpu,A100 40GB / Docker Model Runner GPU,69,2,71,0.2228618359999927,0.0019521589999927,0.013010843,0.207898834,7.929999810585286e-06,0.006265211,0.201633623,0.2228697659998033,0.2328009910002038,1.1733169946410271,11.48435542145168,12.657672416092709,4.2,56.81733333333333,56.927,1,cpu:tdp_estimate;gpu:nvml,0.0,6.328836208046353e-07,0.0,6.328836208046353e-07,8.913853814149794e-06,178.2770762829959,concept,True,,,,,,,11.48435542145168,161.75148480917858
lightning_a100_mixed_families,2026-05-11T10:21:23.165805+00:00,classification,cls_004,1,docker_model_runner_local,llama3.2:3b,Llama 3.2 3B,llama3.2,3B,gpu,A100 40GB / Docker Model Runner GPU,75,3,78,0.2272407909999856,0.0019127849999856,0.013813529,0.211514477,4.589000127452891e-06,0.011024895,0.200489582,0.227245380000113,0.2375247509999098,1.2541306852795242,11.649285496367789,12.903416181647312,4.3999999999999995,57.32633333333333,58.667,1,cpu:tdp_estimate;gpu:nvml,0.0,6.451708090823656e-07,0.0,6.451708090823656e-07,8.271420629261098e-06,165.42841258522196,how-to,False,,,,,,,11.649285496367789,149.34981405599729
lightning_a100_mixed_families,2026-05-11T10:21:23.393926+00:00,classification,cls_005,1,docker_model_runner_local,llama3.2:3b,Llama 3.2 3B,llama3.2,3B,gpu,A100 40GB / Docker Model Runner GPU,74,2,76,0.2156692860003204,0.0016264810003204,0.013744508,0.200298297,5.1710003390326165e-06,0.006256771,0.194041526,0.2156744570006594,0.2259223070000189,0.894652335720075,17.359759236164773,18.254411571884848,3.3000000000000003,76.18933333333332,115.536,1,cpu:tdp_estimate;gpu:nvml,0.0,9.127205785942424e-07,0.0,9.127205785942424e-07,1.2009481297292664e-05,240.1896259458533,bug,False,,,,,,,17.359759236164773,228.4178846863786
lightning_a100_mixed_families,2026-05-11T10:21:23.624701+00:00,classification,cls_006,1,docker_model_runner_local,llama3.2:3b,Llama 3.2 3B,llama3.2,3B,gpu,A100 40GB / Docker Model Runner GPU,74,2,76,0.2188496690000647,0.0016302620000647,0.013781968,0.203437439,4.7700000322947744e-06,0.006556428,0.196881011,0.218854439000097,0.228731291999793,1.1345072083189731,11.393849716163365,12.528356924482337,4.133333333333333,56.46933333333333,56.656,1,cpu:tdp_estimate;gpu:nvml,0.0,6.264178462241168e-07,0.0,6.264178462241168e-07,8.242340081896273e-06,164.84680163792547,bug,True,,,,,,,11.393849716163365,149.91907521267586
lightning_a100_mixed_families,2026-05-11T10:21:23.860324+00:00,classification,cls_007,1,docker_model_runner_local,llama3.2:3b,Llama 3.2 3B,llama3.2,3B,gpu,A100 40GB / Docker Model Runner GPU,69,2,71,0.2214148580001165,0.0017880040001164,0.012991713,0.206635141,5.529999725695234e-06,0.006198,0.200437141,0.2214203879998422,0.2328331009998692,1.1548521809593515,11.527771202209824,12.682623383169176,4.133333333333334,56.82966666666667,57.737,1,cpu:tdp_estimate;gpu:nvml,0.0,6.341311691584588e-07,0.0,6.341311691584588e-07,8.931424917724772e-06,178.62849835449543,concept,True,,,,,,,11.527771202209824,162.3629746790116
lightning_a100_mixed_families,2026-05-11T10:21:24.100414+00:00,classification,cls_008,1,docker_model_runner_local,llama3.2:3b,Llama 3.2 3B,llama3.2,3B,gpu,A100 40GB / Docker Model Runner GPU,73,3,76,0.2274144040002284,0.0020140080002283,0.012918481,0.212481915,5.77000037083053e-06,0.01083105,0.2016508649999999,0.2274201740005992,0.2375678229996083,1.2923689571178691,13.621483757763391,14.91385271488126,4.533333333333333,63.714666666666666,78.392,1,cpu:tdp_estimate;gpu:nvml,0.0,7.45692635744063e-07,0.0,7.45692635744063e-07,9.811745207158724e-06,196.23490414317448,how-to,True,,,,,,,13.621483757763391,179.23004944425514
lightning_a100_mixed_families,2026-05-11T10:21:24.582169+00:00,classification,cls_001,0,docker_model_runner_local,gemma3:4b,Gemma 3 4B,gemma3,4B,gpu,A100 40GB / Docker Model Runner GPU,65,3,68,0.4694450850001885,0.0019232090001885,0.024904905,0.442616971,5.86199985264102e-06,0.017110743,0.425506228,0.4694509470000412,0.4791870340000059,2.231094830304028,22.599844758118916,24.830939588422943,3.88,56.1268,56.376,1,cpu:tdp_estimate;gpu:nvml,0.0,1.241546979421147e-06,0.0,1.241546979421147e-06,1.825804381501687e-05,365.1608763003374,bug,True,,,,,,,22.599844758118916,332.3506582076311
lightning_a100_mixed_families,2026-05-11T10:21:25.074855+00:00,classification,cls_002,0,docker_model_runner_local,gemma3:4b,Gemma 3 4B,gemma3,4B,gpu,A100 40GB / Docker Model Runner GPU,65,5,70,0.4800544220001939,0.0020661500001938,0.019365877,0.458622395,6.551000296894927e-06,0.032484413,0.426137982,0.4800609730004908,0.4901489169997148,2.940893501998289,28.38096854364785,31.321862045646135,5.0,67.5774,113.513,1,cpu:tdp_estimate;gpu:nvml,0.0,1.5660931022823069e-06,0.0,1.5660931022823069e-06,2.2372758604032953e-05,447.45517208065905,how-to,True,,,,,,,28.38096854364785,405.4424077663978
lightning_a100_mixed_families,2026-05-11T10:21:25.551556+00:00,classification,cls_003,0,docker_model_runner_local,gemma3:4b,Gemma 3 4B,gemma3,4B,gpu,A100 40GB / Docker Model Runner GPU,61,3,64,0.4640948599999319,0.0021776519999319,0.018430618,0.44348659,5.360000159271294e-06,0.017019082,0.426467508,0.4641002200000912,0.4740635349999138,2.3096375425195803,29.65860052983305,31.96823807235263,4.0600000000000005,70.0714,126.255,1,cpu:tdp_estimate;gpu:nvml,0.0,1.5984119036176315e-06,0.0,1.5984119036176315e-06,2.4975185994025493e-05,499.50371988050983,performance,False,,,,,,,29.65860052983305,463.4156332786414
lightning_a100_mixed_families,2026-05-11T10:21:26.025018+00:00,classification,cls_004,0,docker_model_runner_local,gemma3:4b,Gemma 3 4B,gemma3,4B,gpu,A100 40GB / Docker Model Runner GPU,69,3,72,0.4611633330000586,0.0021412910000586,0.019615892,0.43940615,5.268999757390702e-06,0.016870038,0.422536112,0.461168601999816,0.4710187649998261,2.73567698711899,24.145498495197007,26.881175482315996,4.84,59.1562,72.494,1,cpu:tdp_estimate;gpu:nvml,0.0,1.3440587741157995e-06,0.0,1.3440587741157995e-06,1.8667482973830552e-05,373.349659476611,performance,True,,,,,,,24.145498495197007,335.3541457666251
lightning_a100_mixed_families,2026-05-11T10:21:26.491636+00:00,classification,cls_005,0,docker_model_runner_local,gemma3:4b,Gemma 3 4B,gemma3,4B,gpu,A100 40GB / Docker Model Runner GPU,66,3,69,0.4532261090002976,0.0024604680002975,0.020104192,0.430661449,5.6799999583745375e-06,0.017377957,0.413283492,0.4532317890002559,0.4641254620000836,2.3726093617444275,22.64308288357539,25.015692245319816,4.26,56.1856,57.584,1,cpu:tdp_estimate;gpu:nvml,0.0,1.2507846122659908e-06,0.0,1.2507846122659908e-06,1.8127313221246243e-05,362.54626442492486,security,True,,,,,,,22.64308288357539,328.1606215010926
lightning_a100_mixed_families,2026-05-11T10:21:26.968995+00:00,classification,cls_006,0,docker_model_runner_local,gemma3:4b,Gemma 3 4B,gemma3,4B,gpu,A100 40GB / Docker Model Runner GPU,66,3,69,0.4651335710000239,0.0020619500000239,0.019443049,0.443628572,5.000000328436727e-06,0.017197244,0.426431328,0.4651385710003524,0.4750793250000242,2.713653104400138,27.854552351590407,30.568205455990544,4.76,66.4558,108.935,1,cpu:tdp_estimate;gpu:nvml,0.0,1.5284102727995272e-06,0.0,1.5284102727995272e-06,2.215087351883373e-05,443.01747037667457,bug,True,,,,,,,27.854552351590407,403.689164515803
lightning_a100_mixed_families,2026-05-11T10:21:27.432187+00:00,classification,cls_007,0,docker_model_runner_local,gemma3:4b,Gemma 3 4B,gemma3,4B,gpu,A100 40GB / Docker Model Runner GPU,61,3,64,0.4499073850001878,0.0019441280001877,0.018539861,0.429423396,5.63000003239722e-06,0.017251715,0.412171681,0.4499130150002202,0.4600176109997846,2.1749632648069817,26.140335975896125,28.315299240703105,3.94,63.0258,92.763,1,cpu:tdp_estimate;gpu:nvml,0.0,1.415764962035155e-06,0.0,1.415764962035155e-06,2.2121327531799297e-05,442.426550635986,concept,True,,,,,,,26.140335975896125,408.442749623377
lightning_a100_mixed_families,2026-05-11T10:21:27.920432+00:00,classification,cls_008,0,docker_model_runner_local,gemma3:4b,Gemma 3 4B,gemma3,4B,gpu,A100 40GB / Docker Model Runner GPU,65,3,68,0.4658340239998324,0.0021935709998324,0.019384877,0.444255576,5.570999746851157e-06,0.017116511,0.427139065,0.4658395949995793,0.4756971269998757,2.5573477547513317,22.528125574662475,25.08547332941381,4.4799999999999995,55.859,57.312,1,cpu:tdp_estimate;gpu:nvml,0.0,1.2542736664706905e-06,0.0,1.2542736664706905e-06,1.844520097751015e-05,368.9040195502031,performance,False,,,,,,,22.528125574662475,331.2959643332717
lightning_a100_mixed_families,2026-05-11T10:21:28.406480+00:00,classification,cls_001,1,docker_model_runner_local,gemma3:4b,Gemma 3 4B,gemma3,4B,gpu,A100 40GB / Docker Model Runner GPU,65,3,68,0.4734422229998927,0.0020210999998926,0.019449338,0.451971785,6.049999683455098e-06,0.018140073,0.433831712,0.4734482729995761,0.4835040289999597,2.5296930797277892,25.69892411735239,28.22861719708018,4.36,62.15939999999999,88.431,1,cpu:tdp_estimate;gpu:nvml,0.0,1.4114308598540089e-06,0.0,1.4114308598540089e-06,2.075633617432366e-05,415.1267234864732,bug,True,,,,,,,25.69892411735239,377.92535466694693
lightning_a100_mixed_families,2026-05-11T10:21:28.897335+00:00,classification,cls_002,1,docker_model_runner_local,gemma3:4b,Gemma 3 4B,gemma3,4B,gpu,A100 40GB / Docker Model Runner GPU,65,5,70,0.4783566380001502,0.0020625700001502,0.01949335,0.456800718,5.869999768037815e-06,0.032615935,0.424184783,0.4783625079999183,0.488332691999858,2.7776363520951928,26.55414865915264,29.33178501124783,4.74,63.831999999999994,96.96,1,cpu:tdp_estimate;gpu:nvml,0.0,1.4665892505623916e-06,0.0,1.4665892505623916e-06,2.0951275008034164e-05,419.0255001606833,how-to,True,,,,,,,26.55414865915264,379.34498084503775
lightning_a100_mixed_families,2026-05-11T10:21:29.371913+00:00,classification,cls_003,1,docker_model_runner_local,gemma3:4b,Gemma 3 4B,gemma3,4B,gpu,A100 40GB / Docker Model Runner GPU,61,3,64,0.4620321899997179,0.0019997479997179,0.018592612,0.44143983,6.000000212225132e-06,0.017071901,0.424367929,0.4620381899999302,0.4720691769998666,2.2999210303433504,28.96154845066429,31.261469481007637,4.0600000000000005,68.65599999999999,121.406,1,cpu:tdp_estimate;gpu:nvml,0.0,1.5630734740503818e-06,0.0,1.5630734740503818e-06,2.4423023032037215e-05,488.4604606407443,performance,False,,,,,,,28.96154845066429,452.5241945416295
lightning_a100_mixed_families,2026-05-11T10:21:29.845861+00:00,classification,cls_004,1,docker_model_runner_local,gemma3:4b,Gemma 3 4B,gemma3,4B,gpu,A100 40GB / Docker Model Runner GPU,69,3,72,0.4613264159997925,0.0021108709997925,0.019667802,0.439547743,6.479999683506321e-06,0.01688063,0.422667113,0.461332895999476,0.4714155330002541,2.4664460686573295,24.090762672496027,26.557208741153357,4.36,58.875,73.175,1,cpu:tdp_estimate;gpu:nvml,0.0,1.327860437057668e-06,0.0,1.327860437057668e-06,1.844250607024539e-05,368.8501214049077,performance,True,,,,,,,24.090762672496027,334.59392600688926
lightning_a100_mixed_families,2026-05-11T10:21:30.311851+00:00,classification,cls_005,1,docker_model_runner_local,gemma3:4b,Gemma 3 4B,gemma3,4B,gpu,A100 40GB / Docker Model Runner GPU,66,3,69,0.4536315969999123,0.0020308089999123,0.01953966,0.4320611279999999,6.55999974696897e-06,0.017122594,0.4149385339999999,0.4536381569996592,0.4634786879996682,2.2580681679343835,22.508217571146183,24.76628573908057,4.0600000000000005,55.64639999999999,57.312,1,cpu:tdp_estimate;gpu:nvml,0.0,1.2383142869540285e-06,0.0,1.2383142869540285e-06,1.7946583868898963e-05,358.93167737797927,security,True,,,,,,,22.508217571146183,326.2060517557418
lightning_a100_mixed_families,2026-05-11T10:21:30.788333+00:00,classification,cls_006,1,docker_model_runner_local,gemma3:4b,Gemma 3 4B,gemma3,4B,gpu,A100 40GB / Docker Model Runner GPU,66,3,69,0.4640873609996561,0.002146671999656,0.019461929,0.44247876,4.9600002967054024e-06,0.017040091,0.425438669,0.4640923209999528,0.4739663109999128,2.730045951359498,27.01836177270764,29.74840772406714,4.8,64.7264,102.432,1,cpu:tdp_estimate;gpu:nvml,0.0,1.487420386203357e-06,0.0,1.487420386203357e-06,2.1556817191353e-05,431.13634382706,bug,True,,,,,,,27.01836177270764,391.5704604740238
lightning_a100_mixed_families,2026-05-11T10:21:31.253995+00:00,classification,cls_007,1,docker_model_runner_local,gemma3:4b,Gemma 3 4B,gemma3,4B,gpu,A100 40GB / Docker Model Runner GPU,61,3,64,0.4530860559998473,0.0019010969998473,0.01848087,0.432704089,7.060999905661447e-06,0.017030562,0.415673527,0.4530931169997529,0.4631409319999875,2.2786533854399385,25.88333821632156,28.1619916017615,4.1,62.44939999999999,91.383,1,cpu:tdp_estimate;gpu:nvml,0.0,1.408099580088075e-06,0.0,1.408099580088075e-06,2.200155593887617e-05,440.03111877752343,concept,True,,,,,,,25.88333821632156,404.4271596300244
lightning_a100_mixed_families,2026-05-11T10:21:31.735800+00:00,classification,cls_008,1,docker_model_runner_local,gemma3:4b,Gemma 3 4B,gemma3,4B,gpu,A100 40GB / Docker Model Runner GPU,65,3,68,0.4686648189999687,0.0020532789999687,0.019447059,0.4471644809999999,6.339000265143113e-06,0.017080393,0.430084088,0.4686711580002338,0.4792561050003314,2.5879829670017895,22.44869935114899,25.036682318150778,4.5,55.64639999999999,57.312,1,cpu:tdp_estimate;gpu:nvml,0.0,1.2518341159075388e-06,0.0,1.2518341159075388e-06,1.8409325233934395e-05,368.1865046786879,performance,False,,,,,,,22.44869935114899,330.127931634544
lightning_a100_mixed_families,2026-05-11T10:21:32.051740+00:00,classification,cls_001,0,docker_model_runner_local,mistral-small3.2:24b,Mistral Small 3.2 24B,mistral-small3.2,24B,gpu,A100 40GB / Docker Model Runner GPU,53,2,55,0.3036245779999262,0.0023313749999262,0.069521312,0.231771891,5.079999937152024e-06,0.020967268,0.210804623,0.3036296579998634,0.3136138620002384,1.5900222803412087,22.301553344855627,23.891575625196836,4.225,83.0825,141.09,1,cpu:tdp_estimate;gpu:nvml,0.0,1.194578781259842e-06,0.0,1.194578781259842e-06,2.17196142047244e-05,434.39228409448793,bug,True,,,,,,,22.301553344855627,405.48278808828417
lightning_a100_mixed_families,2026-05-11T10:21:32.359102+00:00,classification,cls_002,0,docker_model_runner_local,mistral-small3.2:24b,Mistral Small 3.2 24B,mistral-small3.2,24B,gpu,A100 40GB / Docker Model Runner GPU,53,3,56,0.2949351000002025,0.0022919660002024,0.035701655,0.256941479,6.469999789260328e-06,0.034319889,0.22262159,0.2949415699999917,0.3049395640000512,1.4149195769602376,18.492427837070903,19.90734741403114,3.8666666666666663,96.393,141.09,1,cpu:tdp_estimate;gpu:nvml,0.0,9.95367370701557e-07,0.0,9.95367370701557e-07,1.7774417333956377e-05,355.48834667912746,how-to,True,,,,,,,18.492427837070903,330.2219256619804
lightning_a100_mixed_families,2026-05-11T10:21:32.659650+00:00,classification,cls_003,0,docker_model_runner_local,mistral-small3.2:24b,Mistral Small 3.2 24B,mistral-small3.2,24B,gpu,A100 40GB / Docker Model Runner GPU,49,3,52,0.2873138899999503,0.0027026219999503,0.0318496,0.252761668,5.520000286196591e-06,0.0344483,0.218313368,0.2873194100002365,0.2972474040002453,1.712145047041413,22.896027417484422,24.60817246452584,4.8,121.68266666666666,205.524,1,cpu:tdp_estimate;gpu:nvml,0.0,1.230408623226292e-06,0.0,1.230408623226292e-06,2.3661704292813305e-05,473.2340858562661,concept,True,,,,,,,22.896027417484422,440.3082195670081
lightning_a100_mixed_families,2026-05-11T10:21:32.951451+00:00,classification,cls_004,0,docker_model_runner_local,mistral-small3.2:24b,Mistral Small 3.2 24B,mistral-small3.2,24B,gpu,A100 40GB / Docker Model Runner GPU,58,2,60,0.2794066070000554,0.0023928170000553,0.039190793,0.2378229969999999,4.66900019091554e-06,0.018184444,0.219638553,0.2794112760002463,0.2891633260001072,1.6655807577606174,22.413254351251375,24.07883510901199,4.8,119.616,201.698,1,cpu:tdp_estimate;gpu:nvml,0.0,1.2039417554505997e-06,0.0,1.2039417554505997e-06,2.0065695924176662e-05,401.3139184835332,performance,True,,,,,,,22.413254351251375,373.5542391875229
lightning_a100_mixed_families,2026-05-11T10:21:33.238493+00:00,classification,cls_005,0,docker_model_runner_local,mistral-small3.2:24b,Mistral Small 3.2 24B,mistral-small3.2,24B,gpu,A100 40GB / Docker Model Runner GPU,55,2,57,0.2749420299996927,0.0024765789996927,0.035939429,0.236526022,6.469999789260328e-06,0.01798179,0.218544232,0.274948499999482,0.2846903899999233,1.5601033371995798,22.009965572998095,23.570068910197673,4.566666666666666,118.787,205.312,1,cpu:tdp_estimate;gpu:nvml,0.0,1.1785034455098837e-06,0.0,1.1785034455098837e-06,2.0675499044033044e-05,413.5099808806609,security,True,,,,,,,22.009965572998095,386.1397468947034
lightning_a100_mixed_families,2026-05-11T10:21:33.530457+00:00,classification,cls_006,0,docker_model_runner_local,mistral-small3.2:24b,Mistral Small 3.2 24B,mistral-small3.2,24B,gpu,A100 40GB / Docker Model Runner GPU,54,2,56,0.2796276210001451,0.0022388330001451,0.035963529,0.241425259,5.359999704523943e-06,0.018151383,0.223273876,0.2796329809998497,0.2896274649997394,1.563988310998593,22.175556213023317,23.73954452402191,4.5,121.09366666666666,215.79,1,cpu:tdp_estimate;gpu:nvml,0.0,1.1869772262010954e-06,0.0,1.1869772262010954e-06,2.119602189644813e-05,423.92043792896266,bug,True,,,,,,,22.175556213023317,395.9920752325593
lightning_a100_mixed_families,2026-05-11T10:21:33.831825+00:00,classification,cls_007,0,docker_model_runner_local,mistral-small3.2:24b,Mistral Small 3.2 24B,mistral-small3.2,24B,gpu,A100 40GB / Docker Model Runner GPU,49,3,52,0.2891349460001038,0.0025912620001037,0.031632465,0.254911219,5.9599997257464565e-06,0.034294127,0.220617092,0.2891409059998295,0.2991008499998315,1.4237200459991983,22.82636353232807,24.25008357832727,3.966666666666667,125.69333333333331,231.085,1,cpu:tdp_estimate;gpu:nvml,0.0,1.2125041789163634e-06,0.0,1.2125041789163634e-06,2.3317388056083913e-05,466.34776112167833,concept,True,,,,,,,22.82636353232807,438.9685294678475
lightning_a100_mixed_families,2026-05-11T10:21:34.127996+00:00,classification,cls_008,0,docker_model_runner_local,mistral-small3.2:24b,Mistral Small 3.2 24B,mistral-small3.2,24B,gpu,A100 40GB / Docker Model Runner GPU,53,3,56,0.2840289769997071,0.0023225459997071,0.035685794,0.246020637,5.769999916083179e-06,0.034205576,0.2118150609999999,0.2840347469996231,0.2939252789997226,1.4461123726786358,26.12331450823412,27.56942688091276,4.1000000000000005,147.183,295.359,1,cpu:tdp_estimate;gpu:nvml,0.0,1.3784713440456378e-06,0.0,1.3784713440456378e-06,2.461555971510067e-05,492.3111943020135,how-to,True,,,,,,,26.12331450823412,466.4877590756093
lightning_a100_mixed_families,2026-05-11T10:21:34.418614+00:00,classification,cls_001,1,docker_model_runner_local,mistral-small3.2:24b,Mistral Small 3.2 24B,mistral-small3.2,24B,gpu,A100 40GB / Docker Model Runner GPU,53,2,55,0.2785161500000868,0.0023444060000867,0.038776965,0.237394779,5.990000317979138e-06,0.019109624,0.218285155,0.2785221400004047,0.2883765520000452,1.5456983187202422,26.577958877863814,28.123657196584055,4.466666666666667,149.83666666666667,311.514,1,cpu:tdp_estimate;gpu:nvml,0.0,1.4061828598292026e-06,0.0,1.4061828598292026e-06,2.5566961087803684e-05,511.3392217560737,bug,True,,,,,,,26.577958877863814,483.23561596116025
lightning_a100_mixed_families,2026-05-11T10:21:34.733193+00:00,classification,cls_002,1,docker_model_runner_local,mistral-small3.2:24b,Mistral Small 3.2 24B,mistral-small3.2,24B,gpu,A100 40GB / Docker Model Runner GPU,53,3,56,0.3020401879998644,0.0026425019998644,0.039387547,0.260010139,6.470000244007679e-06,0.038073411,0.2219367279999999,0.3020466580001084,0.3121695039999395,1.723175662079666,36.32864753733871,38.05182319941838,4.6,105.85375,234.669,1,cpu:tdp_estimate;gpu:nvml,0.0,1.902591159970919e-06,0.0,1.902591159970919e-06,3.3974842142337836e-05,679.4968428467569,how-to,True,,,,,,,36.32864753733871,648.7258488810485
lightning_a100_mixed_families,2026-05-11T10:21:35.040867+00:00,classification,cls_003,1,docker_model_runner_local,mistral-small3.2:24b,Mistral Small 3.2 24B,mistral-small3.2,24B,gpu,A100 40GB / Docker Model Runner GPU,49,3,52,0.2939705909998338,0.0022452939998338,0.036782006,0.254943291,5.541000064113177e-06,0.038413117,0.216530174,0.2939761319998979,0.3038841719999254,1.7746835644795649,20.355440938442285,22.13012450292185,4.866666666666666,113.97866666666664,223.808,1,cpu:tdp_estimate;gpu:nvml,0.0,1.1065062251460924e-06,0.0,1.1065062251460924e-06,2.1278965868194085e-05,425.5793173638817,concept,True,,,,,,,20.355440938442285,391.45078727773625
lightning_a100_mixed_families,2026-05-11T10:21:35.334215+00:00,classification,cls_004,1,docker_model_runner_local,mistral-small3.2:24b,Mistral Small 3.2 24B,mistral-small3.2,24B,gpu,A100 40GB / Docker Model Runner GPU,58,2,60,0.2815251789998001,0.0024117079998001,0.041951197,0.237162274,5.359999704523943e-06,0.018823437,0.218338837,0.2815305389995046,0.2913867289998961,1.4802445833194724,20.351435977935733,21.831680561255205,4.233333333333333,112.675,210.218,1,cpu:tdp_estimate;gpu:nvml,0.0,1.0915840280627602e-06,0.0,1.0915840280627602e-06,1.8193067134379334e-05,363.8613426875867,performance,True,,,,,,,20.351435977935733,339.1905996322622
lightning_a100_mixed_families,2026-05-11T10:21:35.624216+00:00,classification,cls_005,1,docker_model_runner_local,mistral-small3.2:24b,Mistral Small 3.2 24B,mistral-small3.2,24B,gpu,A100 40GB / Docker Model Runner GPU,55,2,57,0.2778394069996466,0.0022210839996466,0.038067211,0.237551112,6.270000085351057e-06,0.018695585,0.218855527,0.2778456769997319,0.2876057470002706,1.599087953321505,21.63110444908162,23.230192402403123,4.633333333333334,120.52366666666666,231.962,1,cpu:tdp_estimate;gpu:nvml,0.0,1.1615096201201565e-06,0.0,1.1615096201201565e-06,2.037736175649397e-05,407.5472351298793,security,True,,,,,,,21.63110444908162,379.4930605102038
lightning_a100_mixed_families,2026-05-11T10:21:35.913628+00:00,classification,cls_006,1,docker_model_runner_local,mistral-small3.2:24b,Mistral Small 3.2 24B,mistral-small3.2,24B,gpu,A100 40GB / Docker Model Runner GPU,54,2,56,0.2764215989996046,0.0025094989996046,0.038344806,0.2355672939999999,6.10999995842576e-06,0.019118002,0.216449292,0.276427708999563,0.2869544840000344,1.6528578278401984,32.12875286514411,33.78161069298431,4.8,127.56966666666666,253.705,1,cpu:tdp_estimate;gpu:nvml,0.0,1.6890805346492154e-06,0.0,1.6890805346492154e-06,3.0162152404450276e-05,603.2430480890056,bug,True,,,,,,,32.12875286514411,573.7277297347161
lightning_a100_mixed_families,2026-05-11T10:21:36.217144+00:00,classification,cls_007,1,docker_model_runner_local,mistral-small3.2:24b,Mistral Small 3.2 24B,mistral-small3.2,24B,gpu,A100 40GB / Docker Model Runner GPU,49,3,52,0.2913910889997169,0.0023228929997168,0.033860258,0.255207938,5.2399996093299706e-06,0.035931779,0.219276159,0.2913963289993262,0.3012317819998316,1.5784545376791173,32.56623007565251,34.14468461333163,4.366666666666666,129.026,258.074,1,cpu:tdp_estimate;gpu:nvml,0.0,1.7072342306665813e-06,0.0,1.7072342306665813e-06,3.283142751281887e-05,656.6285502563775,concept,True,,,,,,,32.56623007565251,626.2736553010099
lightning_a100_mixed_families,2026-05-11T10:21:36.514981+00:00,classification,cls_008,1,docker_model_runner_local,mistral-small3.2:24b,Mistral Small 3.2 24B,mistral-small3.2,24B,gpu,A100 40GB / Docker Model Runner GPU,53,3,56,0.2863986329998624,0.0022380829998624,0.037205204,0.246955346,4.851000085182022e-06,0.035080854,0.211874492,0.2864034839999476,0.2961029120001512,1.3265410457606774,33.88811662622369,35.21465767198437,3.733333333333333,133.81733333333332,269.823,1,cpu:tdp_estimate;gpu:nvml,0.0,1.7607328835992183e-06,0.0,1.7607328835992183e-06,3.1441658635700334e-05,628.8331727140067,how-to,True,,,,,,,33.88811662622369,605.1449397539945
lightning_a100_mixed_families,2026-05-11T10:21:37.817573+00:00,rag_rank,rag_001,0,docker_model_runner_local,nomic-embed-text:latest,Nomic Embed Text,nomic-embed-text,137M,gpu,A100 40GB / Docker Model Runner GPU,15,0,15,0.0987660830001004,0.0015500900001004,0.0,0.097215993,0.000355657,0.0,0.0,0.0991217400001005,0.109411689999888,0.4463996951995432,7.1345,7.580899695199543,3.4,71.345,71.345,1,cpu:tdp_estimate;gpu:nvml,0.0,3.7904498475997714e-07,0.0,3.7904498475997714e-07,2.5269665650665144e-05,505.3933130133028,,,How should I explain CPU and GPU energy measurement on the poster?,doc_energy,doc_energy|doc_cpu_gpu|doc_summarization,True,,,7.1345,475.6333333333333
lightning_a100_mixed_families,2026-05-11T10:21:37.890411+00:00,rag_rank,rag_002,0,docker_model_runner_local,nomic-embed-text:latest,Nomic Embed Text,nomic-embed-text,137M,gpu,A100 40GB / Docker Model Runner GPU,15,0,15,0.0614532449999387,0.0013294849999387,0.0,0.06012376,0.0003174469998157,0.0,0.0,0.0617706919997544,0.0713942289999067,5.500211402152818,7.309900000000001,12.81011140215282,64.2,73.099,73.099,1,cpu:tdp_estimate;gpu:nvml,0.0,6.40505570107641e-07,0.0,6.40505570107641e-07,4.270037134050939e-05,854.0074268101879,,,Why can batching make embedding jobs cheaper or faster?,doc_batching,doc_batching|doc_rag|doc_classification,True,,,7.309900000000001,487.32666666666677
lightning_a100_mixed_families,2026-05-11T10:21:38.011580+00:00,rag_rank,rag_003,0,docker_model_runner_local,nomic-embed-text:latest,Nomic Embed Text,nomic-embed-text,137M,gpu,A100 40GB / Docker Model Runner GPU,17,0,17,0.1091524040002696,0.0014519680002696,0.0,0.107700436,0.0003758570001082,0.0,0.0,0.1095282610003778,0.1189894250001089,9.84518502450901,7.309694912554544,17.154879937063555,68.95,72.0555,72.494,1,cpu:tdp_estimate;gpu:nvml,0.0,8.577439968531777e-07,0.0,8.577439968531777e-07,5.045552922665752e-05,1009.1105845331502,,,Which latency buckets should a Python developer inspect for an LLM call?,doc_latency,doc_latency|doc_classification|doc_batching,True,,,7.309694912554544,429.98205367967904
lightning_a100_mixed_families,2026-05-11T10:21:38.064526+00:00,rag_rank,rag_004,0,docker_model_runner_local,nomic-embed-text:latest,Nomic Embed Text,nomic-embed-text,137M,gpu,A100 40GB / Docker Model Runner GPU,14,0,14,0.040241373000299,0.001442198000299,0.0,0.038799175,0.0003463060002104,0.0,0.0,0.0405876790005095,0.0503433799999584,1.3653124655988722,7.161700000000001,8.527012465598872,22.6,71.617,71.617,1,cpu:tdp_estimate;gpu:nvml,0.0,4.2635062327994363e-07,0.0,4.2635062327994363e-07,3.0453615948567404e-05,609.0723189713481,,,"For a short classification task, what usually dominates the request?",doc_classification,doc_classification|doc_summarization|doc_latency,True,,,7.161700000000001,511.55000000000007
lightning_a100_mixed_families,2026-05-11T10:21:38.110851+00:00,rag_rank,rag_001,1,docker_model_runner_local,nomic-embed-text:latest,Nomic Embed Text,nomic-embed-text,137M,gpu,A100 40GB / Docker Model Runner GPU,15,0,15,0.0353148869999131,0.0013432649999131,0.0,0.033971622,0.0002954960000352,0.0,0.0,0.0356103829999483,0.0450279259998751,1.7993159229550109,7.1896,8.98891592295501,33.3,71.896,71.896,1,cpu:tdp_estimate;gpu:nvml,0.0,4.494457961477505e-07,0.0,4.494457961477505e-07,2.9963053076516697e-05,599.2610615303341,,,How should I explain CPU and GPU energy measurement on the poster?,doc_energy,doc_energy|doc_cpu_gpu|doc_summarization,True,,,7.1896,479.30666666666673
lightning_a100_mixed_families,2026-05-11T10:21:38.145218+00:00,rag_rank,rag_002,1,docker_model_runner_local,nomic-embed-text:latest,Nomic Embed Text,nomic-embed-text,137M,gpu,A100 40GB / Docker Model Runner GPU,15,0,15,0.02224027200009,0.00130148400009,0.0,0.020938788,0.000281834999896,0.0,0.0,0.0225221069999861,0.0317221579998658,1.2409708209547534,7.1896,8.430570820954754,32.6,71.896,71.896,1,cpu:tdp_estimate;gpu:nvml,0.0,4.215285410477377e-07,0.0,4.215285410477377e-07,2.8101902736515844e-05,562.038054730317,,,Why can batching make embedding jobs cheaper or faster?,doc_batching,doc_batching|doc_rag|doc_classification,True,,,7.1896,479.30666666666673
lightning_a100_mixed_families,2026-05-11T10:21:38.179471+00:00,rag_rank,rag_003,1,docker_model_runner_local,nomic-embed-text:latest,Nomic Embed Text,nomic-embed-text,137M,gpu,A100 40GB / Docker Model Runner GPU,17,0,17,0.0233650939999279,0.0013028849999279,0.0,0.022062209,0.0003184160000273,0.0,0.0,0.0236835099999552,0.0329053610003029,0.2645591024424357,7.1896,7.4541591024424365,6.7,71.896,71.896,1,cpu:tdp_estimate;gpu:nvml,0.0,3.727079551221218e-07,0.0,3.727079551221218e-07,2.1923997360124813e-05,438.4799472024963,,,Which latency buckets should a Python developer inspect for an LLM call?,doc_latency,doc_latency|doc_classification|doc_batching,True,,,7.1896,422.91764705882355
lightning_a100_mixed_families,2026-05-11T10:21:38.226290+00:00,rag_rank,rag_004,1,docker_model_runner_local,nomic-embed-text:latest,Nomic Embed Text,nomic-embed-text,137M,gpu,A100 40GB / Docker Model Runner GPU,14,0,14,0.0349964019997059,0.0013101569997059,0.0,0.033686245,0.0003018759998667,0.0,0.0,0.0352982779995727,0.0453234110000266,0.3154509405601857,7.1896,7.505050940560186,5.8,71.896,71.896,1,cpu:tdp_estimate;gpu:nvml,0.0,3.752525470280093e-07,0.0,3.752525470280093e-07,2.680375335914352e-05,536.0750671828705,,,"For a short classification task, what usually dominates the request?",doc_classification,doc_classification|doc_summarization|doc_latency,True,,,7.1896,513.5428571428572
lightning_a100_mixed_families,2026-05-11T10:21:39.437827+00:00,rag_rank,rag_001,0,docker_model_runner_local,mxbai-embed-large:latest,mxbai Embed Large,mxbai-embed-large,335M,gpu,A100 40GB / Docker Model Runner GPU,16,0,16,0.0333893889996943,0.0014536269996943,0.0,0.031935762,0.0004126180001549,0.0,0.0,0.0338020069998492,0.044384304000232,0.282284173441476,6.779900000000001,7.062184173441477,5.3,67.799,67.799,1,cpu:tdp_estimate;gpu:nvml,0.0,3.5310920867207385e-07,0.0,3.5310920867207385e-07,2.2069325542004617e-05,441.38651084009234,,,How should I explain CPU and GPU energy measurement on the poster?,doc_energy,doc_cpu_gpu|doc_energy|doc_cost,True,,,6.779900000000001,423.7437500000001
lightning_a100_mixed_families,2026-05-11T10:21:39.476614+00:00,rag_rank,rag_002,0,docker_model_runner_local,mxbai-embed-large:latest,mxbai Embed Large,mxbai-embed-large,335M,gpu,A100 40GB / Docker Model Runner GPU,15,0,15,0.0273235810000187,0.0013168850000187,0.0,0.026006696,0.0003798070001721,0.0,0.0,0.0277033880001909,0.0373168660003102,0.2283792199218987,5.872800000000001,6.1011792199218995,5.1,58.728,58.728,1,cpu:tdp_estimate;gpu:nvml,0.0,3.0505896099609496e-07,0.0,3.0505896099609496e-07,2.033726406640633e-05,406.7452813281266,,,Why can batching make embedding jobs cheaper or faster?,doc_batching,doc_batching|doc_classification|doc_rag,True,,,5.872800000000001,391.52000000000004
lightning_a100_mixed_families,2026-05-11T10:21:39.516396+00:00,rag_rank,rag_003,0,docker_model_runner_local,mxbai-embed-large:latest,mxbai Embed Large,mxbai-embed-large,335M,gpu,A100 40GB / Docker Model Runner GPU,18,0,18,0.02835461199993,0.00132675599993,0.0,0.027027856,0.0003548869999576,0.0,0.0,0.0287094989998877,0.0381857829997898,0.2382792859186884,5.872800000000001,6.111079285918689,5.2,58.728,58.728,1,cpu:tdp_estimate;gpu:nvml,0.0,3.055539642959344e-07,0.0,3.055539642959344e-07,1.6975220238663023e-05,339.5044047732605,,,Which latency buckets should a Python developer inspect for an LLM call?,doc_latency,doc_latency|doc_classification|doc_batching,True,,,5.872800000000001,326.2666666666667
lightning_a100_mixed_families,2026-05-11T10:21:39.564035+00:00,rag_rank,rag_004,0,docker_model_runner_local,mxbai-embed-large:latest,mxbai Embed Large,mxbai-embed-large,335M,gpu,A100 40GB / Docker Model Runner GPU,14,0,14,0.0362920160000612,0.0013220460000612,0.0,0.03496997,0.0003523170003063,0.0,0.0,0.0366443330003676,0.0461392570000498,0.3709596262804007,5.872800000000001,6.243759626280402,6.7,58.728,58.728,1,cpu:tdp_estimate;gpu:nvml,0.0,3.121879813140201e-07,0.0,3.121879813140201e-07,2.2299141522430007e-05,445.9828304486001,,,"For a short classification task, what usually dominates the request?",doc_classification,doc_classification|doc_rag|doc_summarization,True,,,5.872800000000001,419.4857142857143
lightning_a100_mixed_families,2026-05-11T10:21:39.608271+00:00,rag_rank,rag_001,1,docker_model_runner_local,mxbai-embed-large:latest,mxbai Embed Large,mxbai-embed-large,335M,gpu,A100 40GB / Docker Model Runner GPU,16,0,16,0.0328155090001018,0.0012958860001018,0.0,0.031519623,0.0003451070001574,0.0,0.0,0.0331606160002593,0.0427247809998334,1.097172376075723,5.545300000000001,6.642472376075724,21.4,55.453,55.453,1,cpu:tdp_estimate;gpu:nvml,0.0,3.321236188037863e-07,0.0,3.321236188037863e-07,2.075772617523664e-05,415.1545235047328,,,How should I explain CPU and GPU energy measurement on the poster?,doc_energy,doc_cpu_gpu|doc_energy|doc_cost,True,,,5.545300000000001,346.58125000000007
lightning_a100_mixed_families,2026-05-11T10:21:39.652077+00:00,rag_rank,rag_002,1,docker_model_runner_local,mxbai-embed-large:latest,mxbai Embed Large,mxbai-embed-large,335M,gpu,A100 40GB / Docker Model Runner GPU,15,0,15,0.032514323000214,0.001326425000214,0.0,0.031187898,0.0003488769998511,0.0,0.0,0.0328632000000652,0.042253902000084,0.9887413068019668,5.545300000000001,6.534041306801968,19.5,55.453,55.453,1,cpu:tdp_estimate;gpu:nvml,0.0,3.267020653400984e-07,0.0,3.267020653400984e-07,2.1780137689339895e-05,435.60275378679785,,,Why can batching make embedding jobs cheaper or faster?,doc_batching,doc_batching|doc_classification|doc_rag,True,,,5.545300000000001,369.6866666666667
lightning_a100_mixed_families,2026-05-11T10:21:39.698436+00:00,rag_rank,rag_003,1,docker_model_runner_local,mxbai-embed-large:latest,mxbai Embed Large,mxbai-embed-large,335M,gpu,A100 40GB / Docker Model Runner GPU,18,0,18,0.0350047810002251,0.0012659250002251,0.0,0.033738856,0.0003745369999705,0.0,0.0,0.0353793180001957,0.0448994230000607,0.9806033983213274,5.545300000000001,6.525903398321328,18.2,55.453,55.453,1,cpu:tdp_estimate;gpu:nvml,0.0,3.262951699160664e-07,0.0,3.262951699160664e-07,1.8127509439781465e-05,362.5501887956293,,,Which latency buckets should a Python developer inspect for an LLM call?,doc_latency,doc_latency|doc_classification|doc_batching,True,,,5.545300000000001,308.0722222222223
lightning_a100_mixed_families,2026-05-11T10:21:39.749233+00:00,rag_rank,rag_004,1,docker_model_runner_local,mxbai-embed-large:latest,mxbai Embed Large,mxbai-embed-large,335M,gpu,A100 40GB / Docker Model Runner GPU,14,0,14,0.0380637100001877,0.0014853590001877,0.0,0.036578351,0.0003931369997189,0.0,0.0,0.0384568469999067,0.0479538530003083,1.2429638697679912,5.545300000000001,6.7882638697679925,21.6,55.453,55.453,1,cpu:tdp_estimate;gpu:nvml,0.0,3.394131934883996e-07,0.0,3.394131934883996e-07,2.4243799534885687e-05,484.87599069771375,,,"For a short classification task, what usually dominates the request?",doc_classification,doc_classification|doc_rag|doc_summarization,True,,,5.545300000000001,396.0928571428572
lightning_a100_mixed_families,2026-05-11T10:21:42.946910+00:00,rag_rank,rag_001,0,docker_model_runner_local,bge-m3:latest,BGE-M3,bge-m3,567M,gpu,A100 40GB / Docker Model Runner GPU,16,0,16,0.1958571809996101,0.0016331019996101,0.0,0.194224079,0.0004264680001142,0.0,0.0,0.1962836489997244,0.2069944760000908,1.2419668560005448,5.764858536879706,7.006825392880251,5.0,56.680499999999995,57.525,1,cpu:tdp_estimate;gpu:nvml,0.0,3.503412696440126e-07,0.0,3.503412696440126e-07,2.1896329352750783e-05,437.9265870550157,,,How should I explain CPU and GPU energy measurement on the poster?,doc_energy,doc_energy|doc_cpu_gpu|doc_cost,True,,,5.764858536879706,360.30365855498167
lightning_a100_mixed_families,2026-05-11T10:21:43.133593+00:00,rag_rank,rag_002,0,docker_model_runner_local,bge-m3:latest,BGE-M3,bge-m3,567M,gpu,A100 40GB / Docker Model Runner GPU,17,0,17,0.1743166709998149,0.0015439389998149,0.0,0.172772732,0.0004235280002831,0.0,0.0,0.174740199000098,0.1845109710002361,3.6422465675446616,5.61414607971591,9.256392647260572,16.45,55.37,56.108,1,cpu:tdp_estimate;gpu:nvml,0.0,4.628196323630286e-07,0.0,4.628196323630286e-07,2.722468425664874e-05,544.4936851329747,,,Why can batching make embedding jobs cheaper or faster?,doc_batching,doc_batching|doc_classification|doc_cpu_gpu,True,,,5.61414607971591,330.24388704211236
lightning_a100_mixed_families,2026-05-11T10:21:43.315489+00:00,rag_rank,rag_003,0,docker_model_runner_local,bge-m3:latest,BGE-M3,bge-m3,567M,gpu,A100 40GB / Docker Model Runner GPU,19,0,19,0.1689325770003051,0.0015488290003051,0.0,0.167383748,0.0004008880000583,0.0,0.0,0.1693334650003635,0.1793138999996699,2.5498436579953068,5.622532362360904,8.17237602035621,11.85,55.342,56.108,1,cpu:tdp_estimate;gpu:nvml,0.0,4.086188010178105e-07,0.0,4.086188010178105e-07,2.150625268514792e-05,430.1250537029584,,,Which latency buckets should a Python developer inspect for an LLM call?,doc_latency,doc_latency|doc_classification|doc_cpu_gpu,True,,,5.622532362360904,295.9227559137318
lightning_a100_mixed_families,2026-05-11T10:21:43.511668+00:00,rag_rank,rag_004,0,docker_model_runner_local,bge-m3:latest,BGE-M3,bge-m3,567M,gpu,A100 40GB / Docker Model Runner GPU,16,0,16,0.1838237959996149,0.0015453589996149,0.0,0.182278437,0.0004434099996615,0.0,0.0,0.1842672059992764,0.1939788149998094,2.6419914602974037,5.569170736886122,8.211162197183526,11.35,54.875,55.174,1,cpu:tdp_estimate;gpu:nvml,0.0,4.105581098591763e-07,0.0,4.105581098591763e-07,2.5659881866198517e-05,513.1976373239704,,,"For a short classification task, what usually dominates the request?",doc_classification,doc_classification|doc_summarization|doc_rag,True,,,5.569170736886122,348.0731710553826
lightning_a100_mixed_families,2026-05-11T10:21:43.688577+00:00,rag_rank,rag_001,1,docker_model_runner_local,bge-m3:latest,BGE-M3,bge-m3,567M,gpu,A100 40GB / Docker Model Runner GPU,16,0,16,0.1647578449997127,0.0015475489997126,0.0,0.163210296,0.000376227000288,0.0,0.0,0.1651340720000007,0.1753171410000504,2.4509336311807055,5.545756994830612,7.996690626011317,11.65,54.576,54.576,1,cpu:tdp_estimate;gpu:nvml,0.0,3.998345313005658e-07,0.0,3.998345313005658e-07,2.498965820628536e-05,499.7931641257073,,,How should I explain CPU and GPU energy measurement on the poster?,doc_energy,doc_energy|doc_cpu_gpu|doc_cost,True,,,5.545756994830612,346.60981217691324
lightning_a100_mixed_families,2026-05-11T10:21:43.873064+00:00,rag_rank,rag_002,1,docker_model_runner_local,bge-m3:latest,BGE-M3,bge-m3,567M,gpu,A100 40GB / Docker Model Runner GPU,17,0,17,0.1723672349999105,0.0014673289999105,0.0,0.170899906,0.0004314380003052,0.0,0.0,0.1727986730002157,0.1823293970001032,2.362988985121338,5.529173149453374,7.892162134574712,10.8,54.576,54.576,1,cpu:tdp_estimate;gpu:nvml,0.0,3.9460810672873555e-07,0.0,3.9460810672873555e-07,2.321224157227856e-05,464.2448314455713,,,Why can batching make embedding jobs cheaper or faster?,doc_batching,doc_batching|doc_classification|doc_cpu_gpu,True,,,5.529173149453374,325.24547937961023
lightning_a100_mixed_families,2026-05-11T10:21:44.047100+00:00,rag_rank,rag_003,1,docker_model_runner_local,bge-m3:latest,BGE-M3,bge-m3,567M,gpu,A100 40GB / Docker Model Runner GPU,19,0,19,0.161298569000337,0.001647043000337,0.0,0.159651526,0.0004391190000205,0.0,0.0,0.1617376880003576,0.1717069309997896,1.524757547278132,5.90565911389648,7.430416661174612,7.4,58.262,61.948,1,cpu:tdp_estimate;gpu:nvml,0.0,3.715208330587306e-07,0.0,3.715208330587306e-07,1.955372805572266e-05,391.0745611144533,,,Which latency buckets should a Python developer inspect for an LLM call?,doc_latency,doc_latency|doc_classification|doc_cpu_gpu,True,,,5.90565911389648,310.8241638892884
lightning_a100_mixed_families,2026-05-11T10:21:44.222942+00:00,rag_rank,rag_004,1,docker_model_runner_local,bge-m3:latest,BGE-M3,bge-m3,567M,gpu,A100 40GB / Docker Model Runner GPU,16,0,16,0.1633308179998494,0.0015789909998494,0.0,0.161751827,0.0004249779999554,0.0,0.0,0.1637557959998048,0.1737146509999547,1.5738547380595904,5.586180362113362,7.160035100172952,7.550000000000001,55.0145,55.453,1,cpu:tdp_estimate;gpu:nvml,0.0,3.580017550086476e-07,0.0,3.580017550086476e-07,2.2375109688040475e-05,447.5021937608095,,,"For a short classification task, what usually dominates the request?",doc_classification,doc_classification|doc_summarization|doc_rag,True,,,5.586180362113362,349.13627263208514
lightning_a100_mixed_families,2026-05-11T10:21:48.576549+00:00,batch_embeddings,batch_0,0,docker_model_runner_local,nomic-embed-text:latest,Nomic Embed Text,nomic-embed-text,137M,gpu,A100 40GB / Docker Model Runner GPU,203,0,203,4.340635500999724,0.0021358109997242,0.0,4.33849969,8.209999577957205e-07,0.0,0.0,4.340636321999682,4.350919911999881,8.947073491767028,264.7556679002808,273.7027413920478,1.7136363636363638,61.223727272727274,70.748,1,cpu:tdp_estimate;gpu:nvml,0.0,1.368513706960239e-05,0.0,1.368513706960239e-05,6.741446832316448e-05,1348.2893664632898,,,,,,,4.0,768.0,264.7556679002808,1304.2151128092648
lightning_a100_mixed_families,2026-05-11T10:21:48.624380+00:00,batch_embeddings,batch_1,0,docker_model_runner_local,nomic-embed-text:latest,Nomic Embed Text,nomic-embed-text,137M,gpu,A100 40GB / Docker Model Runner GPU,179,0,179,0.0350648610001371,0.0018555850001371,0.0,0.033209276,6.000000212225132e-07,0.0,0.0,0.0350654610001583,0.0459415939999416,0.181928712239769,5.430400000000001,5.61232871223977,3.3,54.304,54.304,1,cpu:tdp_estimate;gpu:nvml,0.0,2.806164356119885e-07,0.0,2.806164356119885e-07,1.5676895844245166e-06,31.353791688490332,,,,,,,4.0,768.0,5.430400000000001,30.337430167597766
lightning_a100_mixed_families,2026-05-11T10:21:48.668582+00:00,batch_embeddings,batch_2,0,docker_model_runner_local,nomic-embed-text:latest,Nomic Embed Text,nomic-embed-text,137M,gpu,A100 40GB / Docker Model Runner GPU,323,0,323,0.0327146670001639,0.0016918120001639,0.0,0.031022855,7.900002856331412e-07,0.0,0.0,0.0327154570004495,0.0426849309997123,0.148543559878999,5.430400000000001,5.578943559879,2.9,54.304,54.304,1,cpu:tdp_estimate;gpu:nvml,0.0,2.7894717799395e-07,0.0,2.7894717799395e-07,8.636135541608359e-07,17.272271083216715,,,,,,,3.0,768.0,5.430400000000001,16.812383900928793
lightning_a100_mixed_families,2026-05-11T10:21:48.713782+00:00,batch_embeddings,batch_0,1,docker_model_runner_local,nomic-embed-text:latest,Nomic Embed Text,nomic-embed-text,137M,gpu,A100 40GB / Docker Model Runner GPU,203,0,203,0.0340265919999183,0.0017823539999183,0.0,0.032244238,6.200002644618507e-07,0.0,0.0,0.0340272120001827,0.0437678719999894,0.1628164838399607,5.605,5.767816483839961,3.1,56.05,56.05,1,cpu:tdp_estimate;gpu:nvml,0.0,2.8839082419199804e-07,0.0,2.8839082419199804e-07,1.4206444541477737e-06,28.412889082955473,,,,,,,4.0,768.0,5.605,27.610837438423648
lightning_a100_mixed_families,2026-05-11T10:21:48.760368+00:00,batch_embeddings,batch_1,1,docker_model_runner_local,nomic-embed-text:latest,Nomic Embed Text,nomic-embed-text,137M,gpu,A100 40GB / Docker Model Runner GPU,179,0,179,0.0337868970000272,0.0016850230000272,0.0,0.032101874,6.099999154685065e-07,0.0,0.0,0.0337875069999427,0.0436354490002486,0.157087616400895,5.605,5.762087616400896,3.0,56.05,56.05,1,cpu:tdp_estimate;gpu:nvml,0.0,2.881043808200448e-07,0.0,2.881043808200448e-07,1.6095216805589097e-06,32.190433611178186,,,,,,,4.0,768.0,5.605,31.31284916201118
lightning_a100_mixed_families,2026-05-11T10:21:48.802785+00:00,batch_embeddings,batch_2,1,docker_model_runner_local,nomic-embed-text:latest,Nomic Embed Text,nomic-embed-text,137M,gpu,A100 40GB / Docker Model Runner GPU,323,0,323,0.031373270000131,0.001441859000131,0.0,0.029931411,6.099999154685065e-07,0.0,0.0,0.0313738800000464,0.0410194280002542,0.1772039289610984,5.583600000000001,5.760803928961099,3.6,55.836,55.836,1,cpu:tdp_estimate;gpu:nvml,0.0,2.8804019644805497e-07,0.0,2.8804019644805497e-07,8.917653140806655e-07,17.83530628161331,,,,,,,3.0,768.0,5.583600000000001,17.28668730650155
lightning_a100_mixed_families,2026-05-11T10:21:50.226951+00:00,batch_embeddings,batch_0,0,docker_model_runner_local,mxbai-embed-large:latest,mxbai Embed Large,mxbai-embed-large,335M,gpu,A100 40GB / Docker Model Runner GPU,215,0,215,1.412239860000227,0.001639322000227,0.0,1.410600538,7.300000106624793e-07,0.0,0.0,1.4122405900002375,1.4219958690000567,10.670657000976425,78.51348526737195,89.18414226834837,6.253333333333333,55.789,65.243,1,cpu:tdp_estimate;gpu:nvml,0.0,4.459207113417418e-06,0.0,4.459207113417418e-06,2.074049820194148e-05,414.80996403882966,,,,,,,4.0,1024.0,78.51348526737195,365.17900124359045
lightning_a100_mixed_families,2026-05-11T10:21:50.329202+00:00,batch_embeddings,batch_1,0,docker_model_runner_local,mxbai-embed-large:latest,mxbai Embed Large,mxbai-embed-large,335M,gpu,A100 40GB / Docker Model Runner GPU,181,0,181,0.0902588859999014,0.0017757549999013,0.0,0.088483131,7.700000423938036e-07,0.0,0.0,0.0902596559999437,0.100544095999794,0.4102199116791599,5.436,5.84621991167916,3.4,54.36,54.36,1,cpu:tdp_estimate;gpu:nvml,0.0,2.92310995583958e-07,0.0,2.92310995583958e-07,1.6149778761544645e-06,32.29955752308928,,,,,,,4.0,1024.0,5.436,30.03314917127072
lightning_a100_mixed_families,2026-05-11T10:21:50.413849+00:00,batch_embeddings,batch_2,0,docker_model_runner_local,mxbai-embed-large:latest,mxbai Embed Large,mxbai-embed-large,335M,gpu,A100 40GB / Docker Model Runner GPU,329,0,329,0.0733199469996179,0.0015349999996179,0.0,0.071784947,6.299997039604932e-07,0.0,0.0,0.0733205769993219,0.0831128470003932,3.4608189490963746,6.6719,10.132718949096375,34.7,66.719,66.719,1,cpu:tdp_estimate;gpu:nvml,0.0,5.066359474548187e-07,0.0,5.066359474548187e-07,1.5399268919599351e-06,30.79853783919871,,,,,,,3.0,1024.0,6.6719,20.279331306990883
lightning_a100_mixed_families,2026-05-11T10:21:50.509647+00:00,batch_embeddings,batch_0,1,docker_model_runner_local,mxbai-embed-large:latest,mxbai Embed Large,mxbai-embed-large,335M,gpu,A100 40GB / Docker Model Runner GPU,215,0,215,0.0841044260000671,0.0016466320000671,0.0,0.082457794,1.000000338535756e-06,0.0,0.0,0.0841054260004057,0.0941165609997369,3.3994901833104993,6.551500000000001,9.9509901833105,30.1,65.515,65.515,1,cpu:tdp_estimate;gpu:nvml,0.0,4.97549509165525e-07,0.0,4.97549509165525e-07,2.3141837635605815e-06,46.28367527121163,,,,,,,4.0,1024.0,6.551500000000001,30.472093023255816
lightning_a100_mixed_families,2026-05-11T10:21:50.655754+00:00,batch_embeddings,batch_1,1,docker_model_runner_local,mxbai-embed-large:latest,mxbai Embed Large,mxbai-embed-large,335M,gpu,A100 40GB / Docker Model Runner GPU,181,0,181,0.1341106889999537,0.0017411429999537,0.0,0.132369546,7.510002433264162e-07,0.0,0.0,0.134111440000197,0.1442517360001147,7.486665098405956,6.684188331183613,14.170853429589569,43.25,65.886,66.788,1,cpu:tdp_estimate;gpu:nvml,0.0,7.085426714794783e-07,0.0,7.085426714794783e-07,3.914600394914244e-06,78.29200789828492,,,,,,,4.0,1024.0,6.684188331183613,36.92921729935698
lightning_a100_mixed_families,2026-05-11T10:21:50.790016+00:00,batch_embeddings,batch_2,1,docker_model_runner_local,mxbai-embed-large:latest,mxbai Embed Large,mxbai-embed-large,335M,gpu,A100 40GB / Docker Model Runner GPU,329,0,329,0.122418811999978,0.001625071999978,0.0,0.12079374,6.899999789311551e-07,0.0,0.0,0.1224195019999569,0.1325373090003268,10.027772798964724,6.278755145741965,16.306527944706687,63.05,61.8525,64.917,1,cpu:tdp_estimate;gpu:nvml,0.0,8.153263972353342e-07,0.0,8.153263972353342e-07,2.4781957362776117e-06,49.563914725552245,,,,,,,3.0,1024.0,6.278755145741965,19.084362145112355
lightning_a100_mixed_families,2026-05-11T10:21:50.987138+00:00,batch_embeddings,batch_0,0,docker_model_runner_local,bge-m3:latest,BGE-M3,bge-m3,567M,gpu,A100 40GB / Docker Model Runner GPU,241,0,241,0.1849381990000438,0.0018598760000438,0.0,0.183078323,7.100002221704926e-07,0.0,0.0,0.184938909000266,0.1949969349998355,2.187865610698154,6.294951460231497,8.48281707092965,9.35,62.1245,64.917,1,cpu:tdp_estimate;gpu:nvml,0.0,4.241408535464825e-07,0.0,4.241408535464825e-07,1.759920554134782e-06,35.19841108269565,,,,,,,4.0,1024.0,6.294951460231497,26.12013054037965
lightning_a100_mixed_families,2026-05-11T10:21:51.182770+00:00,batch_embeddings,batch_1,0,docker_model_runner_local,bge-m3:latest,BGE-M3,bge-m3,567M,gpu,A100 40GB / Docker Model Runner GPU,202,0,202,0.1834690900000168,0.0019716780000168,0.0,0.181497412,8.590000106778461e-07,0.0,0.0,0.1834699490000275,0.1937738009996792,0.8254763922586335,5.685588015906013,6.511064408164646,3.55,55.972,57.584,1,cpu:tdp_estimate;gpu:nvml,0.0,3.255532204082323e-07,0.0,3.255532204082323e-07,1.611649605981348e-06,32.232992119626964,,,,,,,4.0,1024.0,5.685588015906013,28.14647532626739
lightning_a100_mixed_families,2026-05-11T10:21:51.652213+00:00,batch_embeddings,batch_2,0,docker_model_runner_local,bge-m3:latest,BGE-M3,bge-m3,567M,gpu,A100 40GB / Docker Model Runner GPU,377,0,377,0.4570019140001022,0.0019751890001022,0.0,0.455026725,1.0499998097657226e-06,0.0,0.0,0.457002963999912,0.4672092910000174,2.0744092520400774,22.211303107070023,24.2857123591101,3.7,55.2346,56.714,1,cpu:tdp_estimate;gpu:nvml,0.0,1.214285617955505e-06,0.0,1.214285617955505e-06,3.2209167585026657e-06,64.41833517005331,,,,,,,3.0,1024.0,22.211303107070023,58.91592336092844
lightning_a100_mixed_families,2026-05-11T10:21:51.852583+00:00,batch_embeddings,batch_0,1,docker_model_runner_local,bge-m3:latest,BGE-M3,bge-m3,567M,gpu,A100 40GB / Docker Model Runner GPU,241,0,241,0.1882237730001179,0.0021025720001179,0.0,0.186121201,7.000003279244993e-07,0.0,0.0,0.1882244730004458,0.198616375000256,1.0248604950013214,5.6292992331606655,6.654159728161987,4.3,55.429,56.714,1,cpu:tdp_estimate;gpu:nvml,0.0,3.3270798640809933e-07,0.0,3.3270798640809933e-07,1.380531063934022e-06,27.61062127868044,,,,,,,4.0,1024.0,5.6292992331606655,23.3580881044011
lightning_a100_mixed_families,2026-05-11T10:21:52.053796+00:00,batch_embeddings,batch_1,1,docker_model_runner_local,bge-m3:latest,BGE-M3,bge-m3,567M,gpu,A100 40GB / Docker Model Runner GPU,202,0,202,0.1888348430002224,0.0020229470002224,0.0,0.186811896,8.699998943484388e-07,0.0,0.0,0.1888357130001168,0.1990957839998373,1.00344275135918,5.510616059800887,6.514058811160067,4.2,54.28,54.416,1,cpu:tdp_estimate;gpu:nvml,0.0,3.257029405580033e-07,0.0,3.257029405580033e-07,1.6123907948416006e-06,32.24781589683201,,,,,,,4.0,1024.0,5.510616059800887,27.280277523766763
lightning_a100_mixed_families,2026-05-11T10:21:52.245157+00:00,batch_embeddings,batch_2,1,docker_model_runner_local,bge-m3:latest,BGE-M3,bge-m3,567M,gpu,A100 40GB / Docker Model Runner GPU,377,0,377,0.1788377789998776,0.0019220369998776,0.0,0.176915742,7.300000106624793e-07,0.0,0.0,0.1788385089998883,0.1890991390000636,0.8282542288202784,5.525606309243312,6.35386053806359,3.65,54.2245,54.36,1,cpu:tdp_estimate;gpu:nvml,0.0,3.176930269031795e-07,0.0,3.176930269031795e-07,8.426870740137387e-07,16.853741480274778,,,,,,,3.0,1024.0,5.525606309243312,14.656780661122841
